  0
SECTION
  2
HEADER
  9
$ACADVER
  1
AC1021
  9
$ACADMAINTVER
 70
    50
  9
$DWGCODEPAGE
  3
ANSI_936
  9
$LASTSAVEDBY
  1
Lewis
  9
$INSBASE
 10
0.0
 20
0.0
 30
0.0
  9
$EXTMIN
 10
-0.1449959000000001
 20
-0.1511802714001531
 30
0.0
  9
$EXTMAX
 10
47.0463626
 20
16.08001356
 30
0.0
  9
$LIMMIN
 10
-8.790274519999998
 20
-4.60000096
  9
$LIMMAX
 10
47.0463626
 20
16.08001356
  9
$ORTHOMODE
 70
     0
  9
$REGENMODE
 70
     1
  9
$FILLMODE
 70
     1
  9
$QTEXTMODE
 70
     0
  9
$MIRRTEXT
 70
     1
  9
$LTSCALE
 40
1.0
  9
$ATTMODE
 70
     1
  9
$TEXTSIZE
 40
2.5
  9
$TRACEWID
 40
1.0
  9
$TEXTSTYLE
  7
Standard
  9
$CLAYER
  8
0
  9
$CELTYPE
  6
ByLayer
  9
$CECOLOR
 62
   256
  9
$CELTSCALE
 40
1.0
  9
$DISPSILH
 70
     0
  9
$DIMSCALE
 40
1.0
  9
$DIMASZ
 40
2.5
  9
$DIMEXO
 40
0.625
  9
$DIMDLI
 40
3.75
  9
$DIMRND
 40
0.0
  9
$DIMDLE
 40
0.0
  9
$DIMEXE
 40
1.25
  9
$DIMTP
 40
0.0
  9
$DIMTM
 40
0.0
  9
$DIMTXT
 40
2.5
  9
$DIMCEN
 40
2.5
  9
$DIMTSZ
 40
0.0
  9
$DIMTOL
 70
     0
  9
$DIMLIM
 70
     0
  9
$DIMTIH
 70
     0
  9
$DIMTOH
 70
     0
  9
$DIMSE1
 70
     0
  9
$DIMSE2
 70
     0
  9
$DIMTAD
 70
     1
  9
$DIMZIN
 70
     8
  9
$DIMBLK
  1

  9
$DIMASO
 70
     1
  9
$DIMSHO
 70
     1
  9
$DIMPOST
  1

  9
$DIMAPOST
  1

  9
$DIMALT
 70
     0
  9
$DIMALTD
 70
     3
  9
$DIMALTF
 40
0.03937007874016
  9
$DIMLFAC
 40
1.0
  9
$DIMTOFL
 70
     1
  9
$DIMTVP
 40
0.0
  9
$DIMTIX
 70
     0
  9
$DIMSOXD
 70
     0
  9
$DIMSAH
 70
     0
  9
$DIMBLK1
  1

  9
$DIMBLK2
  1

  9
$DIMSTYLE
  2
ISO-25
  9
$DIMCLRD
 70
     0
  9
$DIMCLRE
 70
     0
  9
$DIMCLRT
 70
     0
  9
$DIMTFAC
 40
1.0
  9
$DIMGAP
 40
0.625
  9
$DIMJUST
 70
     0
  9
$DIMSD1
 70
     0
  9
$DIMSD2
 70
     0
  9
$DIMTOLJ
 70
     0
  9
$DIMTZIN
 70
     8
  9
$DIMALTZ
 70
     0
  9
$DIMALTTZ
 70
     0
  9
$DIMUPT
 70
     0
  9
$DIMDEC
 70
     2
  9
$DIMTDEC
 70
     2
  9
$DIMALTU
 70
     2
  9
$DIMALTTD
 70
     3
  9
$DIMTXSTY
  7
Standard
  9
$DIMAUNIT
 70
     0
  9
$DIMADEC
 70
     0
  9
$DIMALTRND
 40
0.0
  9
$DIMAZIN
 70
     0
  9
$DIMDSEP
 70
    44
  9
$DIMATFIT
 70
     3
  9
$DIMFRAC
 70
     0
  9
$DIMLDRBLK
  1

  9
$DIMLUNIT
 70
     2
  9
$DIMLWD
 70
    -2
  9
$DIMLWE
 70
    -2
  9
$DIMTMOVE
 70
     0
  9
$DIMFXL
 40
1.0
  9
$DIMFXLON
 70
     0
  9
$DIMJOGANG
 40
0.7853981633974483
  9
$DIMTFILL
 70
     0
  9
$DIMTFILLCLR
 70
     0
  9
$DIMARCSYM
 70
     0
  9
$DIMLTYPE
  6

  9
$DIMLTEX1
  6

  9
$DIMLTEX2
  6

  9
$LUNITS
 70
     2
  9
$LUPREC
 70
     4
  9
$SKETCHINC
 40
1.0
  9
$FILLETRAD
 40
10.0
  9
$AUNITS
 70
     0
  9
$AUPREC
 70
     0
  9
$MENU
  1
.
  9
$ELEVATION
 40
0.0
  9
$PELEVATION
 40
0.0
  9
$THICKNESS
 40
0.0
  9
$LIMCHECK
 70
     0
  9
$CHAMFERA
 40
0.0
  9
$CHAMFERB
 40
0.0
  9
$CHAMFERC
 40
0.0
  9
$CHAMFERD
 40
0.0
  9
$SKPOLY
 70
     0
  9
$TDCREATE
 40
2461246.491643519
  9
$TDUCREATE
 40
2461246.158312199
  9
$TDUPDATE
 40
2461246.492800926
  9
$TDUUPDATE
 40
2461246.159467592
  9
$TDINDWG
 40
0.0005555671
  9
$TDUSRTIMER
 40
0.0005555671
  9
$USRTIMER
 70
     1
  9
$ANGBASE
 50
0.0
  9
$ANGDIR
 70
     0
  9
$PDMODE
 70
     0
  9
$PDSIZE
 40
0.0
  9
$PLINEWID
 40
0.0
  9
$SPLFRAME
 70
     0
  9
$SPLINETYPE
 70
     6
  9
$SPLINESEGS
 70
     8
  9
$HANDSEED
  5
B88
  9
$SURFTAB1
 70
     6
  9
$SURFTAB2
 70
     6
  9
$SURFTYPE
 70
     6
  9
$SURFU
 70
     6
  9
$SURFV
 70
     6
  9
$UCSBASE
  2

  9
$UCSNAME
  2

  9
$UCSORG
 10
0.0
 20
0.0
 30
0.0
  9
$UCSXDIR
 10
1.0
 20
0.0
 30
0.0
  9
$UCSYDIR
 10
0.0
 20
1.0
 30
0.0
  9
$UCSORTHOREF
  2

  9
$UCSORTHOVIEW
 70
     0
  9
$UCSORGTOP
 10
0.0
 20
0.0
 30
0.0
  9
$UCSORGBOTTOM
 10
0.0
 20
0.0
 30
0.0
  9
$UCSORGLEFT
 10
0.0
 20
0.0
 30
0.0
  9
$UCSORGRIGHT
 10
0.0
 20
0.0
 30
0.0
  9
$UCSORGFRONT
 10
0.0
 20
0.0
 30
0.0
  9
$UCSORGBACK
 10
0.0
 20
0.0
 30
0.0
  9
$PUCSBASE
  2

  9
$PUCSNAME
  2

  9
$PUCSORG
 10
0.0
 20
0.0
 30
0.0
  9
$PUCSXDIR
 10
1.0
 20
0.0
 30
0.0
  9
$PUCSYDIR
 10
0.0
 20
1.0
 30
0.0
  9
$PUCSORTHOREF
  2

  9
$PUCSORTHOVIEW
 70
     0
  9
$PUCSORGTOP
 10
0.0
 20
0.0
 30
0.0
  9
$PUCSORGBOTTOM
 10
0.0
 20
0.0
 30
0.0
  9
$PUCSORGLEFT
 10
0.0
 20
0.0
 30
0.0
  9
$PUCSORGRIGHT
 10
0.0
 20
0.0
 30
0.0
  9
$PUCSORGFRONT
 10
0.0
 20
0.0
 30
0.0
  9
$PUCSORGBACK
 10
0.0
 20
0.0
 30
0.0
  9
$USERI1
 70
     0
  9
$USERI2
 70
     0
  9
$USERI3
 70
     0
  9
$USERI4
 70
     0
  9
$USERI5
 70
     0
  9
$USERR1
 40
0.0
  9
$USERR2
 40
0.0
  9
$USERR3
 40
0.0
  9
$USERR4
 40
0.0
  9
$USERR5
 40
0.0
  9
$WORLDVIEW
 70
     1
  9
$SHADEDGE
 70
     3
  9
$SHADEDIF
 70
    70
  9
$TILEMODE
 70
     1
  9
$MAXACTVP
 70
    64
  9
$PINSBASE
 10
0.0
 20
0.0
 30
0.0
  9
$PLIMCHECK
 70
     0
  9
$PEXTMIN
 10
1.000000000000000E+20
 20
1.000000000000000E+20
 30
1.000000000000000E+20
  9
$PEXTMAX
 10
-1.000000000000000E+20
 20
-1.000000000000000E+20
 30
-1.000000000000000E+20
  9
$PLIMMIN
 10
0.0
 20
0.0
  9
$PLIMMAX
 10
420.0
 20
297.0
  9
$UNITMODE
 70
     0
  9
$VISRETAIN
 70
     1
  9
$PLINEGEN
 70
     0
  9
$PSLTSCALE
 70
     1
  9
$TREEDEPTH
 70
  3020
  9
$CMLSTYLE
  2
Standard
  9
$CMLJUST
 70
     0
  9
$CMLSCALE
 40
20.0
  9
$PROXYGRAPHICS
 70
     1
  9
$MEASUREMENT
 70
     1
  9
$CELWEIGHT
370
    -1
  9
$ENDCAPS
280
     0
  9
$JOINSTYLE
280
     0
  9
$LWDISPLAY
290
     0
  9
$INSUNITS
 70
     4
  9
$HYPERLINKBASE
  1

  9
$STYLESHEET
  1

  9
$XEDIT
290
     1
  9
$CEPSNTYPE
380
     0
  9
$PSTYLEMODE
290
     1
  9
$FINGERPRINTGUID
  2
{4E56FF4F-2BFE-475B-AC9C-F7C4C2877F90}
  9
$VERSIONGUID
  2
{E06E6041-E9BA-094C-AC82-D9E61561AE52}
  9
$EXTNAMES
290
     1
  9
$PSVPSCALE
 40
0.0
  9
$OLESTARTUP
290
     0
  9
$SORTENTS
280
   127
  9
$INDEXCTL
280
     0
  9
$HIDETEXT
280
     1
  9
$XCLIPFRAME
290
     0
  9
$HALOGAP
280
     0
  9
$OBSCOLOR
 70
   257
  9
$OBSLTYPE
280
     0
  9
$INTERSECTIONDISPLAY
280
     0
  9
$INTERSECTIONCOLOR
 70
   257
  9
$DIMASSOC
280
     2
  9
$PROJECTNAME
  1

  9
$CAMERADISPLAY
290
     0
  9
$LENSLENGTH
 40
50.0
  9
$CAMERAHEIGHT
 40
0.0
  9
$STEPSPERSEC
 40
2.0
  9
$STEPSIZE
 40
6.0
  9
$3DDWFPREC
 40
2.0
  9
$PSOLWIDTH
 40
5.0
  9
$PSOLHEIGHT
 40
80.0
  9
$LOFTANG1
 40
1.570796326794897
  9
$LOFTANG2
 40
1.570796326794897
  9
$LOFTMAG1
 40
0.0
  9
$LOFTMAG2
 40
0.0
  9
$LOFTPARAM
 70
     7
  9
$LOFTNORMALS
280
     1
  9
$LATITUDE
 40
37.795
  9
$LONGITUDE
 40
-122.394
  9
$NORTHDIRECTION
 40
0.0
  9
$TIMEZONE
 70
 -8000
  9
$LIGHTGLYPHDISPLAY
280
     1
  9
$TILEMODELIGHTSYNCH
280
     1
  9
$CMATERIAL
347
44
  9
$SOLIDHIST
280
     0
  9
$SHOWHIST
280
     1
  9
$DWFFRAME
280
     2
  9
$DGNFRAME
280
     2
  9
$REALWORLDSCALE
290
     1
  9
$INTERFERECOLOR
 62
   256
  9
$INTERFEREOBJVS
345
33
  9
$INTERFEREVPVS
346
30
  9
$CSHADOW
280
     0
  9
$SHADOWPLANELOCATION
 40
0.0
  0
ENDSEC
  0
SECTION
  2
CLASSES
  0
CLASS
  1
ACDBDICTIONARYWDFLT
  2
AcDbDictionaryWithDefault
  3
ObjectDBX Classes
 90
        0
 91
        1
280
     0
281
     0
  0
CLASS
  1
VISUALSTYLE
  2
AcDbVisualStyle
  3
ObjectDBX Classes
 90
     4095
 91
       24
280
     0
281
     0
  0
CLASS
  1
MATERIAL
  2
AcDbMaterial
  3
ObjectDBX Classes
 90
     1153
 91
        3
280
     0
281
     0
  0
CLASS
  1
SCALE
  2
AcDbScale
  3
ObjectDBX Classes
 90
     1153
 91
       33
280
     0
281
     0
  0
CLASS
  1
TABLESTYLE
  2
AcDbTableStyle
  3
ObjectDBX Classes
 90
     4095
 91
        1
280
     0
281
     0
  0
CLASS
  1
MLEADERSTYLE
  2
AcDbMLeaderStyle
  3
ACDB_MLEADERSTYLE_CLASS
 90
     4095
 91
        1
280
     0
281
     0
  0
CLASS
  1
SUN
  2
AcDbSun
  3
SCENEOE
 90
     1153
 91
        1
280
     0
281
     0
  0
CLASS
  1
DICTIONARYVAR
  2
AcDbDictionaryVar
  3
ObjectDBX Classes
 90
        0
 91
        9
280
     0
281
     0
  0
CLASS
  1
CELLSTYLEMAP
  2
AcDbCellStyleMap
  3
ObjectDBX Classes
 90
     1152
 91
        2
280
     0
281
     0
  0
CLASS
  1
ACDBSECTIONVIEWSTYLE
  2
AcDbSectionViewStyle
  3
ObjectDBX Classes
 90
     1025
 91
        1
280
     0
281
     0
  0
CLASS
  1
ACDBDETAILVIEWSTYLE
  2
AcDbDetailViewStyle
  3
ObjectDBX Classes
 90
     1025
 91
        1
280
     0
281
     0
  0
ENDSEC
  0
SECTION
  2
TABLES
  0
TABLE
  2
VPORT
  5
8
330
0
100
AcDbSymbolTable
 70
     1
  0
VPORT
  5
29
330
8
100
AcDbSymbolTableRecord
100
AcDbViewportTableRecord
  2
*Active
 70
     0
 10
0.0
 20
0.0
 11
1.0
 21
1.0
 12
18.80600322254236
 22
4.786369249241115
 13
0.0
 23
0.0
 14
10.0
 24
10.0
 15
10.0
 25
10.0
 16
0.0
 26
0.0
 36
1.0
 17
0.0
 27
0.0
 37
0.0
 40
37.50268147082323
 41
2.266371681415929
 42
50.0
 43
0.0
 44
0.0
 50
0.0
 51
0.0
 71
     0
 72
   100
 73
     1
 74
     3
 75
     0
 76
     0
 77
     0
 78
     0
281
     0
 65
     1
110
0.0
120
0.0
130
0.0
111
1.0
121
0.0
131
0.0
112
0.0
122
1.0
132
0.0
 79
     0
146
0.0
348
2F
 60
     3
 61
     5
292
     1
282
     1
141
0.0
142
0.0
 63
   250
361
6D
1001
ACAD_NAV_VCDISPLAY
1070
     3
  0
ENDTAB
  0
TABLE
  2
LTYPE
  5
5
330
0
100
AcDbSymbolTable
 70
     1
  0
LTYPE
  5
14
330
5
100
AcDbSymbolTableRecord
100
AcDbLinetypeTableRecord
  2
ByBlock
 70
     0
  3

 72
    65
 73
     0
 40
0.0
  0
LTYPE
  5
15
330
5
100
AcDbSymbolTableRecord
100
AcDbLinetypeTableRecord
  2
ByLayer
 70
     0
  3

 72
    65
 73
     0
 40
0.0
  0
LTYPE
  5
16
330
5
100
AcDbSymbolTableRecord
100
AcDbLinetypeTableRecord
  2
Continuous
 70
     0
  3
Solid line
 72
    65
 73
     0
 40
0.0
  0
ENDTAB
  0
TABLE
  2
LAYER
  5
2
330
0
100
AcDbSymbolTable
 70
     6
  0
LAYER
  5
10
330
2
100
AcDbSymbolTableRecord
100
AcDbLayerTableRecord
  2
0
 70
     0
 62
     7
  6
Continuous
370
    -3
390
F
347
46
  0
LAYER
  5
6E
330
2
100
AcDbSymbolTableRecord
100
AcDbLayerTableRecord
  2
TopOverlay
 70
     0
 62
     2
  6
Continuous
370
    -3
390
F
347
46
  0
LAYER
  5
6F
330
2
100
AcDbSymbolTableRecord
100
AcDbLayerTableRecord
  2
KeepOutLayer
 70
     0
 62
     6
  6
Continuous
370
    -3
390
F
347
46
  0
LAYER
  5
70
330
2
100
AcDbSymbolTableRecord
100
AcDbLayerTableRecord
  2
TopPaste
 70
     0
 62
     8
  6
Continuous
370
    -3
390
F
347
46
  0
LAYER
  5
71
330
2
100
AcDbSymbolTableRecord
100
AcDbLayerTableRecord
  2
PadHoleLayer
 70
     0
 62
   156
  6
Continuous
370
    -3
390
F
347
46
  0
LAYER
  5
72
330
2
100
AcDbSymbolTableRecord
100
AcDbLayerTableRecord
  2
ViaHoleLayer
 70
     0
 62
    16
  6
Continuous
370
    -3
390
F
347
46
  0
ENDTAB
  0
TABLE
  2
STYLE
  5
3
330
0
100
AcDbSymbolTable
 70
     3
  0
STYLE
  5
11
330
3
100
AcDbSymbolTableRecord
100
AcDbTextStyleTableRecord
  2
Standard
 70
     0
 40
0.0
 41
1.0
 50
0.0
 71
     0
 42
2.5
  3
txt
  4

  0
STYLE
  5
221
330
3
100
AcDbSymbolTableRecord
100
AcDbTextStyleTableRecord
  2
Consolas
 70
     0
 40
0.2
 41
1.0
 50
0.0
 71
     0
 42
2.5
  3
consolab.ttf
  4

1001
ACAD
1000
Consolas
1071
 33554432
  0
STYLE
  5
224
330
3
100
AcDbSymbolTableRecord
100
AcDbTextStyleTableRecord
  2
Arial
 70
     0
 40
0.2
 41
1.0
 50
0.0
 71
     0
 42
2.5
  3
arialbd.ttf
  4

1001
ACAD
1000
Arial
1071
 33554432
  0
ENDTAB
  0
TABLE
  2
VIEW
  5
6
330
0
100
AcDbSymbolTable
 70
     0
  0
ENDTAB
  0
TABLE
  2
UCS
  5
7
330
0
100
AcDbSymbolTable
 70
     0
  0
ENDTAB
  0
TABLE
  2
APPID
  5
9
330
0
100
AcDbSymbolTable
 70
     4
  0
APPID
  5
12
330
9
100
AcDbSymbolTableRecord
100
AcDbRegAppTableRecord
  2
ACAD
 70
     0
  0
APPID
  5
B04
330
9
100
AcDbSymbolTableRecord
100
AcDbRegAppTableRecord
  2
ACAD_OBJECT_CHANGE_GUID
 70
     0
  0
APPID
  5
B3A
330
9
100
AcDbSymbolTableRecord
100
AcDbRegAppTableRecord
  2
ACAD_MLEADERVER
 70
     0
  0
APPID
  5
B51
330
9
100
AcDbSymbolTableRecord
100
AcDbRegAppTableRecord
  2
ACAD_NAV_VCDISPLAY
 70
     0
  0
ENDTAB
  0
TABLE
  2
DIMSTYLE
  5
A
330
0
100
AcDbSymbolTable
 70
     1
100
AcDbDimStyleTable
 71
     0
  0
DIMSTYLE
105
27
330
A
100
AcDbSymbolTableRecord
100
AcDbDimStyleTableRecord
  2
ISO-25
 70
     0
 41
2.5
 42
0.625
 43
3.75
 44
1.25
 73
     0
 74
     0
 77
     1
 78
     8
140
2.5
141
2.5
143
0.03937007874016
147
0.625
171
     3
172
     1
271
     2
272
     2
274
     3
278
    44
283
     0
284
     8
340
11
  0
ENDTAB
  0
TABLE
  2
BLOCK_RECORD
  5
1
330
0
100
AcDbSymbolTable
 70
    63
  0
BLOCK_RECORD
  5
1F
330
1
100
AcDbSymbolTableRecord
100
AcDbBlockTableRecord
  2
*Model_Space
340
22
 70
     0
280
     1
281
     0
  0
BLOCK_RECORD
  5
1B
330
1
100
AcDbSymbolTableRecord
100
AcDbBlockTableRecord
  2
*Paper_Space
340
1E
 70
     0
280
     1
281
     0
  0
BLOCK_RECORD
  5
23
330
1
100
AcDbSymbolTableRecord
100
AcDbBlockTableRecord
  2
*Paper_Space0
340
26
 70
     0
280
     1
281
     0
  0
BLOCK_RECORD
  5
225
330
1
100
AcDbSymbolTableRecord
100
AcDbBlockTableRecord
  2
RES_0402_1
340
0
102
{BLKREFS
331
248
102
}
 70
     0
280
     1
281
     0
  0
BLOCK_RECORD
  5
249
330
1
100
AcDbSymbolTableRecord
100
AcDbBlockTableRecord
  2
RES_0402_2
340
0
102
{BLKREFS
331
280
102
}
 70
     0
280
     1
281
     0
  0
BLOCK_RECORD
  5
281
330
1
100
AcDbSymbolTableRecord
100
AcDbBlockTableRecord
  2
IPEX1_3
340
0
102
{BLKREFS
331
2A5
102
}
 70
     0
280
     1
281
     0
  0
BLOCK_RECORD
  5
2A6
330
1
100
AcDbSymbolTableRecord
100
AcDbBlockTableRecord
  2
SOD_323F_B_4
340
0
102
{BLKREFS
331
2A9
102
}
 70
     0
280
     1
281
     0
  0
BLOCK_RECORD
  5
2AA
330
1
100
AcDbSymbolTableRecord
100
AcDbBlockTableRecord
  2
4P_1_0___5
340
0
102
{BLKREFS
331
2E3
102
}
 70
     0
280
     1
281
     0
  0
BLOCK_RECORD
  5
2E4
330
1
100
AcDbSymbolTableRecord
100
AcDbBlockTableRecord
  2
ANT_2_4G___DUPLICATE_6
340
0
102
{BLKREFS
331
2FE
102
}
 70
     0
280
     1
281
     0
  0
BLOCK_RECORD
  5
2FF
330
1
100
AcDbSymbolTableRecord
100
AcDbBlockTableRecord
  2
CAP_0402_B_7
340
0
102
{BLKREFS
331
302
102
}
 70
     0
280
     1
281
     0
  0
BLOCK_RECORD
  5
303
330
1
100
AcDbSymbolTableRecord
100
AcDbBlockTableRecord
  2
CAP_0402_B_8
340
0
102
{BLKREFS
331
306
102
}
 70
     0
280
     1
281
     0
  0
BLOCK_RECORD
  5
307
330
1
100
AcDbSymbolTableRecord
100
AcDbBlockTableRecord
  2
CAP_0402_B_9
340
0
102
{BLKREFS
331
30A
102
}
 70
     0
280
     1
281
     0
  0
BLOCK_RECORD
  5
30B
330
1
100
AcDbSymbolTableRecord
100
AcDbBlockTableRecord
  2
RES_0402_B_10
340
0
102
{BLKREFS
331
30E
102
}
 70
     0
280
     1
281
     0
  0
BLOCK_RECORD
  5
30F
330
1
100
AcDbSymbolTableRecord
100
AcDbBlockTableRecord
  2
RES_0402_B_11
340
0
102
{BLKREFS
331
312
102
}
 70
     0
280
     1
281
     0
  0
BLOCK_RECORD
  5
313
330
1
100
AcDbSymbolTableRecord
100
AcDbBlockTableRecord
  2
RES_0402_12
340
0
102
{BLKREFS
331
336
102
}
 70
     0
280
     1
281
     0
  0
BLOCK_RECORD
  5
337
330
1
100
AcDbSymbolTableRecord
100
AcDbBlockTableRecord
  2
RES_0402_B_13
340
0
102
{BLKREFS
331
33A
102
}
 70
     0
280
     1
281
     0
  0
BLOCK_RECORD
  5
33B
330
1
100
AcDbSymbolTableRecord
100
AcDbBlockTableRecord
  2
RES_0402_B_14
340
0
102
{BLKREFS
331
33E
102
}
 70
     0
280
     1
281
     0
  0
BLOCK_RECORD
  5
33F
330
1
100
AcDbSymbolTableRecord
100
AcDbBlockTableRecord
  2
RES_0402_B_15
340
0
102
{BLKREFS
331
342
102
}
 70
     0
280
     1
281
     0
  0
BLOCK_RECORD
  5
343
330
1
100
AcDbSymbolTableRecord
100
AcDbBlockTableRecord
  2
RES_0402_B_16
340
0
102
{BLKREFS
331
346
102
}
 70
     0
280
     1
281
     0
  0
BLOCK_RECORD
  5
347
330
1
100
AcDbSymbolTableRecord
100
AcDbBlockTableRecord
  2
RES_0402_B_17
340
0
102
{BLKREFS
331
34A
102
}
 70
     0
280
     1
281
     0
  0
BLOCK_RECORD
  5
34B
330
1
100
AcDbSymbolTableRecord
100
AcDbBlockTableRecord
  2
RES_0402_B_18
340
0
102
{BLKREFS
331
34E
102
}
 70
     0
280
     1
281
     0
  0
BLOCK_RECORD
  5
34F
330
1
100
AcDbSymbolTableRecord
100
AcDbBlockTableRecord
  2
APA102_19
340
0
102
{BLKREFS
331
376
102
}
 70
     0
280
     1
281
     0
  0
BLOCK_RECORD
  5
377
330
1
100
AcDbSymbolTableRecord
100
AcDbBlockTableRecord
  2
QFN_56_7_7_20
340
0
102
{BLKREFS
331
506
102
}
 70
     0
280
     1
281
     0
  0
BLOCK_RECORD
  5
507
330
1
100
AcDbSymbolTableRecord
100
AcDbBlockTableRecord
  2
WSON_8_21
340
0
102
{BLKREFS
331
549
102
}
 70
     0
280
     1
281
     0
  0
BLOCK_RECORD
  5
54A
330
1
100
AcDbSymbolTableRecord
100
AcDbBlockTableRecord
  2
SMD_2016_22
340
0
102
{BLKREFS
331
57A
102
}
 70
     0
280
     1
281
     0
  0
BLOCK_RECORD
  5
57B
330
1
100
AcDbSymbolTableRecord
100
AcDbBlockTableRecord
  2
SOT23_5_B_23
340
0
102
{BLKREFS
331
57E
102
}
 70
     0
280
     1
281
     0
  0
BLOCK_RECORD
  5
57F
330
1
100
AcDbSymbolTableRecord
100
AcDbBlockTableRecord
  2
RES_0402_24
340
0
 70
     0
280
     1
281
     0
  0
BLOCK_RECORD
  5
5A3
330
1
100
AcDbSymbolTableRecord
100
AcDbBlockTableRecord
  2
RES_0402_25
340
0
102
{BLKREFS
331
5DA
102
}
 70
     0
280
     1
281
     0
  0
BLOCK_RECORD
  5
5DB
330
1
100
AcDbSymbolTableRecord
100
AcDbBlockTableRecord
  2
RES_0402_26
340
0
102
{BLKREFS
331
5FE
102
}
 70
     0
280
     1
281
     0
  0
BLOCK_RECORD
  5
5FF
330
1
100
AcDbSymbolTableRecord
100
AcDbBlockTableRecord
  2
RES_0402_27
340
0
102
{BLKREFS
331
622
102
}
 70
     0
280
     1
281
     0
  0
BLOCK_RECORD
  5
623
330
1
100
AcDbSymbolTableRecord
100
AcDbBlockTableRecord
  2
RES_0402_28
340
0
102
{BLKREFS
331
646
102
}
 70
     0
280
     1
281
     0
  0
BLOCK_RECORD
  5
647
330
1
100
AcDbSymbolTableRecord
100
AcDbBlockTableRecord
  2
RES_0402_B_29
340
0
102
{BLKREFS
331
64A
102
}
 70
     0
280
     1
281
     0
  0
BLOCK_RECORD
  5
64B
330
1
100
AcDbSymbolTableRecord
100
AcDbBlockTableRecord
  2
SOD_523_3_B_30
340
0
102
{BLKREFS
331
64E
102
}
 70
     0
280
     1
281
     0
  0
BLOCK_RECORD
  5
64F
330
1
100
AcDbSymbolTableRecord
100
AcDbBlockTableRecord
  2
USB_3_0_TYPE_A_TF_31
340
0
102
{BLKREFS
331
718
102
}
 70
     0
280
     1
281
     0
  0
BLOCK_RECORD
  5
719
330
1
100
AcDbSymbolTableRecord
100
AcDbBlockTableRecord
  2
RES_0402_32
340
0
102
{BLKREFS
331
73C
102
}
 70
     0
280
     1
281
     0
  0
BLOCK_RECORD
  5
73D
330
1
100
AcDbSymbolTableRecord
100
AcDbBlockTableRecord
  2
RES_0402_33
340
0
102
{BLKREFS
331
760
102
}
 70
     0
280
     1
281
     0
  0
BLOCK_RECORD
  5
761
330
1
100
AcDbSymbolTableRecord
100
AcDbBlockTableRecord
  2
KEY_SMD_4P_34
340
0
102
{BLKREFS
331
797
102
}
 70
     0
280
     1
281
     0
  0
BLOCK_RECORD
  5
798
330
1
100
AcDbSymbolTableRecord
100
AcDbBlockTableRecord
  2
FPC_8P_____B_35
340
0
102
{BLKREFS
331
79B
102
}
 70
     0
280
     1
281
     0
  0
BLOCK_RECORD
  5
79C
330
1
100
AcDbSymbolTableRecord
100
AcDbBlockTableRecord
  2
ESD_36
340
0
102
{BLKREFS
331
7AB
102
}
 70
     0
280
     1
281
     0
  0
BLOCK_RECORD
  5
7AC
330
1
100
AcDbSymbolTableRecord
100
AcDbBlockTableRecord
  2
ESD_37
340
0
102
{BLKREFS
331
7BB
102
}
 70
     0
280
     1
281
     0
  0
BLOCK_RECORD
  5
7BC
330
1
100
AcDbSymbolTableRecord
100
AcDbBlockTableRecord
  2
CAP_0402_38
340
0
102
{BLKREFS
331
7F3
102
}
 70
     0
280
     1
281
     0
  0
BLOCK_RECORD
  5
7F4
330
1
100
AcDbSymbolTableRecord
100
AcDbBlockTableRecord
  2
CAP_0402_39
340
0
102
{BLKREFS
331
82B
102
}
 70
     0
280
     1
281
     0
  0
BLOCK_RECORD
  5
82C
330
1
100
AcDbSymbolTableRecord
100
AcDbBlockTableRecord
  2
CAP_0402_40
340
0
 70
     0
280
     1
281
     0
  0
BLOCK_RECORD
  5
850
330
1
100
AcDbSymbolTableRecord
100
AcDbBlockTableRecord
  2
CAP_0402_B_41
340
0
102
{BLKREFS
331
853
102
}
 70
     0
280
     1
281
     0
  0
BLOCK_RECORD
  5
854
330
1
100
AcDbSymbolTableRecord
100
AcDbBlockTableRecord
  2
CAP_0402_42
340
0
102
{BLKREFS
331
88B
102
}
 70
     0
280
     1
281
     0
  0
BLOCK_RECORD
  5
88C
330
1
100
AcDbSymbolTableRecord
100
AcDbBlockTableRecord
  2
CAP_0402_B_43
340
0
102
{BLKREFS
331
88F
102
}
 70
     0
280
     1
281
     0
  0
BLOCK_RECORD
  5
890
330
1
100
AcDbSymbolTableRecord
100
AcDbBlockTableRecord
  2
CAP_0402_B_44
340
0
102
{BLKREFS
331
893
102
}
 70
     0
280
     1
281
     0
  0
BLOCK_RECORD
  5
894
330
1
100
AcDbSymbolTableRecord
100
AcDbBlockTableRecord
  2
CAP_0402_45
340
0
102
{BLKREFS
331
8CB
102
}
 70
     0
280
     1
281
     0
  0
BLOCK_RECORD
  5
8CC
330
1
100
AcDbSymbolTableRecord
100
AcDbBlockTableRecord
  2
CAP_0402_46
340
0
102
{BLKREFS
331
903
102
}
 70
     0
280
     1
281
     0
  0
BLOCK_RECORD
  5
904
330
1
100
AcDbSymbolTableRecord
100
AcDbBlockTableRecord
  2
CAP_0402_47
340
0
102
{BLKREFS
331
93B
102
}
 70
     0
280
     1
281
     0
  0
BLOCK_RECORD
  5
93C
330
1
100
AcDbSymbolTableRecord
100
AcDbBlockTableRecord
  2
CAP_0402_48
340
0
102
{BLKREFS
331
973
102
}
 70
     0
280
     1
281
     0
  0
BLOCK_RECORD
  5
974
330
1
100
AcDbSymbolTableRecord
100
AcDbBlockTableRecord
  2
CAP_0402_49
340
0
102
{BLKREFS
331
9AB
102
}
 70
     0
280
     1
281
     0
  0
BLOCK_RECORD
  5
9AC
330
1
100
AcDbSymbolTableRecord
100
AcDbBlockTableRecord
  2
CAP_0603_50
340
0
102
{BLKREFS
331
9E3
102
}
 70
     0
280
     1
281
     0
  0
BLOCK_RECORD
  5
9E4
330
1
100
AcDbSymbolTableRecord
100
AcDbBlockTableRecord
  2
CAP_0402_B_51
340
0
102
{BLKREFS
331
9E7
102
}
 70
     0
280
     1
281
     0
  0
BLOCK_RECORD
  5
9E8
330
1
100
AcDbSymbolTableRecord
100
AcDbBlockTableRecord
  2
CAP_0402_52
340
0
102
{BLKREFS
331
A1F
102
}
 70
     0
280
     1
281
     0
  0
BLOCK_RECORD
  5
A20
330
1
100
AcDbSymbolTableRecord
100
AcDbBlockTableRecord
  2
CAP_0402_53
340
0
102
{BLKREFS
331
A57
102
}
 70
     0
280
     1
281
     0
  0
BLOCK_RECORD
  5
A58
330
1
100
AcDbSymbolTableRecord
100
AcDbBlockTableRecord
  2
CAP_0402_54
340
0
 70
     0
280
     1
281
     0
  0
BLOCK_RECORD
  5
A7C
330
1
100
AcDbSymbolTableRecord
100
AcDbBlockTableRecord
  2
CAP_0402_55
340
0
102
{BLKREFS
331
AB3
102
}
 70
     0
280
     1
281
     0
  0
BLOCK_RECORD
  5
AB4
330
1
100
AcDbSymbolTableRecord
100
AcDbBlockTableRecord
  2
CAP_0402_B_56
340
0
102
{BLKREFS
331
AB7
102
}
 70
     0
280
     1
281
     0
  0
BLOCK_RECORD
  5
AB8
330
1
100
AcDbSymbolTableRecord
100
AcDbBlockTableRecord
  2
CAP_0402_57
340
0
102
{BLKREFS
331
AEF
102
}
 70
     0
280
     1
281
     0
  0
BLOCK_RECORD
  5
AF0
330
1
100
AcDbSymbolTableRecord
100
AcDbBlockTableRecord
  2
CAP_0402_B_58
340
0
102
{BLKREFS
331
AF3
102
}
 70
     0
280
     1
281
     0
  0
BLOCK_RECORD
  5
AF4
330
1
100
AcDbSymbolTableRecord
100
AcDbBlockTableRecord
  2
CAP_0402_B_59
340
0
102
{BLKREFS
331
AF7
102
}
 70
     0
280
     1
281
     0
  0
BLOCK_RECORD
  5
AF8
330
1
100
AcDbSymbolTableRecord
100
AcDbBlockTableRecord
  2
CAP_0402_B_60
340
0
102
{BLKREFS
331
AFB
102
}
 70
     0
280
     1
281
     0
  0
BLOCK_RECORD
  5
AFC
330
1
100
AcDbSymbolTableRecord
100
AcDbBlockTableRecord
  2
CAP_0402_B_61
340
0
102
{BLKREFS
331
AFF
102
}
 70
     0
280
     1
281
     0
  0
BLOCK_RECORD
  5
B00
330
1
100
AcDbSymbolTableRecord
100
AcDbBlockTableRecord
  2
CAP_0402_B_62
340
0
102
{BLKREFS
331
B03
102
}
 70
     0
280
     1
281
     0
  0
ENDTAB
  0
ENDSEC
  0
SECTION
  2
BLOCKS
  0
BLOCK
  5
20
330
1F
100
AcDbEntity
  8
0
100
AcDbBlockBegin
  2
*Model_Space
 70
     0
 10
0.0
 20
0.0
 30
0.0
  3
*Model_Space
  1

  0
ENDBLK
  5
21
330
1F
100
AcDbEntity
  8
0
100
AcDbBlockEnd
  0
BLOCK
  5
1C
330
1B
100
AcDbEntity
 67
     1
  8
0
100
AcDbBlockBegin
  2
*Paper_Space
 70
     0
 10
0.0
 20
0.0
 30
0.0
  3
*Paper_Space
  1

  0
ENDBLK
  5
1D
330
1B
100
AcDbEntity
 67
     1
  8
0
100
AcDbBlockEnd
  0
BLOCK
  5
24
330
23
100
AcDbEntity
 67
     1
  8
0
100
AcDbBlockBegin
  2
*Paper_Space0
 70
     0
 10
0.0
 20
0.0
 30
0.0
  3
*Paper_Space0
  1

  0
ENDBLK
  5
25
330
23
100
AcDbEntity
 67
     1
  8
0
100
AcDbBlockEnd
  0
BLOCK
  5
226
330
225
100
AcDbEntity
  8
0
100
AcDbBlockBegin
  2
RES_0402_1
 70
     0
 10
0.0
 20
0.0
 30
0.0
  3
RES_0402_1
  1

  0
LWPOLYLINE
  5
228
330
225
100
AcDbEntity
  8
TopOverlay
100
AcDbPolyline
 90
        2
 70
     0
 43
0.0254
 10
-0.1651
 20
-0.2413
 10
0.1651
 20
-0.2413
  0
LWPOLYLINE
  5
229
330
225
100
AcDbEntity
  8
TopOverlay
100
AcDbPolyline
 90
        2
 70
     1
 43
0.0127
 10
-0.17145
 20
-0.2413
 42
1.0
 10
-0.15875
 20
-0.2413
 42
1.0
  0
LWPOLYLINE
  5
22A
330
225
100
AcDbEntity
  8
TopOverlay
100
AcDbPolyline
 90
        2
 70
     1
 43
0.0127
 10
0.15875
 20
-0.2413
 42
1.0
 10
0.17145
 20
-0.2413
 42
1.0
  0
LWPOLYLINE
  5
22B
330
225
100
AcDbEntity
  8
TopOverlay
100
AcDbPolyline
 90
        2
 70
     0
 43
0.0254
 10
-0.16509746
 20
-0.1524
 10
-0.1651
 20
-0.2413
  0
LWPOLYLINE
  5
22C
330
225
100
AcDbEntity
  8
TopOverlay
100
AcDbPolyline
 90
        2
 70
     1
 43
0.0127
 10
-0.17144746
 20
-0.1524
 42
1.0
 10
-0.15874746
 20
-0.1524
 42
1.0
  0
LWPOLYLINE
  5
22D
330
225
100
AcDbEntity
  8
TopOverlay
100
AcDbPolyline
 90
        2
 70
     1
 43
0.0127
 10
-0.17145
 20
-0.2413
 42
1.0
 10
-0.15875
 20
-0.2413
 42
1.0
  0
LWPOLYLINE
  5
22E
330
225
100
AcDbEntity
  8
TopOverlay
100
AcDbPolyline
 90
        2
 70
     0
 43
0.0254
 10
-0.16509746
 20
-0.1524
 10
0.16509746
 20
-0.1524
  0
LWPOLYLINE
  5
22F
330
225
100
AcDbEntity
  8
TopOverlay
100
AcDbPolyline
 90
        2
 70
     1
 43
0.0127
 10
-0.17144746
 20
-0.1524
 42
1.0
 10
-0.15874746
 20
-0.1524
 42
1.0
  0
LWPOLYLINE
  5
230
330
225
100
AcDbEntity
  8
TopOverlay
100
AcDbPolyline
 90
        2
 70
     1
 43
0.0127
 10
0.15874746
 20
-0.1524
 42
1.0
 10
0.17144746
 20
-0.1524
 42
1.0
  0
LWPOLYLINE
  5
231
330
225
100
AcDbEntity
  8
TopOverlay
100
AcDbPolyline
 90
        2
 70
     0
 43
0.0254
 10
0.16509746
 20
-0.1524
 10
0.1651
 20
-0.2413
  0
LWPOLYLINE
  5
232
330
225
100
AcDbEntity
  8
TopOverlay
100
AcDbPolyline
 90
        2
 70
     1
 43
0.0127
 10
0.15874746
 20
-0.1524
 42
1.0
 10
0.17144746
 20
-0.1524
 42
1.0
  0
LWPOLYLINE
  5
233
330
225
100
AcDbEntity
  8
TopOverlay
100
AcDbPolyline
 90
        2
 70
     1
 43
0.0127
 10
0.15875
 20
-0.2413
 42
1.0
 10
0.17145
 20
-0.2413
 42
1.0
  0
LWPOLYLINE
  5
234
330
225
100
AcDbEntity
  8
TopOverlay
100
AcDbPolyline
 90
        2
 70
     0
 43
0.0254
 10
-0.1651
 20
0.2413
 10
-0.1651
 20
0.1524
  0
LWPOLYLINE
  5
235
330
225
100
AcDbEntity
  8
TopOverlay
100
AcDbPolyline
 90
        2
 70
     1
 43
0.0127
 10
-0.17145
 20
0.2413
 42
1.0
 10
-0.15875
 20
0.2413
 42
1.0
  0
LWPOLYLINE
  5
236
330
225
100
AcDbEntity
  8
TopOverlay
100
AcDbPolyline
 90
        2
 70
     1
 43
0.0127
 10
-0.17145
 20
0.1524
 42
1.0
 10
-0.15875
 20
0.1524
 42
1.0
  0
LWPOLYLINE
  5
237
330
225
100
AcDbEntity
  8
TopOverlay
100
AcDbPolyline
 90
        2
 70
     0
 43
0.0254
 10
-0.1651
 20
0.1524
 10
0.1651
 20
0.1524
  0
LWPOLYLINE
  5
238
330
225
100
AcDbEntity
  8
TopOverlay
100
AcDbPolyline
 90
        2
 70
     1
 43
0.0127
 10
-0.17145
 20
0.1524
 42
1.0
 10
-0.15875
 20
0.1524
 42
1.0
  0
LWPOLYLINE
  5
239
330
225
100
AcDbEntity
  8
TopOverlay
100
AcDbPolyline
 90
        2
 70
     1
 43
0.0127
 10
0.15875
 20
0.1524
 42
1.0
 10
0.17145
 20
0.1524
 42
1.0
  0
LWPOLYLINE
  5
23A
330
225
100
AcDbEntity
  8
TopOverlay
100
AcDbPolyline
 90
        2
 70
     0
 43
0.0254
 10
0.1651
 20
0.2413
 10
0.1651
 20
0.1524
  0
LWPOLYLINE
  5
23B
330
225
100
AcDbEntity
  8
TopOverlay
100
AcDbPolyline
 90
        2
 70
     1
 43
0.0127
 10
0.15875
 20
0.2413
 42
1.0
 10
0.17145
 20
0.2413
 42
1.0
  0
LWPOLYLINE
  5
23C
330
225
100
AcDbEntity
  8
TopOverlay
100
AcDbPolyline
 90
        2
 70
     1
 43
0.0127
 10
0.15875
 20
0.1524
 42
1.0
 10
0.17145
 20
0.1524
 42
1.0
  0
LWPOLYLINE
  5
23D
330
225
100
AcDbEntity
  8
TopOverlay
100
AcDbPolyline
 90
        2
 70
     0
 43
0.0254
 10
-0.1651
 20
0.2413
 10
0.1651
 20
0.2413
  0
LWPOLYLINE
  5
23E
330
225
100
AcDbEntity
  8
TopOverlay
100
AcDbPolyline
 90
        2
 70
     1
 43
0.0127
 10
-0.17145
 20
0.2413
 42
1.0
 10
-0.15875
 20
0.2413
 42
1.0
  0
LWPOLYLINE
  5
23F
330
225
100
AcDbEntity
  8
TopOverlay
100
AcDbPolyline
 90
        2
 70
     1
 43
0.0127
 10
0.15875
 20
0.2413
 42
1.0
 10
0.17145
 20
0.2413
 42
1.0
  0
LINE
  5
240
330
225
100
AcDbEntity
  8
TopOverlay
100
AcDbLine
 10
0.16509746
 20
-0.1524
 30
0.0
 11
0.1651
 21
-0.2413
 31
0.0
  0
LINE
  5
241
330
225
100
AcDbEntity
  8
TopOverlay
100
AcDbLine
 10
0.1651
 20
-0.2413
 30
0.0
 11
-0.1651
 21
-0.2413
 31
0.0
  0
LINE
  5
242
330
225
100
AcDbEntity
  8
TopOverlay
100
AcDbLine
 10
-0.1651
 20
-0.2413
 30
0.0
 11
-0.16509746
 21
-0.1524
 31
0.0
  0
LINE
  5
243
330
225
100
AcDbEntity
  8
TopOverlay
100
AcDbLine
 10
-0.16509746
 20
-0.1524
 30
0.0
 11
0.16509746
 21
-0.1524
 31
0.0
  0
LINE
  5
244
330
225
100
AcDbEntity
  8
TopOverlay
100
AcDbLine
 10
-0.1651
 20
0.1524
 30
0.0
 11
-0.1651
 21
0.2413
 31
0.0
  0
LINE
  5
245
330
225
100
AcDbEntity
  8
TopOverlay
100
AcDbLine
 10
-0.1651
 20
0.2413
 30
0.0
 11
0.1651
 21
0.2413
 31
0.0
  0
LINE
  5
246
330
225
100
AcDbEntity
  8
TopOverlay
100
AcDbLine
 10
0.1651
 20
0.2413
 30
0.0
 11
0.1651
 21
0.1524
 31
0.0
  0
LINE
  5
247
330
225
100
AcDbEntity
  8
TopOverlay
100
AcDbLine
 10
0.1651
 20
0.1524
 30
0.0
 11
-0.1651
 21
0.1524
 31
0.0
  0
ENDBLK
  5
227
330
225
100
AcDbEntity
  8
0
100
AcDbBlockEnd
  0
BLOCK
  5
24A
330
249
100
AcDbEntity
  8
0
100
AcDbBlockBegin
  2
RES_0402_2
 70
     0
 10
0.0
 20
0.0
 30
0.0
  3
RES_0402_2
  1

  0
LWPOLYLINE
  5
24C
330
249
100
AcDbEntity
  8
TopOverlay
100
AcDbPolyline
 90
        2
 70
     0
 43
0.0254
 10
0.1651
 20
-0.2413
 10
-0.1651
 20
-0.2413
  0
LWPOLYLINE
  5
24D
330
249
100
AcDbEntity
  8
TopOverlay
100
AcDbPolyline
 90
        2
 70
     1
 43
0.0127
 10
0.15875
 20
-0.2413
 42
1.0
 10
0.17145
 20
-0.2413
 42
1.0
  0
LWPOLYLINE
  5
24E
330
249
100
AcDbEntity
  8
TopOverlay
100
AcDbPolyline
 90
        2
 70
     1
 43
0.0127
 10
-0.17145
 20
-0.2413
 42
1.0
 10
-0.15875
 20
-0.2413
 42
1.0
  0
LWPOLYLINE
  5
24F
330
249
100
AcDbEntity
  8
TopOverlay
100
AcDbPolyline
 90
        2
 70
     0
 43
0.0254
 10
-0.1651
 20
-0.2413
 10
-0.16509746
 20
-0.1524
  0
LWPOLYLINE
  5
250
330
249
100
AcDbEntity
  8
TopOverlay
100
AcDbPolyline
 90
        2
 70
     1
 43
0.0127
 10
-0.17145
 20
-0.2413
 42
1.0
 10
-0.15875
 20
-0.2413
 42
1.0
  0
LWPOLYLINE
  5
251
330
249
100
AcDbEntity
  8
TopOverlay
100
AcDbPolyline
 90
        2
 70
     1
 43
0.0127
 10
-0.17144746
 20
-0.1524
 42
1.0
 10
-0.15874746
 20
-0.1524
 42
1.0
  0
LWPOLYLINE
  5
252
330
249
100
AcDbEntity
  8
TopOverlay
100
AcDbPolyline
 90
        2
 70
     0
 43
0.0254
 10
0.16509746
 20
-0.1524
 10
-0.16509746
 20
-0.1524
  0
LWPOLYLINE
  5
253
330
249
100
AcDbEntity
  8
TopOverlay
100
AcDbPolyline
 90
        2
 70
     1
 43
0.0127
 10
0.15874746
 20
-0.1524
 42
1.0
 10
0.17144746
 20
-0.1524
 42
1.0
  0
LWPOLYLINE
  5
254
330
249
100
AcDbEntity
  8
TopOverlay
100
AcDbPolyline
 90
        2
 70
     1
 43
0.0127
 10
-0.17144746
 20
-0.1524
 42
1.0
 10
-0.15874746
 20
-0.1524
 42
1.0
  0
LWPOLYLINE
  5
255
330
249
100
AcDbEntity
  8
TopOverlay
100
AcDbPolyline
 90
        2
 70
     0
 43
0.0254
 10
0.1651
 20
-0.2413
 10
0.16509746
 20
-0.1524
  0
LWPOLYLINE
  5
256
330
249
100
AcDbEntity
  8
TopOverlay
100
AcDbPolyline
 90
        2
 70
     1
 43
0.0127
 10
0.15875
 20
-0.2413
 42
1.0
 10
0.17145
 20
-0.2413
 42
1.0
  0
LWPOLYLINE
  5
257
330
249
100
AcDbEntity
  8
TopOverlay
100
AcDbPolyline
 90
        2
 70
     1
 43
0.0127
 10
0.15874746
 20
-0.1524
 42
1.0
 10
0.17144746
 20
-0.1524
 42
1.0
  0
LWPOLYLINE
  5
258
330
249
100
AcDbEntity
  8
TopOverlay
100
AcDbPolyline
 90
        2
 70
     0
 43
0.0254
 10
-0.1651
 20
0.1524
 10
-0.1651
 20
0.2413
  0
LWPOLYLINE
  5
259
330
249
100
AcDbEntity
  8
TopOverlay
100
AcDbPolyline
 90
        2
 70
     1
 43
0.0127
 10
-0.17145
 20
0.1524
 42
1.0
 10
-0.15875
 20
0.1524
 42
1.0
  0
LWPOLYLINE
  5
25A
330
249
100
AcDbEntity
  8
TopOverlay
100
AcDbPolyline
 90
        2
 70
     1
 43
0.0127
 10
-0.17145
 20
0.2413
 42
1.0
 10
-0.15875
 20
0.2413
 42
1.0
  0
LWPOLYLINE
  5
25B
330
249
100
AcDbEntity
  8
TopOverlay
100
AcDbPolyline
 90
        2
 70
     0
 43
0.0254
 10
0.1651
 20
0.1524
 10
-0.1651
 20
0.1524
  0
LWPOLYLINE
  5
25C
330
249
100
AcDbEntity
  8
TopOverlay
100
AcDbPolyline
 90
        2
 70
     1
 43
0.0127
 10
0.15875
 20
0.1524
 42
1.0
 10
0.17145
 20
0.1524
 42
1.0
  0
LWPOLYLINE
  5
25D
330
249
100
AcDbEntity
  8
TopOverlay
100
AcDbPolyline
 90
        2
 70
     1
 43
0.0127
 10
-0.17145
 20
0.1524
 42
1.0
 10
-0.15875
 20
0.1524
 42
1.0
  0
LWPOLYLINE
  5
25E
330
249
100
AcDbEntity
  8
TopOverlay
100
AcDbPolyline
 90
        2
 70
     0
 43
0.0254
 10
0.1651
 20
0.1524
 10
0.1651
 20
0.2413
  0
LWPOLYLINE
  5
25F
330
249
100
AcDbEntity
  8
TopOverlay
100
AcDbPolyline
 90
        2
 70
     1
 43
0.0127
 10
0.15875
 20
0.1524
 42
1.0
 10
0.17145
 20
0.1524
 42
1.0
  0
LWPOLYLINE
  5
260
330
249
100
AcDbEntity
  8
TopOverlay
100
AcDbPolyline
 90
        2
 70
     1
 43
0.0127
 10
0.15875
 20
0.2413
 42
1.0
 10
0.17145
 20
0.2413
 42
1.0
  0
LWPOLYLINE
  5
261
330
249
100
AcDbEntity
  8
TopOverlay
100
AcDbPolyline
 90
        2
 70
     0
 43
0.0254
 10
0.1651
 20
0.2413
 10
-0.1651
 20
0.2413
  0
LWPOLYLINE
  5
262
330
249
100
AcDbEntity
  8
TopOverlay
100
AcDbPolyline
 90
        2
 70
     1
 43
0.0127
 10
0.15875
 20
0.2413
 42
1.0
 10
0.17145
 20
0.2413
 42
1.0
  0
LWPOLYLINE
  5
263
330
249
100
AcDbEntity
  8
TopOverlay
100
AcDbPolyline
 90
        2
 70
     1
 43
0.0127
 10
-0.17145
 20
0.2413
 42
1.0
 10
-0.15875
 20
0.2413
 42
1.0
  0
REGION
  5
26C
102
{ACAD_REACTORS
330
26D
102
}
330
249
100
AcDbEntity
  8
TopPaste
 62
     8
100
AcDbModelerGeometry
 70
     1
  1
mnmoo kh m mi          
  1
ni ^ *+0;:,4 ^ *+0\^ [ mo ^ LR mmjqnqoqijjlj QK o  
  1
n fqfffffffffffffffjkh:roh nqooooooooooooooooli:rno 
  1
>,27:>;:- {rn rn _nl mmjqnqoqijjlj |
  1
=0;& {rn rn {rn {m {rn {rn |
  1
3*2/ {rn rn {rn {rn {l {n |
  1
,7:33 {rn rn {rn {rn {rn {k {rn {m |
  1
9><: {rn rn {rn {rn {j {l {rn {i 90-(>-; ;0*=3: 0*+ |
  1
300/ {rn rn {rn {rn {h {k |
  1
/3>1:r,*-9><: {rn rn {rn oqjogoooooooooooooohn o o o o n n o o 90-(>-;@) V V V V |
  1
<0:;8: {rn rn {rn {g {f {rn {no 90-(>-; {j {rn |
  1
<0:;8: {rn rn {rn {nn {h {rn {nm 90-(>-; {j {rn |
  1
<0:;8: {rn rn {rn {h {nl {rn {nk 90-(>-; {j {rn |
  1
:;8: {rn rn {rn {nj o {ni nqjhohfilmihfkgfihg {h {nh 90-(>-; _h *1410(1 |
  1
<0:;8: {rn rn {rn {ng {g {rn {nf 90-(>-; {j {rn |
  1
:;8: {rn rn {rn {ni o {mo oqmjkooooooooooooojfn {g {mn 90-(>-; _h *1410(1 |
  1
<0:;8: {rn rn {rn {f {mm {rn {ml 90-(>-; {j {rn |
  1
:;8: {rn rn {rn {mk o {nj oqmjkooooooooooooooli {f {mj 90-(>-; _h *1410(1 |
  1
):-+:' {rn rn {rn {nk m {mi |
  1
):-+:' {rn rn {rn {nm m {mh |
  1
:336/,:r<*-): {rn rn {rn oqlgofffffffffffffkfg roqnmhooooooooooooomfj o o o n roqnmhoooooooooooooong mqhhjjjhjinjimgfnljn:rnh o n V V |
  1
<0:;8: {rn rn {rn {mg {nn {rn {mf 90-(>-; {j {rn |
  1
:;8: {rn rn {rn {mo o {lo nqjhohfilmihfkgfijjg {nn {ln 90-(>-; _h *1410(1 |
  1
):-+:' {rn rn {rn {nf m {lm |
  1
,+->687+r<*-): {rn rn {rn oqlgofffffffffffffkfg roqmjkooooooooooooooli o n o o V V |
  1
<0:;8: {rn rn {rn {nl {mg {rn {ll 90-(>-; {j {rn |
  1
:;8: {rn rn {rn {lk o {mk nqjhohfilmihfkgfilli {nl {lj 90-(>-; _h *1410(1 |
  1
):-+:' {rn rn {rn {nk m {li |
  1
,+->687+r<*-): {rn rn {rn oqmjlfffffffffffffkg oqnmhoooooooooooooong o o rn o V V |
  1
/061+ {rn rn {rn oqmjlfffffffffffffkg roqnmhoooooooooooooong o |
  1
/061+ {rn rn {rn oqlgofffffffffffffkfg roqmjkooooooooooooooli o |
  1
<0:;8: {rn rn {rn {mm {ng {rn {lh 90-(>-; {j {rn |
  1
:;8: {rn rn {rn {lo o {lg oqmjkooooooooooooooli {ng {lf 90-(>-; _h *1410(1 |
  1
):-+:' {rn rn {rn {mf m {ko |
  1
:336/,:r<*-): {rn rn {rn oqiljoooooooooooooogf roqnmifffffffffffffhk o o o n o roqnmhoooooooooooooong o n V V |
  1
/061+ {rn rn {rn oqiljoooooooooooooogf roqmjkooooooooooooooli o |
  1
:;8: {rn rn {rn {kn o {lk oqmjkooooooooooooojfn {mm {km 90-(>-; _h *1410(1 |
  1
):-+:' {rn rn {rn {ml m {kl |
  1
:336/,:r<*-): {rn rn {rn oqlgofffffffffffffkfg oqnmifffffffffffffhk o o o n o oqnmhoooooooooooooong o n V V |
  1
/061+ {rn rn {rn oqmjlfffffffffffffkg oqnmhoooooooooooooong o |
  1
:;8: {rn rn {rn {lg o {kn nqjhohfilmihfkgfijjg {mg {kk 90-(>-; _h *1410(1 |
  1
):-+:' {rn rn {rn {lh m {kj |
  1
,+->687+r<*-): {rn rn {rn oqhimooooooooooooonoh roqnmifffffffffffffhk o o n o V V |
  1
/061+ {rn rn {rn oqhimooooooooooooonoh roqnmifffffffffffffhk o |
  1
):-+:' {rn rn {rn {ll m {ki |
  1
,+->687+r<*-): {rn rn {rn oqiljoooooooooooooogf oqmjkooooooooooooooli o rn o o V V |
  1
/061+ {rn rn {rn oqlgofffffffffffffkfg oqmjkooooooooooooooli o |
  1
:336/,:r<*-): {rn rn {rn oqiljoooooooooooooogf oqnmhooooooooooooomfj o o o n oqnmhoooooooooooooong o o n V V |
  1
/061+ {rn rn {rn oqhimooooooooooooonoh oqnmhooooooooooooomfj o |
  1
/061+ {rn rn {rn oqiljoooooooooooooogf oqmjkooooooooooooooli o |
  0
HATCH
  5
26D
330
249
100
AcDbEntity
  8
TopPaste
 62
     8
100
AcDbHatch
 10
0.0
 20
0.0
 30
0.0
210
0.0
220
0.0
230
1.0
  2
SOLID
 70
     1
 71
     1
 91
        1
 92
        1
 93
        8
 72
     2
 10
0.3809999999999999
 20
-0.127
 40
0.127
 50
180.0
 51
270.0
 73
     1
 72
     1
 10
0.3809999999999999
 20
-0.254
 11
0.635
 21
-0.254
 72
     2
 10
0.635
 20
-0.127
 40
0.127
 50
270.0
 51
360.0
 73
     1
 72
     1
 10
0.762
 20
-0.127
 11
0.762
 21
0.127
 72
     2
 10
0.635
 20
0.127
 40
0.127
 50
0.0
 51
90.0
 73
     1
 72
     1
 10
0.635
 20
0.254
 11
0.3809999999999999
 21
0.254
 72
     2
 10
0.3809999999999999
 20
0.127
 40
0.127
 50
90.0
 51
180.0
 73
     1
 72
     1
 10
0.2539999999999999
 20
0.127
 11
0.2539999999999999
 21
-0.127
 97
        1
330
26C
 75
     0
 76
     1
 98
        0
450
        0
451
        0
460
0.0
461
0.0
452
        0
462
0.0
453
        0
470

  0
REGION
  5
276
102
{ACAD_REACTORS
330
277
102
}
330
249
100
AcDbEntity
  8
TopPaste
 62
     8
100
AcDbModelerGeometry
 70
     1
  1
mnmoo kh m mi          
  1
ni ^ *+0;:,4 ^ *+0\^ [ mo ^ LR mmjqnqoqijjlj QK o  
  1
n fqfffffffffffffffjkh:roh nqooooooooooooooooli:rno 
  1
>,27:>;:- {rn rn _nl mmjqnqoqijjlj |
  1
=0;& {rn rn {rn {m {rn {rn |
  1
3*2/ {rn rn {rn {rn {l {n |
  1
,7:33 {rn rn {rn {rn {rn {k {rn {m |
  1
9><: {rn rn {rn {rn {j {l {rn {i 90-(>-; ;0*=3: 0*+ |
  1
300/ {rn rn {rn {rn {h {k |
  1
/3>1:r,*-9><: {rn rn {rn roqjogoooooooooooooohn o o o o n n o o 90-(>-;@) V V V V |
  1
<0:;8: {rn rn {rn {g {f {rn {no 90-(>-; {j {rn |
  1
<0:;8: {rn rn {rn {nn {h {rn {nm 90-(>-; {j {rn |
  1
<0:;8: {rn rn {rn {h {nl {rn {nk 90-(>-; {j {rn |
  1
:;8: {rn rn {rn {nj o {ni nqjhohfilmihfkgfihg {h {nh 90-(>-; _h *1410(1 |
  1
<0:;8: {rn rn {rn {ng {g {rn {nf 90-(>-; {j {rn |
  1
:;8: {rn rn {rn {ni o {mo oqmjkooooooooooooojfn {g {mn 90-(>-; _h *1410(1 |
  1
<0:;8: {rn rn {rn {f {mm {rn {ml 90-(>-; {j {rn |
  1
:;8: {rn rn {rn {mk o {nj oqmjkooooooooooooooli {f {mj 90-(>-; _h *1410(1 |
  1
):-+:' {rn rn {rn {nk m {mi |
  1
):-+:' {rn rn {rn {nm m {mh |
  1
:336/,:r<*-): {rn rn {rn roqiljoooooooooooooogf roqnmhooooooooooooomfj o o o n roqnmhoooooooooooooong mqhhjjjhjinjimgfnljn:rnh o n V V |
  1
<0:;8: {rn rn {rn {mg {nn {rn {mf 90-(>-; {j {rn |
  1
:;8: {rn rn {rn {mo o {lo nqjhohfilmihfkgfijjg {nn {ln 90-(>-; _h *1410(1 |
  1
):-+:' {rn rn {rn {nf m {lm |
  1
,+->687+r<*-): {rn rn {rn roqiljoooooooooooooogf roqmjkooooooooooooooli o n o o V V |
  1
<0:;8: {rn rn {rn {nl {mg {rn {ll 90-(>-; {j {rn |
  1
:;8: {rn rn {rn {lk o {mk nqjhohfilmihfkgfilli {nl {lj 90-(>-; _h *1410(1 |
  1
):-+:' {rn rn {rn {nk m {li |
  1
,+->687+r<*-): {rn rn {rn roqhimooooooooooooonoh oqnmhoooooooooooooong o o rn o V V |
  1
/061+ {rn rn {rn roqhimooooooooooooonoh roqnmhoooooooooooooong o |
  1
/061+ {rn rn {rn roqiljoooooooooooooogf roqmjkooooooooooooooli o |
  1
<0:;8: {rn rn {rn {mm {ng {rn {lh 90-(>-; {j {rn |
  1
:;8: {rn rn {rn {lo o {lg oqmjkooooooooooooooli {ng {lf 90-(>-; _h *1410(1 |
  1
):-+:' {rn rn {rn {mf m {ko |
  1
:336/,:r<*-): {rn rn {rn roqlgofffffffffffffkfg roqnmifffffffffffffhk o o o n o roqnmhoooooooooooooong o n V V |
  1
/061+ {rn rn {rn roqlgofffffffffffffkfg roqmjkooooooooooooooli o |
  1
:;8: {rn rn {rn {kn o {lk oqmjkooooooooooooojfn {mm {km 90-(>-; _h *1410(1 |
  1
):-+:' {rn rn {rn {ml m {kl |
  1
:336/,:r<*-): {rn rn {rn roqiljoooooooooooooogf oqnmifffffffffffffhk o o o n o oqnmhoooooooooooooong o n V V |
  1
/061+ {rn rn {rn roqhimooooooooooooonoh oqnmhoooooooooooooong o |
  1
:;8: {rn rn {rn {lg o {kn nqjhohfilmihfkgfijjg {mg {kk 90-(>-; _h *1410(1 |
  1
):-+:' {rn rn {rn {lh m {kj |
  1
,+->687+r<*-): {rn rn {rn roqmjlfffffffffffffkg roqnmifffffffffffffhk o o n o V V |
  1
/061+ {rn rn {rn roqmjlfffffffffffffkg roqnmifffffffffffffhk o |
  1
):-+:' {rn rn {rn {ll m {ki |
  1
,+->687+r<*-): {rn rn {rn roqlgofffffffffffffkfg oqmjkooooooooooooooli o rn o o V V |
  1
/061+ {rn rn {rn roqiljoooooooooooooogf oqmjkooooooooooooooli o |
  1
:336/,:r<*-): {rn rn {rn roqlgofffffffffffffkfg oqnmhooooooooooooomfj o o o n oqnmhoooooooooooooong o o n V V |
  1
/061+ {rn rn {rn roqmjlfffffffffffffkg oqnmhooooooooooooomfj o |
  1
/061+ {rn rn {rn roqlgofffffffffffffkfg oqmjkooooooooooooooli o |
  0
HATCH
  5
277
330
249
100
AcDbEntity
  8
TopPaste
 62
     8
100
AcDbHatch
 10
0.0
 20
0.0
 30
0.0
210
0.0
220
0.0
230
1.0
  2
SOLID
 70
     1
 71
     1
 91
        1
 92
        1
 93
        8
 72
     2
 10
-0.635
 20
-0.127
 40
0.127
 50
180.0
 51
270.0
 73
     1
 72
     1
 10
-0.635
 20
-0.254
 11
-0.3809999999999999
 21
-0.254
 72
     2
 10
-0.3809999999999999
 20
-0.127
 40
0.127
 50
270.0
 51
360.0
 73
     1
 72
     1
 10
-0.2539999999999999
 20
-0.127
 11
-0.2539999999999999
 21
0.127
 72
     2
 10
-0.3809999999999999
 20
0.127
 40
0.127
 50
0.0
 51
90.0
 73
     1
 72
     1
 10
-0.3809999999999999
 20
0.254
 11
-0.635
 21
0.254
 72
     2
 10
-0.635
 20
0.127
 40
0.127
 50
90.0
 51
180.0
 73
     1
 72
     1
 10
-0.762
 20
0.127
 11
-0.762
 21
-0.127
 97
        1
330
276
 75
     0
 76
     1
 98
        0
450
        0
451
        0
460
0.0
461
0.0
452
        0
462
0.0
453
        0
470

  0
LINE
  5
278
330
249
100
AcDbEntity
  8
TopOverlay
100
AcDbLine
 10
0.16509746
 20
-0.1524
 30
0.0
 11
0.1651
 21
-0.2413
 31
0.0
  0
LINE
  5
279
330
249
100
AcDbEntity
  8
TopOverlay
100
AcDbLine
 10
0.1651
 20
-0.2413
 30
0.0
 11
-0.1651
 21
-0.2413
 31
0.0
  0
LINE
  5
27A
330
249
100
AcDbEntity
  8
TopOverlay
100
AcDbLine
 10
-0.1651
 20
-0.2413
 30
0.0
 11
-0.16509746
 21
-0.1524
 31
0.0
  0
LINE
  5
27B
330
249
100
AcDbEntity
  8
TopOverlay
100
AcDbLine
 10
-0.16509746
 20
-0.1524
 30
0.0
 11
0.16509746
 21
-0.1524
 31
0.0
  0
LINE
  5
27C
330
249
100
AcDbEntity
  8
TopOverlay
100
AcDbLine
 10
-0.1651
 20
0.1524
 30
0.0
 11
-0.1651
 21
0.2413
 31
0.0
  0
LINE
  5
27D
330
249
100
AcDbEntity
  8
TopOverlay
100
AcDbLine
 10
-0.1651
 20
0.2413
 30
0.0
 11
0.1651
 21
0.2413
 31
0.0
  0
LINE
  5
27E
330
249
100
AcDbEntity
  8
TopOverlay
100
AcDbLine
 10
0.1651
 20
0.2413
 30
0.0
 11
0.1651
 21
0.1524
 31
0.0
  0
LINE
  5
27F
330
249
100
AcDbEntity
  8
TopOverlay
100
AcDbLine
 10
0.1651
 20
0.1524
 30
0.0
 11
-0.1651
 21
0.1524
 31
0.0
  0
ENDBLK
  5
24B
330
249
100
AcDbEntity
  8
0
100
AcDbBlockEnd
  0
BLOCK
  5
282
330
281
100
AcDbEntity
  8
0
100
AcDbBlockBegin
  2
IPEX1_3
 70
     0
 10
0.0
 20
0.0
 30
0.0
  3
IPEX1_3
  1

  0
LWPOLYLINE
  5
284
330
281
100
AcDbEntity
  8
TopOverlay
100
AcDbPolyline
 90
        2
 70
     0
 43
0.3048
 10
-1.499999539999999
 20
2.26249992
 10
0.0
 20
2.26249992
  0
LWPOLYLINE
  5
285
330
281
100
AcDbEntity
  8
TopOverlay
100
AcDbPolyline
 90
        2
 70
     1
 43
0.1524
 10
-1.576199539999999
 20
2.26249992
 42
1.0
 10
-1.42379954
 20
2.26249992
 42
1.0
  0
LWPOLYLINE
  5
286
330
281
100
AcDbEntity
  8
TopOverlay
100
AcDbPolyline
 90
        2
 70
     1
 43
0.1524
 10
-0.0762
 20
2.26249992
 42
1.0
 10
0.0762
 20
2.26249992
 42
1.0
  0
LWPOLYLINE
  5
287
330
281
100
AcDbEntity
  8
TopOverlay
100
AcDbPolyline
 90
        2
 70
     0
 43
0.3048
 10
0.0
 20
2.26249992
 10
1.499999539999999
 20
2.26249992
  0
LWPOLYLINE
  5
288
330
281
100
AcDbEntity
  8
TopOverlay
100
AcDbPolyline
 90
        2
 70
     1
 43
0.1524
 10
-0.0762
 20
2.26249992
 42
1.0
 10
0.0762
 20
2.26249992
 42
1.0
  0
LWPOLYLINE
  5
289
330
281
100
AcDbEntity
  8
TopOverlay
100
AcDbPolyline
 90
        2
 70
     1
 43
0.1524
 10
1.42379954
 20
2.26249992
 42
1.0
 10
1.576199539999999
 20
2.26249992
 42
1.0
  0
LWPOLYLINE
  5
28A
330
281
100
AcDbEntity
  8
TopOverlay
100
AcDbPolyline
 90
        2
 70
     0
 43
0.3048
 10
-1.499999539999999
 20
2.26249992
 10
1.499999539999999
 20
2.26249992
  0
LWPOLYLINE
  5
28B
330
281
100
AcDbEntity
  8
TopOverlay
100
AcDbPolyline
 90
        2
 70
     1
 43
0.1524
 10
-1.576199539999999
 20
2.26249992
 42
1.0
 10
-1.42379954
 20
2.26249992
 42
1.0
  0
LWPOLYLINE
  5
28C
330
281
100
AcDbEntity
  8
TopOverlay
100
AcDbPolyline
 90
        2
 70
     1
 43
0.1524
 10
1.42379954
 20
2.26249992
 42
1.0
 10
1.576199539999999
 20
2.26249992
 42
1.0
  0
LWPOLYLINE
  5
28D
330
281
100
AcDbEntity
  8
TopOverlay
100
AcDbPolyline
 90
        2
 70
     0
 43
0.3048
 10
-1.499999539999999
 20
-0.73749916
 10
-1.016
 20
-0.73749916
  0
LWPOLYLINE
  5
28E
330
281
100
AcDbEntity
  8
TopOverlay
100
AcDbPolyline
 90
        2
 70
     1
 43
0.1524
 10
-1.576199539999999
 20
-0.73749916
 42
1.0
 10
-1.42379954
 20
-0.73749916
 42
1.0
  0
LWPOLYLINE
  5
28F
330
281
100
AcDbEntity
  8
TopOverlay
100
AcDbPolyline
 90
        2
 70
     1
 43
0.1524
 10
-1.0922
 20
-0.73749916
 42
1.0
 10
-0.9397999999999999
 20
-0.73749916
 42
1.0
  0
LWPOLYLINE
  5
290
330
281
100
AcDbEntity
  8
TopOverlay
100
AcDbPolyline
 90
        2
 70
     0
 43
0.3048
 10
1.016
 20
-0.73749916
 10
1.499999539999999
 20
-0.73749916
  0
LWPOLYLINE
  5
291
330
281
100
AcDbEntity
  8
TopOverlay
100
AcDbPolyline
 90
        2
 70
     1
 43
0.1524
 10
0.9397999999999999
 20
-0.73749916
 42
1.0
 10
1.0922
 20
-0.73749916
 42
1.0
  0
LWPOLYLINE
  5
292
330
281
100
AcDbEntity
  8
TopOverlay
100
AcDbPolyline
 90
        2
 70
     1
 43
0.1524
 10
1.42379954
 20
-0.73749916
 42
1.0
 10
1.576199539999999
 20
-0.73749916
 42
1.0
  0
REGION
  5
297
102
{ACAD_REACTORS
330
298
102
}
330
281
100
AcDbEntity
  8
TopPaste
 62
     8
100
AcDbModelerGeometry
 70
     1
  1
mnmoo mh m mi          
  1
ni ^ *+0;:,4 ^ *+0\^ [ mo ^ LR mmjqnqoqijjlj QK o  
  1
n fqfffffffffffffffjkh:roh nqooooooooooooooooli:rno 
  1
>,27:>;:- {rn rn _nl mmjqnqoqijjlj |
  1
=0;& {rn rn {rn {m {rn {rn |
  1
3*2/ {rn rn {rn {rn {l {n |
  1
,7:33 {rn rn {rn {rn {rn {k {rn {m |
  1
9><: {rn rn {rn {rn {j {l {rn {i 90-(>-; ;0*=3: 0*+ |
  1
300/ {rn rn {rn {rn {h {k |
  1
/3>1:r,*-9><: {rn rn {rn o roqhimjoolhfffffffgiii o o o rn rn o o 90-(>-;@) V V V V |
  1
<0:;8: {rn rn {rn {g {f {rn {no 90-(>-; {j {rn |
  1
<0:;8: {rn rn {rn {nn {h {rn {nm 90-(>-; {j {rn |
  1
<0:;8: {rn rn {rn {h {nn {rn {nl 90-(>-; {j {rn |
  1
:;8: {rn rn {rn {nk o {nj nqoooooojlfffffffgmh {h {ni 90-(>-; _h *1410(1 |
  1
<0:;8: {rn rn {rn {f {g {rn {nh 90-(>-; {j {rn |
  1
:;8: {rn rn {rn {nj o {ng nqojooooklfffffffgnl {g {nf 90-(>-; _h *1410(1 |
  1
:;8: {rn rn {rn {mo o {nk nqojooooklfffffffgnl {f {mn 90-(>-; _h *1410(1 |
  1
):-+:' {rn rn {rn {nl m {mm |
  1
):-+:' {rn rn {rn {nm m {ml |
  1
,+->687+r<*-): {rn rn {rn roqjooooomiffffffffnlk roqmlhjoonjffffffffghf o n o o V V |
  1
:;8: {rn rn {rn {ng o {mo nqoooooojlfffffffgmh {nn {mk 90-(>-; _h *1410(1 |
  1
):-+:' {rn rn {rn {nh m {mj |
  1
,+->687+r<*-): {rn rn {rn oqjooooomiffffffffnlk roqmlhjoonjffffffffghf o o rn o V V |
  1
):-+:' {rn rn {rn {nl m {mi |
  1
,+->687+r<*-): {rn rn {rn roqjooooomiffffffffnlk rnqmghjoojffffffffhhl o o n o V V |
  1
/061+ {rn rn {rn roqjooooomiffffffffnlk roqmlhjoonjffffffffghf o |
  1
/061+ {rn rn {rn oqjooooomiffffffffnlk roqmlhjoonjffffffffghf o |
  1
,+->687+r<*-): {rn rn {rn oqjooooomiffffffffnlk rnqmghjoojffffffffhhl o rn o o V V |
  1
/061+ {rn rn {rn oqjooooomiffffffffnlk rnqmghjoojffffffffhhl o |
  1
/061+ {rn rn {rn roqjooooomiffffffffnlk rnqmghjoojffffffffhhl o |
  0
HATCH
  5
298
330
281
100
AcDbEntity
  8
TopPaste
 62
     8
100
AcDbHatch
 10
0.0
 20
0.0
 30
0.0
210
0.0
220
0.0
230
1.0
  2
SOLID
 70
     1
 71
     1
 91
        1
 92
        1
 93
        4
 72
     1
 10
-0.50000027
 20
-0.23750016
 11
0.50000027
 21
-0.23750016
 72
     1
 10
0.50000027
 20
-0.23750016
 11
0.50000027
 21
-1.2875006
 72
     1
 10
0.50000027
 20
-1.2875006
 11
-0.50000027
 21
-1.2875006
 72
     1
 10
-0.50000027
 20
-1.2875006
 11
-0.50000027
 21
-0.23750016
 97
        1
330
297
 75
     0
 76
     1
 98
        0
450
        0
451
        0
460
0.0
461
0.0
452
        0
462
0.0
453
        0
470

  0
REGION
  5
29D
102
{ACAD_REACTORS
330
29E
102
}
330
281
100
AcDbEntity
  8
TopPaste
 62
     8
100
AcDbModelerGeometry
 70
     1
  1
mnmoo mh m mi          
  1
ni ^ *+0;:,4 ^ *+0\^ [ mo ^ LR mmjqnqoqijjlj QK o  
  1
n fqfffffffffffffffjkh:roh nqooooooooooooooooli:rno 
  1
>,27:>;:- {rn rn _nl mmjqnqoqijjlj |
  1
=0;& {rn rn {rn {m {rn {rn |
  1
3*2/ {rn rn {rn {rn {l {n |
  1
,7:33 {rn rn {rn {rn {rn {k {rn {m |
  1
9><: {rn rn {rn {rn {j {l {rn {i 90-(>-; ;0*=3: 0*+ |
  1
300/ {rn rn {rn {rn {h {k |
  1
/3>1:r,*-9><: {rn rn {rn rmqooooonohfffffffijk oqhimjoolgooooooooggi o o o rn rn o o 90-(>-;@) V V V V |
  1
<0:;8: {rn rn {rn {g {f {rn {no 90-(>-; {j {rn |
  1
<0:;8: {rn rn {rn {nn {h {rn {nm 90-(>-; {j {rn |
  1
<0:;8: {rn rn {rn {h {nn {rn {nl 90-(>-; {j {rn |
  1
:;8: {rn rn {rn {nk o {nj mqmoooooigooooooookm {h {ni 90-(>-; _h *1410(1 |
  1
<0:;8: {rn rn {rn {f {g {rn {nh 90-(>-; {j {rn |
  1
:;8: {rn rn {rn {nj o {ng nqojooooklfffffffgnl {g {nf 90-(>-; _h *1410(1 |
  1
:;8: {rn rn {rn {mo o {nk nqojooookkoooooooolj {f {mn 90-(>-; _h *1410(1 |
  1
):-+:' {rn rn {rn {nl m {mm |
  1
):-+:' {rn rn {rn {nm m {ml |
  1
,+->687+r<*-): {rn rn {rn rmqooooonohfffffffijk roqllhkfffjffffffffghh o o n o V V |
  1
:;8: {rn rn {rn {ng o {mo mqmoooooigooooooookm {nn {mk 90-(>-; _h *1410(1 |
  1
):-+:' {rn rn {rn {nh m {mj |
  1
,+->687+r<*-): {rn rn {rn rmqooooonohfffffffijk nqgimjoohnfffffffggh o n o o V V |
  1
):-+:' {rn rn {rn {nl m {mi |
  1
,+->687+r<*-): {rn rn {rn roqfjooooilffffffffjng roqllhkfffjffffffffghh o roqfffffffffffffffggf o o V V |
  1
/061+ {rn rn {rn rmqooooonohfffffffijk roqllhkfffjffffffffghh o |
  1
/061+ {rn rn {rn rmqooooonohfffffffijk nqgimjoohnfffffffggh o |
  1
,+->687+r<*-): {rn rn {rn roqfjooooilffffffffjng nqgimjoohnfffffffggh o o rn o V V |
  1
/061+ {rn rn {rn roqfjooooilffffffffjng nqgimjoohnfffffffggh o |
  1
/061+ {rn rn {rn roqfjooooilffffffffjng roqllhkfffjffffffffghh o |
  0
HATCH
  5
29E
330
281
100
AcDbEntity
  8
TopPaste
 62
     8
100
AcDbHatch
 10
0.0
 20
0.0
 30
0.0
210
0.0
220
0.0
230
1.0
  2
SOLID
 70
     1
 71
     1
 91
        1
 92
        1
 93
        4
 72
     1
 10
-2.00000108
 20
-0.33749996
 11
-2.00000108
 21
1.86250072
 72
     1
 10
-2.00000108
 20
1.86250072
 11
-0.9500006399999998
 21
1.86250072
 72
     1
 10
-0.95000064
 20
1.86250072
 11
-0.95000064
 21
-0.3374999600000004
 72
     1
 10
-0.95000064
 20
-0.33749996
 11
-2.00000108
 21
-0.33749996
 97
        1
330
29D
 75
     0
 76
     1
 98
        0
450
        0
451
        0
460
0.0
461
0.0
452
        0
462
0.0
453
        0
470

  0
REGION
  5
2A3
102
{ACAD_REACTORS
330
2A4
102
}
330
281
100
AcDbEntity
  8
TopPaste
 62
     8
100
AcDbModelerGeometry
 70
     1
  1
mnmoo mh m mi          
  1
ni ^ *+0;:,4 ^ *+0\^ [ mo ^ LR mmjqnqoqijjlj QK o  
  1
n fqfffffffffffffffjkh:roh nqooooooooooooooooli:rno 
  1
>,27:>;:- {rn rn _nl mmjqnqoqijjlj |
  1
=0;& {rn rn {rn {m {rn {rn |
  1
3*2/ {rn rn {rn {rn {l {n |
  1
,7:33 {rn rn {rn {rn {rn {k {rn {m |
  1
9><: {rn rn {rn {rn {j {l {rn {i 90-(>-; ;0*=3: 0*+ |
  1
300/ {rn rn {rn {rn {h {k |
  1
/3>1:r,*-9><: {rn rn {rn oqfjooooilffffffffjng oqhimjoolgooooooooggi o o o rn rn o o 90-(>-;@) V V V V |
  1
<0:;8: {rn rn {rn {g {f {rn {no 90-(>-; {j {rn |
  1
<0:;8: {rn rn {rn {nn {h {rn {nm 90-(>-; {j {rn |
  1
<0:;8: {rn rn {rn {h {nn {rn {nl 90-(>-; {j {rn |
  1
:;8: {rn rn {rn {nk o {nj mqmoooooigooooooookm {h {ni 90-(>-; _h *1410(1 |
  1
<0:;8: {rn rn {rn {f {g {rn {nh 90-(>-; {j {rn |
  1
:;8: {rn rn {rn {nj o {ng nqojooookkoooooooolj {g {nf 90-(>-; _h *1410(1 |
  1
:;8: {rn rn {rn {mo o {nk nqojooooklfffffffgnl {f {mn 90-(>-; _h *1410(1 |
  1
):-+:' {rn rn {rn {nl m {mm |
  1
):-+:' {rn rn {rn {nm m {ml |
  1
,+->687+r<*-): {rn rn {rn oqfjooooilffffffffjng roqllhkfffjffffffffghh o o n o V V |
  1
:;8: {rn rn {rn {ng o {mo mqmoooooigooooooookm {nn {mk 90-(>-; _h *1410(1 |
  1
):-+:' {rn rn {rn {nh m {mj |
  1
,+->687+r<*-): {rn rn {rn oqfjooooilffffffffjng nqgimjoohnfffffffggh o oqfffffffffffffffggf o o V V |
  1
):-+:' {rn rn {rn {nl m {mi |
  1
,+->687+r<*-): {rn rn {rn mqooooonohfffffffijk roqllhkfffjffffffffghh o rn o o V V |
  1
/061+ {rn rn {rn oqfjooooilffffffffjng roqllhkfffjffffffffghh o |
  1
/061+ {rn rn {rn oqfjooooilffffffffjng nqgimjoohnfffffffggh o |
  1
,+->687+r<*-): {rn rn {rn mqooooonohfffffffijk nqgimjoohnfffffffggh o o rn o V V |
  1
/061+ {rn rn {rn mqooooonohfffffffijk nqgimjoohnfffffffggh o |
  1
/061+ {rn rn {rn mqooooonohfffffffijk roqllhkfffjffffffffghh o |
  0
HATCH
  5
2A4
330
281
100
AcDbEntity
  8
TopPaste
 62
     8
100
AcDbHatch
 10
0.0
 20
0.0
 30
0.0
210
0.0
220
0.0
230
1.0
  2
SOLID
 70
     1
 71
     1
 91
        1
 92
        1
 93
        4
 72
     1
 10
0.95000064
 20
-0.33749996
 11
0.95000064
 21
1.86250072
 72
     1
 10
0.95000064
 20
1.86250072
 11
2.00000108
 21
1.86250072
 72
     1
 10
2.00000108
 20
1.86250072
 11
2.00000108
 21
-0.3374999600000004
 72
     1
 10
2.00000108
 20
-0.33749996
 11
0.9500006399999998
 21
-0.33749996
 97
        1
330
2A3
 75
     0
 76
     1
 98
        0
450
        0
451
        0
460
0.0
461
0.0
452
        0
462
0.0
453
        0
470

  0
ENDBLK
  5
283
330
281
100
AcDbEntity
  8
0
100
AcDbBlockEnd
  0
BLOCK
  5
2A7
330
2A6
100
AcDbEntity
  8
0
100
AcDbBlockBegin
  2
SOD_323F_B_4
 70
     0
 10
0.0
 20
0.0
 30
0.0
  3
SOD_323F_B_4
  1

  0
ENDBLK
  5
2A8
330
2A6
100
AcDbEntity
  8
0
100
AcDbBlockEnd
  0
BLOCK
  5
2AB
330
2AA
100
AcDbEntity
  8
0
100
AcDbBlockBegin
  2
4P_1_0___5
 70
     0
 10
0.0
 20
0.0
 30
0.0
  3
4P_1_0___5
  1

  0
LWPOLYLINE
  5
2AD
330
2AA
100
AcDbEntity
  8
TopOverlay
100
AcDbPolyline
 90
        2
 70
     0
 43
0.254
 10
3.098802539999999
 20
1.695983399999999
 10
1.981100939999999
 20
1.695983399999999
  0
LWPOLYLINE
  5
2AE
330
2AA
100
AcDbEntity
  8
TopOverlay
100
AcDbPolyline
 90
        2
 70
     1
 43
0.127
 10
3.035302539999999
 20
1.695983399999999
 42
1.0
 10
3.16230254
 20
1.695983399999999
 42
1.0
  0
LWPOLYLINE
  5
2AF
330
2AA
100
AcDbEntity
  8
TopOverlay
100
AcDbPolyline
 90
        2
 70
     1
 43
0.127
 10
1.917600939999999
 20
1.695983399999999
 42
1.0
 10
2.04460094
 20
1.695983399999999
 42
1.0
  0
LWPOLYLINE
  5
2B0
330
2AA
100
AcDbEntity
  8
TopOverlay
100
AcDbPolyline
 90
        2
 70
     0
 43
0.254
 10
3.098802539999999
 20
1.695983399999999
 10
3.098802539999999
 20
-0.7188454000000001
  0
LWPOLYLINE
  5
2B1
330
2AA
100
AcDbEntity
  8
TopOverlay
100
AcDbPolyline
 90
        2
 70
     1
 43
0.127
 10
3.035302539999999
 20
1.695983399999999
 42
1.0
 10
3.16230254
 20
1.695983399999999
 42
1.0
  0
LWPOLYLINE
  5
2B2
330
2AA
100
AcDbEntity
  8
TopOverlay
100
AcDbPolyline
 90
        2
 70
     1
 43
0.127
 10
3.035302539999999
 20
-0.7188454000000001
 42
1.0
 10
3.16230254
 20
-0.7188454000000001
 42
1.0
  0
LWPOLYLINE
  5
2B3
330
2AA
100
AcDbEntity
  8
TopOverlay
100
AcDbPolyline
 90
        2
 70
     0
 43
0.254
 10
2.075004739999999
 20
-3.0030166
 10
-2.07515206
 20
-3.0030166
  0
LWPOLYLINE
  5
2B4
330
2AA
100
AcDbEntity
  8
TopOverlay
100
AcDbPolyline
 90
        2
 70
     1
 43
0.127
 10
2.011504739999999
 20
-3.0030166
 42
1.0
 10
2.13850474
 20
-3.0030166
 42
1.0
  0
LWPOLYLINE
  5
2B5
330
2AA
100
AcDbEntity
  8
TopOverlay
100
AcDbPolyline
 90
        2
 70
     1
 43
0.127
 10
-2.13865206
 20
-3.0030166
 42
1.0
 10
-2.011652059999999
 20
-3.0030166
 42
1.0
  0
LWPOLYLINE
  5
2B6
330
2AA
100
AcDbEntity
  8
TopOverlay
100
AcDbPolyline
 90
        2
 70
     0
 43
0.254
 10
-1.981197459999999
 20
1.695983399999999
 10
-3.223028859999999
 20
1.695983399999999
  0
LWPOLYLINE
  5
2B7
330
2AA
100
AcDbEntity
  8
TopOverlay
100
AcDbPolyline
 90
        2
 70
     1
 43
0.127
 10
-2.04469746
 20
1.695983399999999
 42
1.0
 10
-1.91769746
 20
1.695983399999999
 42
1.0
  0
LWPOLYLINE
  5
2B8
330
2AA
100
AcDbEntity
  8
TopOverlay
100
AcDbPolyline
 90
        2
 70
     1
 43
0.127
 10
-3.28652886
 20
1.695983399999999
 42
1.0
 10
-3.159528859999999
 20
1.695983399999999
 42
1.0
  0
LWPOLYLINE
  5
2B9
330
2AA
100
AcDbEntity
  8
TopOverlay
100
AcDbPolyline
 90
        2
 70
     0
 43
0.254
 10
-3.223028859999999
 20
1.695983399999999
 10
-3.223028859999999
 20
-0.7547102
  0
LWPOLYLINE
  5
2BA
330
2AA
100
AcDbEntity
  8
TopOverlay
100
AcDbPolyline
 90
        2
 70
     1
 43
0.127
 10
-3.28652886
 20
1.695983399999999
 42
1.0
 10
-3.159528859999999
 20
1.695983399999999
 42
1.0
  0
LWPOLYLINE
  5
2BB
330
2AA
100
AcDbEntity
  8
TopOverlay
100
AcDbPolyline
 90
        2
 70
     1
 43
0.127
 10
-3.28652886
 20
-0.7547102
 42
1.0
 10
-3.159528859999999
 20
-0.7547102
 42
1.0
  0
REGION
  5
2C0
102
{ACAD_REACTORS
330
2C1
102
}
330
2AA
100
AcDbEntity
  8
TopPaste
 62
     8
100
AcDbModelerGeometry
 70
     1
  1
mnmoo mh m mi          
  1
ni ^ *+0;:,4 ^ *+0\^ [ mo ^ LR mmjqnqoqijjlj QK o  
  1
n fqfffffffffffffffjkh:roh nqooooooooooooooooli:rno 
  1
>,27:>;:- {rn rn _nl mmjqnqoqijjlj |
  1
=0;& {rn rn {rn {m {rn {rn |
  1
3*2/ {rn rn {rn {rn {l {n |
  1
,7:33 {rn rn {rn {rn {rn {k {rn {m |
  1
9><: {rn rn {rn {rn {j {l {rn {i 90-(>-; ;0*=3: 0*+ |
  1
300/ {rn rn {rn {rn {h {k |
  1
/3>1:r,*-9><: {rn rn {rn mqfmnoooooooooooomil oqmmifffgooooooooogkg o o o rn rn o o 90-(>-;@) V V V V |
  1
<0:;8: {rn rn {rn {g {f {rn {no 90-(>-; {j {rn |
  1
<0:;8: {rn rn {rn {nn {h {rn {nm 90-(>-; {j {rn |
  1
<0:;8: {rn rn {rn {h {nn {rn {nl 90-(>-; {j {rn |
  1
:;8: {rn rn {rn {nk o {nj nqkfffffjlfffffffigh {h {ni 90-(>-; _h *1410(1 |
  1
<0:;8: {rn rn {rn {f {g {rn {nh 90-(>-; {j {rn |
  1
:;8: {rn rn {rn {nj o {ng mqmoooooigooooooookm {g {nf 90-(>-; _h *1410(1 |
  1
:;8: {rn rn {rn {mo o {nk mqmoooooigooooooookm {f {mn 90-(>-; _h *1410(1 |
  1
):-+:' {rn rn {rn {nl m {mm |
  1
):-+:' {rn rn {rn {nm m {ml |
  1
,+->687+r<*-): {rn rn {rn mqnhnooomlooooooonfh nqlmhooonlfffffffffj o n o o V V |
  1
:;8: {rn rn {rn {ng o {mo nqkfffffjlfffffffigh {nn {mk 90-(>-; _h *1410(1 |
  1
):-+:' {rn rn {rn {nh m {mj |
  1
,+->687+r<*-): {rn rn {rn lqihofffhifffffffggk nqlmhooonlfffffffffj o o rn o V V |
  1
):-+:' {rn rn {rn {nl m {mi |
  1
,+->687+r<*-): {rn rn {rn mqnhnooomlooooooonfh roqghlooojlffffffffli o o n o V V |
  1
/061+ {rn rn {rn mqnhnooomlooooooonfh nqlmhooonlfffffffffj o |
  1
/061+ {rn rn {rn lqihofffhifffffffggk nqlmhooonlfffffffffj o |
  1
,+->687+r<*-): {rn rn {rn lqihofffhifffffffggk roqghlooojlffffffffli o rn o o V V |
  1
/061+ {rn rn {rn lqihofffhifffffffggk roqghlooojlffffffffli o |
  1
/061+ {rn rn {rn mqnhnooomlooooooonfh roqghlooojlffffffffli o |
  0
HATCH
  5
2C1
330
2AA
100
AcDbEntity
  8
TopPaste
 62
     8
100
AcDbHatch
 10
0.0
 20
0.0
 30
0.0
210
0.0
220
0.0
230
1.0
  2
SOLID
 70
     1
 71
     1
 91
        1
 92
        1
 93
        4
 72
     1
 10
2.17100023
 20
1.327000139999999
 11
3.670999769999999
 21
1.327000139999999
 72
     1
 10
3.670999769999999
 20
1.327000139999999
 11
3.670999769999999
 21
-0.8730005399999999
 72
     1
 10
3.670999769999999
 20
-0.8730005399999999
 11
2.17100023
 21
-0.8730005399999999
 72
     1
 10
2.17100023
 20
-0.8730005399999999
 11
2.17100023
 21
1.327000139999999
 97
        1
330
2C0
 75
     0
 76
     1
 98
        0
450
        0
451
        0
460
0.0
461
0.0
452
        0
462
0.0
453
        0
470

  0
REGION
  5
2C6
102
{ACAD_REACTORS
330
2C7
102
}
330
2AA
100
AcDbEntity
  8
TopPaste
 62
     8
100
AcDbModelerGeometry
 70
     1
  1
mnmoo mh m mi          
  1
ni ^ *+0;:,4 ^ *+0\^ [ mo ^ LR mmjqnqoqijjlj QK o  
  1
n fqfffffffffffffffjkh:roh nqooooooooooooooooli:rno 
  1
>,27:>;:- {rn rn _nl mmjqnqoqijjlj |
  1
=0;& {rn rn {rn {m {rn {rn |
  1
3*2/ {rn rn {rn {rn {l {n |
  1
,7:33 {rn rn {rn {rn {rn {k {rn {m |
  1
9><: {rn rn {rn {rn {j {l {rn {i 90-(>-; ;0*=3: 0*+ |
  1
300/ {rn rn {rn {rn {h {k |
  1
/3>1:r,*-9><: {rn rn {rn rlqokgoooooooooooookl oqmmifffgooooooooogkg o o o rn rn o o 90-(>-;@) V V V V |
  1
<0:;8: {rn rn {rn {g {f {rn {no 90-(>-; {j {rn |
  1
<0:;8: {rn rn {rn {nn {h {rn {nm 90-(>-; {j {rn |
  1
<0:;8: {rn rn {rn {h {nn {rn {nl 90-(>-; {j {rn |
  1
:;8: {rn rn {rn {nk o {nj nqkfffffjkooooooonln {h {ni 90-(>-; _h *1410(1 |
  1
<0:;8: {rn rn {rn {f {g {rn {nh 90-(>-; {j {rn |
  1
:;8: {rn rn {rn {nj o {ng mqmoooooigooooooookm {g {nf 90-(>-; _h *1410(1 |
  1
:;8: {rn rn {rn {mo o {nk mqmoooooigooooooookm {f {mn 90-(>-; _h *1410(1 |
  1
):-+:' {rn rn {rn {nl m {mm |
  1
):-+:' {rn rn {rn {nm m {ml |
  1
,+->687+r<*-): {rn rn {rn rmqmfgooommffffffffhh roqghlooojlfffffffgmj o rn rmqmmokkiokfmjolnlogn:rni o V V |
  1
:;8: {rn rn {rn {ng o {mo nqkfffffjkooooooonln {nn {mk 90-(>-; _h *1410(1 |
  1
):-+:' {rn rn {rn {nh m {mj |
  1
,+->687+r<*-): {rn rn {rn rlqhfhfffhhooooooonog roqghlooojkooooooonjgn o o n o V V |
  1
):-+:' {rn rn {rn {nl m {mi |
  1
,+->687+r<*-): {rn rn {rn rmqmfgooommffffffffhh nqlmhooonkooooooomnh o o rn o V V |
  1
/061+ {rn rn {rn rmqmfgooommffffffffhh roqghlooojlfffffffgmj o |
  1
/061+ {rn rn {rn rlqhfhfffhhooooooonog roqghlooojkooooooonjgn o |
  1
,+->687+r<*-): {rn rn {rn rlqhfhfffhhooooooonog nqlmhooonlfffffffhhl o n mqmmokkiokfmjolnlogn:rni o V V |
  1
/061+ {rn rn {rn rlqhfhfffhhooooooonog nqlmhooonlfffffffhhl o |
  1
/061+ {rn rn {rn rmqmfgooommffffffffhh nqlmhooonkooooooomnh o |
  0
HATCH
  5
2C7
330
2AA
100
AcDbEntity
  8
TopPaste
 62
     8
100
AcDbHatch
 10
0.0
 20
0.0
 30
0.0
210
0.0
220
0.0
230
1.0
  2
SOLID
 70
     1
 71
     1
 91
        1
 92
        1
 93
        4
 72
     1
 10
-2.298000229999999
 20
-0.8730005399999997
 11
-3.79799977
 21
-0.8730005400000001
 72
     1
 10
-3.79799977
 20
-0.8730005400000001
 11
-3.79799977
 21
1.327000139999999
 72
     1
 10
-3.79799977
 20
1.327000139999999
 11
-2.298000229999999
 21
1.327000139999999
 72
     1
 10
-2.298000229999999
 20
1.327000139999999
 11
-2.298000229999999
 21
-0.8730005399999996
 97
        1
330
2C6
 75
     0
 76
     1
 98
        0
450
        0
451
        0
460
0.0
461
0.0
452
        0
462
0.0
453
        0
470

  0
REGION
  5
2CC
102
{ACAD_REACTORS
330
2CD
102
}
330
2AA
100
AcDbEntity
  8
TopPaste
 62
     8
100
AcDbModelerGeometry
 70
     1
  1
mnmoo mh m mi          
  1
ni ^ *+0;:,4 ^ *+0\^ [ mo ^ LR mmjqnqoqijjlj QK o  
  1
n fqfffffffffffffffjkh:roh nqooooooooooooooooli:rno 
  1
>,27:>;:- {rn rn _nl mmjqnqoqijjlj |
  1
=0;& {rn rn {rn {m {rn {rn |
  1
3*2/ {rn rn {rn {rn {l {n |
  1
,7:33 {rn rn {rn {rn {rn {k {rn {m |
  1
9><: {rn rn {rn {rn {j {l {rn {i 90-(>-; ;0*=3: 0*+ |
  1
300/ {rn rn {rn {rn {h {k |
  1
/3>1:r,*-9><: {rn rn {rn nqkfffkghlfffffffhgn nqfkffgllffffffffgnn o o o rn rn o o 90-(>-;@) V V V V |
  1
<0:;8: {rn rn {rn {g {f {rn {no 90-(>-; {j {rn |
  1
<0:;8: {rn rn {rn {nn {h {rn {nm 90-(>-; {j {rn |
  1
<0:;8: {rn rn {rn {h {nn {rn {nl 90-(>-; {j {rn |
  1
:;8: {rn rn {rn {nk o {nj oqkfffffoooooooooogml {h {ni 90-(>-; _h *1410(1 |
  1
<0:;8: {rn rn {rn {f {g {rn {nh 90-(>-; {j {rn |
  1
:;8: {rn rn {rn {nj o {ng nqnffffhjffffffffiij {g {nf 90-(>-; _h *1410(1 |
  1
:;8: {rn rn {rn {mo o {nk nqnffffhjffffffffiij {f {mn 90-(>-; _h *1410(1 |
  1
):-+:' {rn rn {rn {nl m {mm |
  1
):-+:' {rn rn {rn {nm m {ml |
  1
,+->687+r<*-): {rn rn {rn nqmkffkfmlfffffffgj mqjkffgmnffffffffikk o n o o V V |
  1
:;8: {rn rn {rn {ng o {mo oqkfffffoooooooooogml {nn {mk 90-(>-; _h *1410(1 |
  1
):-+:' {rn rn {rn {nh m {mj |
  1
,+->687+r<*-): {rn rn {rn nqhkffkgmlffffffffll mqjkffgmnffffffffikk o o rn o V V |
  1
):-+:' {rn rn {rn {nl m {mi |
  1
,+->687+r<*-): {rn rn {rn nqmkffkfmlfffffffgj nqlkffgkjfffffffffhf o o n o V V |
  1
/061+ {rn rn {rn nqmkffkfmlfffffffgj mqjkffgmnffffffffikk o |
  1
/061+ {rn rn {rn nqhkffkgmlffffffffll mqjkffgmnffffffffikk o |
  1
,+->687+r<*-): {rn rn {rn nqhkffkgmlffffffffll nqlkffgkjfffffffffhf o rn o o V V |
  1
/061+ {rn rn {rn nqhkffkgmlffffffffll nqlkffgkjfffffffffhf o |
  1
/061+ {rn rn {rn nqmkffkfmlfffffffgj nqlkffgkjfffffffffhf o |
  0
HATCH
  5
2CD
330
2AA
100
AcDbEntity
  8
TopPaste
 62
     8
100
AcDbHatch
 10
0.0
 20
0.0
 30
0.0
210
0.0
220
0.0
230
1.0
  2
SOLID
 70
     1
 71
     1
 91
        1
 92
        1
 93
        4
 72
     1
 10
1.24994924
 20
2.5499822
 11
1.749948239999999
 21
2.5499822
 72
     1
 10
1.749948239999999
 20
2.5499822
 11
1.749948239999999
 21
1.3499846
 72
     1
 10
1.749948239999999
 20
1.3499846
 11
1.24994924
 21
1.3499846
 72
     1
 10
1.24994924
 20
1.3499846
 11
1.24994924
 21
2.5499822
 97
        1
330
2CC
 75
     0
 76
     1
 98
        0
450
        0
451
        0
460
0.0
461
0.0
452
        0
462
0.0
453
        0
470

  0
REGION
  5
2D2
102
{ACAD_REACTORS
330
2D3
102
}
330
2AA
100
AcDbEntity
  8
TopPaste
 62
     8
100
AcDbModelerGeometry
 70
     1
  1
mnmoo mh m mi          
  1
ni ^ *+0;:,4 ^ *+0\^ [ mo ^ LR mmjqnqoqijjlj QK o  
  1
n fqfffffffffffffffjkh:roh nqooooooooooooooooli:rno 
  1
>,27:>;:- {rn rn _nl mmjqnqoqijjlj |
  1
=0;& {rn rn {rn {m {rn {rn |
  1
3*2/ {rn rn {rn {rn {l {n |
  1
,7:33 {rn rn {rn {rn {rn {k {rn {m |
  1
9><: {rn rn {rn {rn {j {l {rn {i 90-(>-; ;0*=3: 0*+ |
  1
300/ {rn rn {rn {rn {h {k |
  1
/3>1:r,*-9><: {rn rn {rn oqkfffjohlffffffffkfn nqfkffgllffffffffgnn o o o rn rn o o 90-(>-;@) V V V V |
  1
<0:;8: {rn rn {rn {g {f {rn {no 90-(>-; {j {rn |
  1
<0:;8: {rn rn {rn {nn {h {rn {nm 90-(>-; {j {rn |
  1
<0:;8: {rn rn {rn {h {nn {rn {nl 90-(>-; {j {rn |
  1
:;8: {rn rn {rn {nk o {nj oqkffffgffffffffffnjh {h {ni 90-(>-; _h *1410(1 |
  1
<0:;8: {rn rn {rn {f {g {rn {nh 90-(>-; {j {rn |
  1
:;8: {rn rn {rn {nj o {ng nqnffffhjffffffffiij {g {nf 90-(>-; _h *1410(1 |
  1
:;8: {rn rn {rn {mo o {nk nqnffffhjffffffffiij {f {mn 90-(>-; _h *1410(1 |
  1
):-+:' {rn rn {rn {nl m {mm |
  1
):-+:' {rn rn {rn {nm m {ml |
  1
,+->687+r<*-): {rn rn {rn oqmkffjnmlfffffffffnm mqjkffgmnffffffffikk o oqfffffffffffffffggf o o V V |
  1
:;8: {rn rn {rn {ng o {mo oqkffffgfffffffffgiom {nn {mk 90-(>-; _h *1410(1 |
  1
):-+:' {rn rn {rn {nh m {mj |
  1
,+->687+r<*-): {rn rn {rn oqhkffjomlfffffffghfm mqjkffgmnffffffffikk o o rn o V V |
  1
):-+:' {rn rn {rn {nl m {mi |
  1
,+->687+r<*-): {rn rn {rn oqmkffjnmlfffffffffnm nqlkffgkjfffffffffhf o o n o V V |
  1
/061+ {rn rn {rn oqmkffjnmlfffffffffnm mqjkffgmnffffffffikk o |
  1
/061+ {rn rn {rn oqhkffjomlfffffffghfm mqjkffgmnffffffffikk o |
  1
,+->687+r<*-): {rn rn {rn oqhkffjomlfffffffghfm nqlkffgkjfffffffffhf o rn o o V V |
  1
/061+ {rn rn {rn oqhkffjomlfffffffghfm nqlkffgkjfffffffffhf o |
  1
/061+ {rn rn {rn oqmkffjnmlfffffffffnm nqlkffgkjfffffffffhf o |
  0
HATCH
  5
2D3
330
2AA
100
AcDbEntity
  8
TopPaste
 62
     8
100
AcDbHatch
 10
0.0
 20
0.0
 30
0.0
210
0.0
220
0.0
230
1.0
  2
SOLID
 70
     1
 71
     1
 91
        1
 92
        1
 93
        4
 72
     1
 10
0.24995124
 20
2.5499822
 11
0.7499502399999999
 21
2.5499822
 72
     1
 10
0.7499502399999999
 20
2.5499822
 11
0.7499502399999999
 21
1.3499846
 72
     1
 10
0.7499502399999999
 20
1.3499846
 11
0.24995124
 21
1.3499846
 72
     1
 10
0.24995124
 20
1.3499846
 11
0.24995124
 21
2.5499822
 97
        1
330
2D2
 75
     0
 76
     1
 98
        0
450
        0
451
        0
460
0.0
461
0.0
452
        0
462
0.0
453
        0
470

  0
REGION
  5
2D8
102
{ACAD_REACTORS
330
2D9
102
}
330
2AA
100
AcDbEntity
  8
TopPaste
 62
     8
100
AcDbModelerGeometry
 70
     1
  1
mnmoo mh m mi          
  1
ni ^ *+0;:,4 ^ *+0\^ [ mo ^ LR mmjqnqoqijjlj QK o  
  1
n fqfffffffffffffffjkh:roh nqooooooooooooooooli:rno 
  1
>,27:>;:- {rn rn _nl mmjqnqoqijjlj |
  1
=0;& {rn rn {rn {m {rn {rn |
  1
3*2/ {rn rn {rn {rn {l {n |
  1
,7:33 {rn rn {rn {rn {rn {k {rn {m |
  1
9><: {rn rn {rn {rn {j {l {rn {i 90-(>-; ;0*=3: 0*+ |
  1
300/ {rn rn {rn {rn {h {k |
  1
/3>1:r,*-9><: {rn rn {rn roqjoookhmjfffffffggmk nqfkffgllffffffffgnn o o o rn rn o o 90-(>-;@) V V V V |
  1
<0:;8: {rn rn {rn {g {f {rn {no 90-(>-; {j {rn |
  1
<0:;8: {rn rn {rn {nn {h {rn {nm 90-(>-; {j {rn |
  1
<0:;8: {rn rn {rn {h {nn {rn {nl 90-(>-; {j {rn |
  1
:;8: {rn rn {rn {nk o {nj oqkffffgffffffffffhnm {h {ni 90-(>-; _h *1410(1 |
  1
<0:;8: {rn rn {rn {f {g {rn {nh 90-(>-; {j {rn |
  1
:;8: {rn rn {rn {nj o {ng nqnffffhjffffffffiij {g {nf 90-(>-; _h *1410(1 |
  1
:;8: {rn rn {rn {mo o {nk nqnffffhjffffffffiij {f {mn 90-(>-; _h *1410(1 |
  1
):-+:' {rn rn {rn {nl m {mm |
  1
):-+:' {rn rn {rn {nm m {ml |
  1
,+->687+r<*-): {rn rn {rn roqhjookihjffffffffmlj mqjkffgmnffffffffikk o n o o V V |
  1
:;8: {rn rn {rn {ng o {mo oqkffffgffffffffffhnm {nn {mk 90-(>-; _h *1410(1 |
  1
):-+:' {rn rn {rn {nh m {mj |
  1
,+->687+r<*-): {rn rn {rn roqmjookhhjffffffffjml mqjkffgmnffffffffikk o o rn o V V |
  1
):-+:' {rn rn {rn {nl m {mi |
  1
,+->687+r<*-): {rn rn {rn roqhjookihjffffffffmlj nqlkffgkjfffffffffhf o o n o V V |
  1
/061+ {rn rn {rn roqhjookihjffffffffmlj mqjkffgmnffffffffikk o |
  1
/061+ {rn rn {rn roqmjookhhjffffffffjml mqjkffgmnffffffffikk o |
  1
,+->687+r<*-): {rn rn {rn roqmjookhhjffffffffjml nqlkffgkjfffffffffhf o rn o o V V |
  1
/061+ {rn rn {rn roqmjookhhjffffffffjml nqlkffgkjfffffffffhf o |
  1
/061+ {rn rn {rn roqhjookihjffffffffmlj nqlkffgkjfffffffffhf o |
  0
HATCH
  5
2D9
330
2AA
100
AcDbEntity
  8
TopPaste
 62
     8
100
AcDbHatch
 10
0.0
 20
0.0
 30
0.0
210
0.0
220
0.0
230
1.0
  2
SOLID
 70
     1
 71
     1
 91
        1
 92
        1
 93
        4
 72
     1
 10
-0.75004676
 20
2.5499822
 11
-0.25004776
 21
2.5499822
 72
     1
 10
-0.25004776
 20
2.5499822
 11
-0.25004776
 21
1.3499846
 72
     1
 10
-0.25004776
 20
1.3499846
 11
-0.75004676
 21
1.3499846
 72
     1
 10
-0.75004676
 20
1.3499846
 11
-0.75004676
 21
2.5499822
 97
        1
330
2D8
 75
     0
 76
     1
 98
        0
450
        0
451
        0
460
0.0
461
0.0
452
        0
462
0.0
453
        0
470

  0
REGION
  5
2DE
102
{ACAD_REACTORS
330
2DF
102
}
330
2AA
100
AcDbEntity
  8
TopPaste
 62
     8
100
AcDbModelerGeometry
 70
     1
  1
mnmoo mh m mi          
  1
ni ^ *+0;:,4 ^ *+0\^ [ mo ^ LR mmjqnqoqijjlj QK o  
  1
n fqfffffffffffffffjkh:roh nqooooooooooooooooli:rno 
  1
>,27:>;:- {rn rn _nl mmjqnqoqijjlj |
  1
=0;& {rn rn {rn {m {rn {rn |
  1
3*2/ {rn rn {rn {rn {l {n |
  1
,7:33 {rn rn {rn {rn {rn {k {rn {m |
  1
9><: {rn rn {rn {rn {j {l {rn {i 90-(>-; ;0*=3: 0*+ |
  1
300/ {rn rn {rn {rn {h {k |
  1
/3>1:r,*-9><: {rn rn {rn rnqjoookjmjfffffffgmj nqfkffgllffffffffgnn o o o rn rn o o 90-(>-;@) V V V V |
  1
<0:;8: {rn rn {rn {g {f {rn {no 90-(>-; {j {rn |
  1
<0:;8: {rn rn {rn {nn {h {rn {nm 90-(>-; {j {rn |
  1
<0:;8: {rn rn {rn {h {nn {rn {nl 90-(>-; {j {rn |
  1
:;8: {rn rn {rn {nk o {nj oqkfffffoooooooooogml {h {ni 90-(>-; _h *1410(1 |
  1
<0:;8: {rn rn {rn {f {g {rn {nh 90-(>-; {j {rn |
  1
:;8: {rn rn {rn {nj o {ng nqnffffhjffffffffiij {g {nf 90-(>-; _h *1410(1 |
  1
:;8: {rn rn {rn {mo o {nk nqnffffhjffffffffiij {f {mn 90-(>-; _h *1410(1 |
  1
):-+:' {rn rn {rn {nl m {mm |
  1
):-+:' {rn rn {rn {nm m {ml |
  1
,+->687+r<*-): {rn rn {rn rnqhjookkhjffffffffhh mqjkffgmnffffffffikk o n o o V V |
  1
:;8: {rn rn {rn {ng o {mo oqkfffffoooooooooogml {nn {mk 90-(>-; _h *1410(1 |
  1
):-+:' {rn rn {rn {nh m {mj |
  1
,+->687+r<*-): {rn rn {rn rnqmjookjhjfffffffgfj mqjkffgmnffffffffikk o o rn o V V |
  1
):-+:' {rn rn {rn {nl m {mi |
  1
,+->687+r<*-): {rn rn {rn rnqhjookkhjffffffffhh nqlkffgkjfffffffffhf o o n o V V |
  1
/061+ {rn rn {rn rnqhjookkhjffffffffhh mqjkffgmnffffffffikk o |
  1
/061+ {rn rn {rn rnqmjookjhjfffffffgfj mqjkffgmnffffffffikk o |
  1
,+->687+r<*-): {rn rn {rn rnqmjookjhjfffffffgfj nqlkffgkjfffffffffhf o rn o o V V |
  1
/061+ {rn rn {rn rnqmjookjhjfffffffgfj nqlkffgkjfffffffffhf o |
  1
/061+ {rn rn {rn rnqhjookkhjffffffffhh nqlkffgkjfffffffffhf o |
  0
HATCH
  5
2DF
330
2AA
100
AcDbEntity
  8
TopPaste
 62
     8
100
AcDbHatch
 10
0.0
 20
0.0
 30
0.0
210
0.0
220
0.0
230
1.0
  2
SOLID
 70
     1
 71
     1
 91
        1
 92
        1
 93
        4
 72
     1
 10
-1.750044759999999
 20
2.5499822
 11
-1.250045759999999
 21
2.5499822
 72
     1
 10
-1.250045759999999
 20
2.5499822
 11
-1.250045759999999
 21
1.3499846
 72
     1
 10
-1.250045759999999
 20
1.3499846
 11
-1.750044759999999
 21
1.3499846
 72
     1
 10
-1.750044759999999
 20
1.3499846
 11
-1.750044759999999
 21
2.5499822
 97
        1
330
2DE
 75
     0
 76
     1
 98
        0
450
        0
451
        0
460
0.0
461
0.0
452
        0
462
0.0
453
        0
470

  0
LINE
  5
2E0
330
2AA
100
AcDbEntity
  8
TopOverlay
100
AcDbLine
 10
-1.95302886
 20
1.949983399999999
 30
0.0
 11
-2.207028859999999
 21
2.3309834
 31
0.0
  0
LINE
  5
2E1
330
2AA
100
AcDbEntity
  8
TopOverlay
100
AcDbLine
 10
-2.207028859999999
 20
2.3309834
 30
0.0
 11
-2.461028859999999
 21
1.949983399999999
 31
0.0
  0
LINE
  5
2E2
330
2AA
100
AcDbEntity
  8
TopOverlay
100
AcDbLine
 10
-2.461028859999999
 20
1.949983399999999
 30
0.0
 11
-1.95302886
 21
1.949983399999999
 31
0.0
  0
ENDBLK
  5
2AC
330
2AA
100
AcDbEntity
  8
0
100
AcDbBlockEnd
  0
BLOCK
  5
2E5
330
2E4
100
AcDbEntity
  8
0
100
AcDbBlockBegin
  2
ANT_2_4G___DUPLICATE_6
 70
     0
 10
0.0
 20
0.0
 30
0.0
  3
ANT_2_4G___DUPLICATE_6
  1

  0
LWPOLYLINE
  5
2E7
330
2E4
100
AcDbEntity
  8
TopOverlay
100
AcDbPolyline
 90
        2
 70
     0
 43
0.254
 10
-1.18299992
 20
-1.26799594
 10
-1.18299992
 20
1.268003559999999
  0
LWPOLYLINE
  5
2E8
330
2E4
100
AcDbEntity
  8
TopOverlay
100
AcDbPolyline
 90
        2
 70
     1
 43
0.127
 10
-1.246499919999999
 20
-1.26799594
 42
1.0
 10
-1.119499919999999
 20
-1.26799594
 42
1.0
  0
LWPOLYLINE
  5
2E9
330
2E4
100
AcDbEntity
  8
TopOverlay
100
AcDbPolyline
 90
        2
 70
     1
 43
0.127
 10
-1.246499919999999
 20
1.268003559999999
 42
1.0
 10
-1.119499919999999
 20
1.268003559999999
 42
1.0
  0
REGION
  5
2F2
102
{ACAD_REACTORS
330
2F3
102
}
330
2E4
100
AcDbEntity
  8
TopPaste
 62
     8
100
AcDbModelerGeometry
 70
     1
  1
mnmoo kh m mi          
  1
ni ^ *+0;:,4 ^ *+0\^ [ mo ^ LR mmjqnqoqijjlj QK o  
  1
n fqfffffffffffffffjkh:roh nqooooooooooooooooli:rno 
  1
>,27:>;:- {rn rn _nl mmjqnqoqijjlj |
  1
=0;& {rn rn {rn {m {rn {rn |
  1
3*2/ {rn rn {rn {rn {l {n |
  1
,7:33 {rn rn {rn {rn {rn {k {rn {m |
  1
9><: {rn rn {rn {rn {j {l {rn {i 90-(>-; ;0*=3: 0*+ |
  1
300/ {rn rn {rn {rn {h {k |
  1
/3>1:r,*-9><: {rn rn {rn rmqjoooooohffffffffjg mqjlfffffffggklonkhk:roi o o o n n o o 90-(>-;@) V V V V |
  1
<0:;8: {rn rn {rn {g {f {rn {no 90-(>-; {j {rn |
  1
<0:;8: {rn rn {rn {nn {h {rn {nm 90-(>-; {j {rn |
  1
<0:;8: {rn rn {rn {h {nl {rn {nk 90-(>-; {j {rn |
  1
:;8: {rn rn {rn {nj o {ni nqjhohfilmihfkgfijjg {h {nh 90-(>-; _h *1410(1 |
  1
<0:;8: {rn rn {rn {ng {g {rn {nf 90-(>-; {j {rn |
  1
:;8: {rn rn {rn {ni o {mo oqhoooonnkoooooooljkh {g {mn 90-(>-; _h *1410(1 |
  1
<0:;8: {rn rn {rn {f {mm {rn {ml 90-(>-; {j {rn |
  1
:;8: {rn rn {rn {mk o {nj nqloooomkhfffffffgkf {f {mj 90-(>-; _h *1410(1 |
  1
):-+:' {rn rn {rn {nk m {mi |
  1
):-+:' {rn rn {rn {nm m {mh |
  1
:336/,:r<*-): {rn rn {rn rmqnkffffjofffffffhgn oqijooolhgooooooooln o o o n oqlkffffmfffffffffjhh o o n V V |
  1
<0:;8: {rn rn {rn {mg {nn {rn {mf 90-(>-; {j {rn |
  1
:;8: {rn rn {rn {mo o {lo nqjhohfilmihfkgfijjg {nn {ln 90-(>-; _h *1410(1 |
  1
):-+:' {rn rn {rn {nf m {lm |
  1
,+->687+r<*-): {rn rn {rn rmqnkffffjofffffffhgn nqooooolohffffffffll o rn o o V V |
  1
<0:;8: {rn rn {rn {nl {mg {rn {ll 90-(>-; {j {rn |
  1
:;8: {rn rn {rn {lk o {mk nqjhohfilmihfkgfijjg {nl {lj 90-(>-; _h *1410(1 |
  1
):-+:' {rn rn {rn {nk m {li |
  1
,+->687+r<*-): {rn rn {rn rnqgooooomofffffffghg roqikfffgifffffffffmfl o o n o V V |
  1
/061+ {rn rn {rn rnqgooooomofffffffghg oqijooolhgooooooooln o |
  1
/061+ {rn rn {rn rmqnkffffjofffffffhgn nqooooolohffffffffll o |
  1
<0:;8: {rn rn {rn {mm {ng {rn {lh 90-(>-; {j {rn |
  1
:;8: {rn rn {rn {lo o {lg nqloooomkhfffffffgkf {ng {lf 90-(>-; _h *1410(1 |
  1
):-+:' {rn rn {rn {mf m {ko |
  1
:336/,:r<*-): {rn rn {rn rmqgjooooijooooooonlj oqijooolhgooooooooln o o o n o oqlkffffmfffffffffjhh o n V V |
  1
/061+ {rn rn {rn rmqgjooooijooooooonlj nqooooolohffffffffll o |
  1
:;8: {rn rn {rn {kn o {lk oqhoooonnkoooooooljkh {mm {km 90-(>-; _h *1410(1 |
  1
):-+:' {rn rn {rn {ml m {kl |
  1
:336/,:r<*-): {rn rn {rn rmqnkffffjofffffffhgn roqikfffgifffffffffmfl o o o n o roqlkffffmfffffffffjhh o n V V |
  1
/061+ {rn rn {rn rnqgooooomofffffffghg roqikfffgifffffffffmfl o |
  1
:;8: {rn rn {rn {lg o {kn nqjhohfilmihfkgfijjg {mg {kk 90-(>-; _h *1410(1 |
  1
):-+:' {rn rn {rn {lh m {kj |
  1
,+->687+r<*-): {rn rn {rn rlqnffffffjoooooooolh oqijooolhgooooooooln o o rn o V V |
  1
/061+ {rn rn {rn rlqnffffffjoooooooolh oqijooolhgooooooooln o |
  1
):-+:' {rn rn {rn {ll m {ki |
  1
,+->687+r<*-): {rn rn {rn rmqgjooooijooooooonlj roqfffffhffffffffffkmj o n o o V V |
  1
/061+ {rn rn {rn rmqnkffffjofffffffhgn roqfffffhffffffffffkmj o |
  1
:336/,:r<*-): {rn rn {rn rmqgjooooijooooooonlj roqikfffgifffffffffmfl o o o n roqlkffffmfffffffffjhh o o n V V |
  1
/061+ {rn rn {rn rlqnffffffjoooooooolh roqikfffgifffffffffmfl o |
  1
/061+ {rn rn {rn rmqgjooooijooooooonlj roqfffffhffffffffffkmj o |
  0
HATCH
  5
2F3
330
2E4
100
AcDbEntity
  8
TopPaste
 62
     8
100
AcDbHatch
 10
0.0
 20
0.0
 30
0.0
210
0.0
220
0.0
230
1.0
  2
SOLID
 70
     1
 71
     1
 91
        1
 92
        1
 93
        8
 72
     2
 10
-2.149999509999999
 20
0.6500037800000001
 40
0.3499993
 50
0.0
 51
90.0
 73
     1
 72
     1
 10
-2.149999509999999
 20
1.000003079999999
 11
-2.85000065
 21
1.000003079999999
 72
     2
 10
-2.85000065
 20
0.6500037800000001
 40
0.3499993
 50
90.0
 51
180.0
 73
     1
 72
     1
 10
-3.19999995
 20
0.6500037800000001
 11
-3.19999995
 21
-0.6499986999999999
 72
     2
 10
-2.85000065
 20
-0.6499986999999999
 40
0.3499993
 50
180.0
 51
270.0000000000001
 73
     1
 72
     1
 10
-2.85000065
 20
-0.999998
 11
-2.149999509999999
 21
-0.999998
 72
     2
 10
-2.149999509999999
 20
-0.6499986999999999
 40
0.3499993
 50
270.0
 51
360.0
 73
     1
 72
     1
 10
-1.80000021
 20
-0.6499986999999999
 11
-1.80000021
 21
0.65000378
 97
        1
330
2F2
 75
     0
 76
     1
 98
        0
450
        0
451
        0
460
0.0
461
0.0
452
        0
462
0.0
453
        0
470

  0
REGION
  5
2FC
102
{ACAD_REACTORS
330
2FD
102
}
330
2E4
100
AcDbEntity
  8
TopPaste
 62
     8
100
AcDbModelerGeometry
 70
     1
  1
mnmoo kh m mi          
  1
ni ^ *+0;:,4 ^ *+0\^ [ mo ^ LR mmjqnqoqijjlj QK o  
  1
n fqfffffffffffffffjkh:roh nqooooooooooooooooli:rno 
  1
>,27:>;:- {rn rn _nl mmjqnqoqijjlj |
  1
=0;& {rn rn {rn {m {rn {rn |
  1
3*2/ {rn rn {rn {rn {l {n |
  1
,7:33 {rn rn {rn {rn {rn {k {rn {m |
  1
9><: {rn rn {rn {rn {j {l {rn {i 90-(>-; ;0*=3: 0*+ |
  1
300/ {rn rn {rn {rn {h {k |
  1
/3>1:r,*-9><: {rn rn {rn mqjoooomimooooooooik mqjlfffffffggklonkhk:roi o o o n n o o 90-(>-;@) V V V V |
  1
<0:;8: {rn rn {rn {g {f {rn {no 90-(>-; {j {rn |
  1
<0:;8: {rn rn {rn {nn {h {rn {nm 90-(>-; {j {rn |
  1
<0:;8: {rn rn {rn {h {nl {rn {nk 90-(>-; {j {rn |
  1
:;8: {rn rn {rn {nj o {ni nqjhohfilmihfkgfijjg {h {nh 90-(>-; _h *1410(1 |
  1
<0:;8: {rn rn {rn {ng {g {rn {nf 90-(>-; {j {rn |
  1
:;8: {rn rn {rn {ni o {mo oqhoooonnlffffffffnoh {g {mn 90-(>-; _h *1410(1 |
  1
<0:;8: {rn rn {rn {f {mm {rn {ml 90-(>-; {j {rn |
  1
:;8: {rn rn {rn {mk o {nj nqloooomkhfffffffgkf {f {mj 90-(>-; _h *1410(1 |
  1
):-+:' {rn rn {rn {nk m {mi |
  1
):-+:' {rn rn {rn {nm m {mh |
  1
:336/,:r<*-): {rn rn {rn mqgjooolngfffffffhfg oqijooolhgooooooooln o o o n oqlkffffmfffffffffjhh o o n V V |
  1
<0:;8: {rn rn {rn {mg {nn {rn {mf 90-(>-; {j {rn |
  1
:;8: {rn rn {rn {mo o {lo nqjhohfilmihfkgfijjg {nn {ln 90-(>-; _h *1410(1 |
  1
):-+:' {rn rn {rn {nf m {lm |
  1
,+->687+r<*-): {rn rn {rn mqgjooolngfffffffhfg nqooooolohffffffffll o rn o o V V |
  1
<0:;8: {rn rn {rn {nl {mg {rn {ll 90-(>-; {j {rn |
  1
:;8: {rn rn {rn {lk o {mk nqjhohfilmihfkgfijjg {nl {lj 90-(>-; _h *1410(1 |
  1
):-+:' {rn rn {rn {nk m {li |
  1
,+->687+r<*-): {rn rn {rn lqmoooomkgfffffffh roqikfffgifffffffffmfl o o n o V V |
  1
/061+ {rn rn {rn lqmoooomkgfffffffh oqijooolhgooooooooln o |
  1
/061+ {rn rn {rn mqgjooolngfffffffhfg nqooooolohffffffffll o |
  1
<0:;8: {rn rn {rn {mm {ng {rn {lh 90-(>-; {j {rn |
  1
:;8: {rn rn {rn {lo o {lg nqloooomkhfffffffgkf {ng {lf 90-(>-; _h *1410(1 |
  1
):-+:' {rn rn {rn {mf m {ko |
  1
:336/,:r<*-): {rn rn {rn mqnjooomokfffffffggh oqijooolhgooooooooln o o o n o oqlkffffmfffffffffjhh o n V V |
  1
/061+ {rn rn {rn mqnjooomokfffffffggh nqooooolohffffffffll o |
  1
:;8: {rn rn {rn {kn o {lk oqhoooonnlffffffffnoh {mm {km 90-(>-; _h *1410(1 |
  1
):-+:' {rn rn {rn {ml m {kl |
  1
:336/,:r<*-): {rn rn {rn mqgjooolngfffffffhfg roqikfffgifffffffffmfl o o o n o roqlkffffmfffffffffjhh o n V V |
  1
/061+ {rn rn {rn lqmoooomkgfffffffh roqikfffgifffffffffmfl o |
  1
:;8: {rn rn {rn {lg o {kn nqjhohfilmihfkgfijjg {mg {kk 90-(>-; _h *1410(1 |
  1
):-+:' {rn rn {rn {lh m {kj |
  1
,+->687+r<*-): {rn rn {rn nqgoooomhkffffffffgj oqijooolhgooooooooln o o rn o V V |
  1
/061+ {rn rn {rn nqgoooomhkffffffffgj oqijooolhgooooooooln o |
  1
):-+:' {rn rn {rn {ll m {ki |
  1
,+->687+r<*-): {rn rn {rn mqnjooomokfffffffggh roqfffffhffffffffffkmj o n o o V V |
  1
/061+ {rn rn {rn mqgjooolngfffffffhfg roqfffffhffffffffffkmj o |
  1
:336/,:r<*-): {rn rn {rn mqnjooomokfffffffggh roqikfffgifffffffffmfl o o o n roqlkffffmfffffffffjhh o o n V V |
  1
/061+ {rn rn {rn nqgoooomhkffffffffgj roqikfffgifffffffffmfl o |
  1
/061+ {rn rn {rn mqnjooomokfffffffggh roqfffffhffffffffffkmj o |
  0
HATCH
  5
2FD
330
2E4
100
AcDbEntity
  8
TopPaste
 62
     8
100
AcDbHatch
 10
0.0
 20
0.0
 30
0.0
210
0.0
220
0.0
230
1.0
  2
SOLID
 70
     1
 71
     1
 91
        1
 92
        1
 93
        8
 72
     2
 10
2.850003189999999
 20
0.6500037800000001
 40
0.3499993
 50
0.0
 51
90.0
 73
     1
 72
     1
 10
2.850003189999999
 20
1.000003079999999
 11
2.150002049999999
 21
1.000003079999999
 72
     2
 10
2.150002049999999
 20
0.6500037800000001
 40
0.3499993
 50
90.0
 51
180.0
 73
     1
 72
     1
 10
1.800002749999999
 20
0.6500037800000001
 11
1.800002749999999
 21
-0.6499986999999999
 72
     2
 10
2.150002049999999
 20
-0.6499986999999999
 40
0.3499993
 50
180.0
 51
270.0
 73
     1
 72
     1
 10
2.150002049999999
 20
-0.999998
 11
2.850003189999999
 21
-0.999998
 72
     2
 10
2.850003189999999
 20
-0.6499986999999999
 40
0.3499993
 50
270.0
 51
360.0
 73
     1
 72
     1
 10
3.20000249
 20
-0.6499986999999999
 11
3.20000249
 21
0.65000378
 97
        1
330
2FC
 75
     0
 76
     1
 98
        0
450
        0
451
        0
460
0.0
461
0.0
452
        0
462
0.0
453
        0
470

  0
ENDBLK
  5
2E6
330
2E4
100
AcDbEntity
  8
0
100
AcDbBlockEnd
  0
BLOCK
  5
300
330
2FF
100
AcDbEntity
  8
0
100
AcDbBlockBegin
  2
CAP_0402_B_7
 70
     0
 10
0.0
 20
0.0
 30
0.0
  3
CAP_0402_B_7
  1

  0
ENDBLK
  5
301
330
2FF
100
AcDbEntity
  8
0
100
AcDbBlockEnd
  0
BLOCK
  5
304
330
303
100
AcDbEntity
  8
0
100
AcDbBlockBegin
  2
CAP_0402_B_8
 70
     0
 10
0.0
 20
0.0
 30
0.0
  3
CAP_0402_B_8
  1

  0
ENDBLK
  5
305
330
303
100
AcDbEntity
  8
0
100
AcDbBlockEnd
  0
BLOCK
  5
308
330
307
100
AcDbEntity
  8
0
100
AcDbBlockBegin
  2
CAP_0402_B_9
 70
     0
 10
0.0
 20
0.0
 30
0.0
  3
CAP_0402_B_9
  1

  0
ENDBLK
  5
309
330
307
100
AcDbEntity
  8
0
100
AcDbBlockEnd
  0
BLOCK
  5
30C
330
30B
100
AcDbEntity
  8
0
100
AcDbBlockBegin
  2
RES_0402_B_10
 70
     0
 10
0.0
 20
0.0
 30
0.0
  3
RES_0402_B_10
  1

  0
ENDBLK
  5
30D
330
30B
100
AcDbEntity
  8
0
100
AcDbBlockEnd
  0
BLOCK
  5
310
330
30F
100
AcDbEntity
  8
0
100
AcDbBlockBegin
  2
RES_0402_B_11
 70
     0
 10
0.0
 20
0.0
 30
0.0
  3
RES_0402_B_11
  1

  0
ENDBLK
  5
311
330
30F
100
AcDbEntity
  8
0
100
AcDbBlockEnd
  0
BLOCK
  5
314
330
313
100
AcDbEntity
  8
0
100
AcDbBlockBegin
  2
RES_0402_12
 70
     0
 10
0.0
 20
0.0
 30
0.0
  3
RES_0402_12
  1

  0
LWPOLYLINE
  5
316
330
313
100
AcDbEntity
  8
TopOverlay
100
AcDbPolyline
 90
        2
 70
     0
 43
0.0254
 10
-0.1651
 20
-0.2413
 10
0.1651
 20
-0.2413
  0
LWPOLYLINE
  5
317
330
313
100
AcDbEntity
  8
TopOverlay
100
AcDbPolyline
 90
        2
 70
     1
 43
0.0127
 10
-0.17145
 20
-0.2413
 42
1.0
 10
-0.15875
 20
-0.2413
 42
1.0
  0
LWPOLYLINE
  5
318
330
313
100
AcDbEntity
  8
TopOverlay
100
AcDbPolyline
 90
        2
 70
     1
 43
0.0127
 10
0.15875
 20
-0.2413
 42
1.0
 10
0.17145
 20
-0.2413
 42
1.0
  0
LWPOLYLINE
  5
319
330
313
100
AcDbEntity
  8
TopOverlay
100
AcDbPolyline
 90
        2
 70
     0
 43
0.0254
 10
-0.1651
 20
-0.2413
 10
-0.16509746
 20
-0.1524
  0
LWPOLYLINE
  5
31A
330
313
100
AcDbEntity
  8
TopOverlay
100
AcDbPolyline
 90
        2
 70
     1
 43
0.0127
 10
-0.17145
 20
-0.2413
 42
1.0
 10
-0.15875
 20
-0.2413
 42
1.0
  0
LWPOLYLINE
  5
31B
330
313
100
AcDbEntity
  8
TopOverlay
100
AcDbPolyline
 90
        2
 70
     1
 43
0.0127
 10
-0.17144746
 20
-0.1524
 42
1.0
 10
-0.15874746
 20
-0.1524
 42
1.0
  0
LWPOLYLINE
  5
31C
330
313
100
AcDbEntity
  8
TopOverlay
100
AcDbPolyline
 90
        2
 70
     0
 43
0.0254
 10
-0.16509746
 20
-0.1524
 10
0.16509746
 20
-0.1524
  0
LWPOLYLINE
  5
31D
330
313
100
AcDbEntity
  8
TopOverlay
100
AcDbPolyline
 90
        2
 70
     1
 43
0.0127
 10
-0.17144746
 20
-0.1524
 42
1.0
 10
-0.15874746
 20
-0.1524
 42
1.0
  0
LWPOLYLINE
  5
31E
330
313
100
AcDbEntity
  8
TopOverlay
100
AcDbPolyline
 90
        2
 70
     1
 43
0.0127
 10
0.15874746
 20
-0.1524
 42
1.0
 10
0.17144746
 20
-0.1524
 42
1.0
  0
LWPOLYLINE
  5
31F
330
313
100
AcDbEntity
  8
TopOverlay
100
AcDbPolyline
 90
        2
 70
     0
 43
0.0254
 10
0.16509746
 20
-0.1524
 10
0.1651
 20
-0.2413
  0
LWPOLYLINE
  5
320
330
313
100
AcDbEntity
  8
TopOverlay
100
AcDbPolyline
 90
        2
 70
     1
 43
0.0127
 10
0.15874746
 20
-0.1524
 42
1.0
 10
0.17144746
 20
-0.1524
 42
1.0
  0
LWPOLYLINE
  5
321
330
313
100
AcDbEntity
  8
TopOverlay
100
AcDbPolyline
 90
        2
 70
     1
 43
0.0127
 10
0.15875
 20
-0.2413
 42
1.0
 10
0.17145
 20
-0.2413
 42
1.0
  0
LWPOLYLINE
  5
322
330
313
100
AcDbEntity
  8
TopOverlay
100
AcDbPolyline
 90
        2
 70
     0
 43
0.0254
 10
-0.1651
 20
0.1524
 10
-0.1651
 20
0.2413
  0
LWPOLYLINE
  5
323
330
313
100
AcDbEntity
  8
TopOverlay
100
AcDbPolyline
 90
        2
 70
     1
 43
0.0127
 10
-0.17145
 20
0.1524
 42
1.0
 10
-0.15875
 20
0.1524
 42
1.0
  0
LWPOLYLINE
  5
324
330
313
100
AcDbEntity
  8
TopOverlay
100
AcDbPolyline
 90
        2
 70
     1
 43
0.0127
 10
-0.17145
 20
0.2413
 42
1.0
 10
-0.15875
 20
0.2413
 42
1.0
  0
LWPOLYLINE
  5
325
330
313
100
AcDbEntity
  8
TopOverlay
100
AcDbPolyline
 90
        2
 70
     0
 43
0.0254
 10
-0.1651
 20
0.1524
 10
0.1651
 20
0.1524
  0
LWPOLYLINE
  5
326
330
313
100
AcDbEntity
  8
TopOverlay
100
AcDbPolyline
 90
        2
 70
     1
 43
0.0127
 10
-0.17145
 20
0.1524
 42
1.0
 10
-0.15875
 20
0.1524
 42
1.0
  0
LWPOLYLINE
  5
327
330
313
100
AcDbEntity
  8
TopOverlay
100
AcDbPolyline
 90
        2
 70
     1
 43
0.0127
 10
0.15875
 20
0.1524
 42
1.0
 10
0.17145
 20
0.1524
 42
1.0
  0
LWPOLYLINE
  5
328
330
313
100
AcDbEntity
  8
TopOverlay
100
AcDbPolyline
 90
        2
 70
     0
 43
0.0254
 10
0.1651
 20
0.1524
 10
0.1651
 20
0.2413
  0
LWPOLYLINE
  5
329
330
313
100
AcDbEntity
  8
TopOverlay
100
AcDbPolyline
 90
        2
 70
     1
 43
0.0127
 10
0.15875
 20
0.1524
 42
1.0
 10
0.17145
 20
0.1524
 42
1.0
  0
LWPOLYLINE
  5
32A
330
313
100
AcDbEntity
  8
TopOverlay
100
AcDbPolyline
 90
        2
 70
     1
 43
0.0127
 10
0.15875
 20
0.2413
 42
1.0
 10
0.17145
 20
0.2413
 42
1.0
  0
LWPOLYLINE
  5
32B
330
313
100
AcDbEntity
  8
TopOverlay
100
AcDbPolyline
 90
        2
 70
     0
 43
0.0254
 10
-0.1651
 20
0.2413
 10
0.1651
 20
0.2413
  0
LWPOLYLINE
  5
32C
330
313
100
AcDbEntity
  8
TopOverlay
100
AcDbPolyline
 90
        2
 70
     1
 43
0.0127
 10
-0.17145
 20
0.2413
 42
1.0
 10
-0.15875
 20
0.2413
 42
1.0
  0
LWPOLYLINE
  5
32D
330
313
100
AcDbEntity
  8
TopOverlay
100
AcDbPolyline
 90
        2
 70
     1
 43
0.0127
 10
0.15875
 20
0.2413
 42
1.0
 10
0.17145
 20
0.2413
 42
1.0
  0
LINE
  5
32E
330
313
100
AcDbEntity
  8
TopOverlay
100
AcDbLine
 10
0.16509746
 20
-0.1524
 30
0.0
 11
0.1651
 21
-0.2413
 31
0.0
  0
LINE
  5
32F
330
313
100
AcDbEntity
  8
TopOverlay
100
AcDbLine
 10
0.1651
 20
-0.2413
 30
0.0
 11
-0.1651
 21
-0.2413
 31
0.0
  0
LINE
  5
330
330
313
100
AcDbEntity
  8
TopOverlay
100
AcDbLine
 10
-0.1651
 20
-0.2413
 30
0.0
 11
-0.16509746
 21
-0.1524
 31
0.0
  0
LINE
  5
331
330
313
100
AcDbEntity
  8
TopOverlay
100
AcDbLine
 10
-0.16509746
 20
-0.1524
 30
0.0
 11
0.16509746
 21
-0.1524
 31
0.0
  0
LINE
  5
332
330
313
100
AcDbEntity
  8
TopOverlay
100
AcDbLine
 10
-0.1651
 20
0.1524
 30
0.0
 11
-0.1651
 21
0.2413
 31
0.0
  0
LINE
  5
333
330
313
100
AcDbEntity
  8
TopOverlay
100
AcDbLine
 10
-0.1651
 20
0.2413
 30
0.0
 11
0.1651
 21
0.2413
 31
0.0
  0
LINE
  5
334
330
313
100
AcDbEntity
  8
TopOverlay
100
AcDbLine
 10
0.1651
 20
0.2413
 30
0.0
 11
0.1651
 21
0.1524
 31
0.0
  0
LINE
  5
335
330
313
100
AcDbEntity
  8
TopOverlay
100
AcDbLine
 10
0.1651
 20
0.1524
 30
0.0
 11
-0.1651
 21
0.1524
 31
0.0
  0
ENDBLK
  5
315
330
313
100
AcDbEntity
  8
0
100
AcDbBlockEnd
  0
BLOCK
  5
338
330
337
100
AcDbEntity
  8
0
100
AcDbBlockBegin
  2
RES_0402_B_13
 70
     0
 10
0.0
 20
0.0
 30
0.0
  3
RES_0402_B_13
  1

  0
ENDBLK
  5
339
330
337
100
AcDbEntity
  8
0
100
AcDbBlockEnd
  0
BLOCK
  5
33C
330
33B
100
AcDbEntity
  8
0
100
AcDbBlockBegin
  2
RES_0402_B_14
 70
     0
 10
0.0
 20
0.0
 30
0.0
  3
RES_0402_B_14
  1

  0
ENDBLK
  5
33D
330
33B
100
AcDbEntity
  8
0
100
AcDbBlockEnd
  0
BLOCK
  5
340
330
33F
100
AcDbEntity
  8
0
100
AcDbBlockBegin
  2
RES_0402_B_15
 70
     0
 10
0.0
 20
0.0
 30
0.0
  3
RES_0402_B_15
  1

  0
ENDBLK
  5
341
330
33F
100
AcDbEntity
  8
0
100
AcDbBlockEnd
  0
BLOCK
  5
344
330
343
100
AcDbEntity
  8
0
100
AcDbBlockBegin
  2
RES_0402_B_16
 70
     0
 10
0.0
 20
0.0
 30
0.0
  3
RES_0402_B_16
  1

  0
ENDBLK
  5
345
330
343
100
AcDbEntity
  8
0
100
AcDbBlockEnd
  0
BLOCK
  5
348
330
347
100
AcDbEntity
  8
0
100
AcDbBlockBegin
  2
RES_0402_B_17
 70
     0
 10
0.0
 20
0.0
 30
0.0
  3
RES_0402_B_17
  1

  0
ENDBLK
  5
349
330
347
100
AcDbEntity
  8
0
100
AcDbBlockEnd
  0
BLOCK
  5
34C
330
34B
100
AcDbEntity
  8
0
100
AcDbBlockBegin
  2
RES_0402_B_18
 70
     0
 10
0.0
 20
0.0
 30
0.0
  3
RES_0402_B_18
  1

  0
ENDBLK
  5
34D
330
34B
100
AcDbEntity
  8
0
100
AcDbBlockEnd
  0
BLOCK
  5
350
330
34F
100
AcDbEntity
  8
0
100
AcDbBlockBegin
  2
APA102_19
 70
     0
 10
0.0
 20
0.0
 30
0.0
  3
APA102_19
  1

  0
REGION
  5
356
102
{ACAD_REACTORS
330
357
102
}
330
34F
100
AcDbEntity
  8
TopPaste
 62
     8
100
AcDbModelerGeometry
 70
     1
  1
mnmoo mh m mi          
  1
ni ^ *+0;:,4 ^ *+0\^ [ mo ^ LR mmjqnqoqijjlj QK o  
  1
n fqfffffffffffffffjkh:roh nqooooooooooooooooli:rno 
  1
>,27:>;:- {rn rn _nl mmjqnqoqijjlj |
  1
=0;& {rn rn {rn {m {rn {rn |
  1
3*2/ {rn rn {rn {rn {l {n |
  1
,7:33 {rn rn {rn {rn {rn {k {rn {m |
  1
9><: {rn rn {rn {rn {j {l {rn {i 90-(>-; ;0*=3: 0*+ |
  1
300/ {rn rn {rn {rn {h {k |
  1
/3>1:r,*-9><: {rn rn {rn oqgoooolkhffffffffgf roqiffffgiooooooooomik o o o rn rn o o 90-(>-;@) V V V V |
  1
<0:;8: {rn rn {rn {g {f {rn {no 90-(>-; {j {rn |
  1
<0:;8: {rn rn {rn {nn {h {rn {nm 90-(>-; {j {rn |
  1
<0:;8: {rn rn {rn {h {nn {rn {nl 90-(>-; {j {rn |
  1
:;8: {rn rn {rn {nk o {nj oqkkffffofffffffffgjm {h {ni 90-(>-; _h *1410(1 |
  1
<0:;8: {rn rn {rn {f {g {rn {nh 90-(>-; {j {rn |
  1
:;8: {rn rn {rn {nj o {ng oqijooonmkooooooooljh {g {nf 90-(>-; _h *1410(1 |
  1
:;8: {rn rn {rn {mo o {nk oqijooonmkooooooonkih {f {mn 90-(>-; _h *1410(1 |
  1
):-+:' {rn rn {rn {nl m {mm |
  1
):-+:' {rn rn {rn {nm m {ml |
  1
,+->687+r<*-): {rn rn {rn nqomjoolomffffffffmi rnqomkfffmnffffffffgf o rn o o V V |
  1
:;8: {rn rn {rn {ng o {mo oqkkffffnoooooooookoh {nn {mk 90-(>-; _h *1410(1 |
  1
):-+:' {rn rn {rn {nh m {mj |
  1
,+->687+r<*-): {rn rn {rn oqjhjoolfmffffffffkof rnqomkfffmnffffffffgf o o n o V V |
  1
):-+:' {rn rn {rn {nl m {mi |
  1
,+->687+r<*-): {rn rn {rn nqomjoolomffffffffmi roqlhkffhfhffffffffjl o o roqfffffffffffffffggf o V V |
  1
/061+ {rn rn {rn nqomjoolomffffffffmi rnqomkfffmnffffffffgf o |
  1
/061+ {rn rn {rn oqjhjoolfmffffffffkof rnqomkfffmnffffffffgf o |
  1
,+->687+r<*-): {rn rn {rn oqjhjoolfmffffffffkof roqlhkffhfhffffffffjl o oqfffffffffffffffggf o o V V |
  1
/061+ {rn rn {rn oqjhjoolfmffffffffkof roqlhkffhfhffffffffjl o |
  1
/061+ {rn rn {rn nqomjoolomffffffffmi roqlhkffhfhffffffffjl o |
  0
HATCH
  5
357
330
34F
100
AcDbEntity
  8
TopPaste
 62
     8
100
AcDbHatch
 10
0.0
 20
0.0
 30
0.0
210
0.0
220
0.0
230
1.0
  2
SOLID
 70
     1
 71
     1
 91
        1
 92
        1
 93
        4
 72
     1
 10
1.025003029999999
 20
-1.024999219999999
 11
0.57500393
 21
-1.024999219999999
 72
     1
 10
0.57500393
 20
-1.024999219999999
 11
0.57500393
 21
-0.3749979800000001
 72
     1
 10
0.57500393
 20
-0.37499798
 11
1.025003029999999
 21
-0.37499798
 72
     1
 10
1.025003029999999
 20
-0.37499798
 11
1.025003029999999
 21
-1.024999219999999
 97
        1
330
356
 75
     0
 76
     1
 98
        0
450
        0
451
        0
460
0.0
461
0.0
452
        0
462
0.0
453
        0
470

  0
REGION
  5
35C
102
{ACAD_REACTORS
330
35D
102
}
330
34F
100
AcDbEntity
  8
TopPaste
 62
     8
100
AcDbModelerGeometry
 70
     1
  1
mnmoo mh m mi          
  1
ni ^ *+0;:,4 ^ *+0\^ [ mo ^ LR mmjqnqoqijjlj QK o  
  1
n fqfffffffffffffffjkh:roh nqooooooooooooooooli:rno 
  1
>,27:>;:- {rn rn _nl mmjqnqoqijjlj |
  1
=0;& {rn rn {rn {m {rn {rn |
  1
3*2/ {rn rn {rn {rn {l {n |
  1
,7:33 {rn rn {rn {rn {rn {k {rn {m |
  1
9><: {rn rn {rn {rn {j {l {rn {i 90-(>-; ;0*=3: 0*+ |
  1
300/ {rn rn {rn {rn {h {k |
  1
/3>1:r,*-9><: {rn rn {rn mqjkoooooooomlohfljm:roi roqiffffgiooooooooomik o o o rn rn o o 90-(>-;@) V V V V |
  1
<0:;8: {rn rn {rn {g {f {rn {no 90-(>-; {j {rn |
  1
<0:;8: {rn rn {rn {nn {h {rn {nm 90-(>-; {j {rn |
  1
<0:;8: {rn rn {rn {h {nn {rn {nl 90-(>-; {j {rn |
  1
:;8: {rn rn {rn {nk o {nj oqkkffffofffffffffgjm {h {ni 90-(>-; _h *1410(1 |
  1
<0:;8: {rn rn {rn {f {g {rn {nh 90-(>-; {j {rn |
  1
:;8: {rn rn {rn {nj o {ng oqijooonmkooooooooljh {g {nf 90-(>-; _h *1410(1 |
  1
:;8: {rn rn {rn {mo o {nk oqijooonmkooooooonkih {f {mn 90-(>-; _h *1410(1 |
  1
):-+:' {rn rn {rn {nl m {mm |
  1
):-+:' {rn rn {rn {nm m {ml |
  1
,+->687+r<*-): {rn rn {rn oqmmjoomogffffffffiom rnqomkfffmnffffffffgf o rn o o V V |
  1
:;8: {rn rn {rn {ng o {mo oqkkffffofffffffffgjm {nn {mk 90-(>-; _h *1410(1 |
  1
):-+:' {rn rn {rn {nh m {mj |
  1
,+->687+r<*-): {rn rn {rn roqmmkffhonoooooooojmg rnqomkfffmnffffffffgf o nqiijllkjliflhhlkgnn:rni n o V V |
  1
):-+:' {rn rn {rn {nl m {mi |
  1
,+->687+r<*-): {rn rn {rn oqmmjoomofoooooooonjh roqlhkffhfhffffffffjl o rgqlmiihmigkiggihkojl:rnh roqfffffffffffffffggf o V V |
  1
/061+ {rn rn {rn oqmmjoomogffffffffiom rnqomkfffmnffffffffgf o |
  1
/061+ {rn rn {rn roqmmkffhonoooooooojmg rnqomkfffmnffffffffgf o |
  1
,+->687+r<*-): {rn rn {rn roqmmkffhooffffffffkng roqlhkffhfhffffffffjl o n o o V V |
  1
/061+ {rn rn {rn roqmmkffhooffffffffkng roqlhkffhfhffffffffjl o |
  1
/061+ {rn rn {rn oqmmjoomofoooooooonjh roqlhkffhfhffffffffjl o |
  0
HATCH
  5
35D
330
34F
100
AcDbEntity
  8
TopPaste
 62
     8
100
AcDbHatch
 10
0.0
 20
0.0
 30
0.0
210
0.0
220
0.0
230
1.0
  2
SOLID
 70
     1
 71
     1
 91
        1
 92
        1
 93
        4
 72
     1
 10
0.22500209
 20
-1.024999219999999
 11
-0.22499701
 21
-1.024999219999999
 72
     1
 10
-0.2249970100000001
 20
-1.024999219999999
 11
-0.2249970099999999
 21
-0.3749979800000001
 72
     1
 10
-0.2249970099999999
 20
-0.37499798
 11
0.22500209
 21
-0.37499798
 72
     1
 10
0.22500209
 20
-0.37499798
 11
0.22500209
 21
-1.024999219999999
 97
        1
330
35C
 75
     0
 76
     1
 98
        0
450
        0
451
        0
460
0.0
461
0.0
452
        0
462
0.0
453
        0
470

  0
REGION
  5
362
102
{ACAD_REACTORS
330
363
102
}
330
34F
100
AcDbEntity
  8
TopPaste
 62
     8
100
AcDbModelerGeometry
 70
     1
  1
mnmoo mh m mi          
  1
ni ^ *+0;:,4 ^ *+0\^ [ mo ^ LR mmjqnqoqijjlj QK o  
  1
n fqfffffffffffffffjkh:roh nqooooooooooooooooli:rno 
  1
>,27:>;:- {rn rn _nl mmjqnqoqijjlj |
  1
=0;& {rn rn {rn {m {rn {rn |
  1
3*2/ {rn rn {rn {rn {l {n |
  1
,7:33 {rn rn {rn {rn {rn {k {rn {m |
  1
9><: {rn rn {rn {rn {j {l {rn {i 90-(>-; ;0*=3: 0*+ |
  1
300/ {rn rn {rn {rn {h {k |
  1
/3>1:r,*-9><: {rn rn {rn roqhffffglffffffffffgk roqiffffgiooooooooomik o o o rn rn o o 90-(>-;@) V V V V |
  1
<0:;8: {rn rn {rn {g {f {rn {no 90-(>-; {j {rn |
  1
<0:;8: {rn rn {rn {nn {h {rn {nm 90-(>-; {j {rn |
  1
<0:;8: {rn rn {rn {h {nn {rn {nl 90-(>-; {j {rn |
  1
:;8: {rn rn {rn {nk o {nj oqkkffffoffffffffghkm {h {ni 90-(>-; _h *1410(1 |
  1
<0:;8: {rn rn {rn {f {g {rn {nh 90-(>-; {j {rn |
  1
:;8: {rn rn {rn {nj o {ng oqijooonmkooooooooljh {g {nf 90-(>-; _h *1410(1 |
  1
:;8: {rn rn {rn {mo o {nk oqijooonmkooooooonkih {f {mn 90-(>-; _h *1410(1 |
  1
):-+:' {rn rn {rn {nl m {mm |
  1
):-+:' {rn rn {rn {nm m {ml |
  1
,+->687+r<*-): {rn rn {rn roqjhkffggjooooooooinl rnqomkfffmnffffffffgf o rn o o V V |
  1
:;8: {rn rn {rn {ng o {mo oqkkffffoffffffffghkm {nn {mk 90-(>-; _h *1410(1 |
  1
):-+:' {rn rn {rn {nh m {mj |
  1
,+->687+r<*-): {rn rn {rn rnqomkffhfkfffffffflj rnqomkfffmnffffffffgf o o n o V V |
  1
):-+:' {rn rn {rn {nl m {mi |
  1
,+->687+r<*-): {rn rn {rn roqjhkffggjooooooooinl roqlhkffhfhffffffffjl o o roqfffffffffffffffggf o V V |
  1
/061+ {rn rn {rn roqjhkffggjooooooooinl rnqomkfffmnffffffffgf o |
  1
/061+ {rn rn {rn rnqomkffhfkfffffffflj rnqomkfffmnffffffffgf o |
  1
,+->687+r<*-): {rn rn {rn rnqomkffhfkfffffffflj roqlhkffhfhffffffffjl o n o o V V |
  1
/061+ {rn rn {rn rnqomkffhfkfffffffflj roqlhkffhfhffffffffjl o |
  1
/061+ {rn rn {rn roqjhkffggjooooooooinl roqlhkffhfhffffffffjl o |
  0
HATCH
  5
363
330
34F
100
AcDbEntity
  8
TopPaste
 62
     8
100
AcDbHatch
 10
0.0
 20
0.0
 30
0.0
210
0.0
220
0.0
230
1.0
  2
SOLID
 70
     1
 71
     1
 91
        1
 92
        1
 93
        4
 72
     1
 10
-0.5749988500000001
 20
-1.024999219999999
 11
-1.024997949999999
 21
-1.024999219999999
 72
     1
 10
-1.024997949999999
 20
-1.024999219999999
 11
-1.024997949999999
 21
-0.3749979800000001
 72
     1
 10
-1.024997949999999
 20
-0.37499798
 11
-0.5749988500000001
 21
-0.37499798
 72
     1
 10
-0.5749988500000001
 20
-0.37499798
 11
-0.5749988500000001
 21
-1.024999219999999
 97
        1
330
362
 75
     0
 76
     1
 98
        0
450
        0
451
        0
460
0.0
461
0.0
452
        0
462
0.0
453
        0
470

  0
REGION
  5
368
102
{ACAD_REACTORS
330
369
102
}
330
34F
100
AcDbEntity
  8
TopPaste
 62
     8
100
AcDbModelerGeometry
 70
     1
  1
mnmoo mh m mi          
  1
ni ^ *+0;:,4 ^ *+0\^ [ mo ^ LR mmjqnqoqijjlj QK o  
  1
n fqfffffffffffffffjkh:roh nqooooooooooooooooli:rno 
  1
>,27:>;:- {rn rn _nl mmjqnqoqijjlj |
  1
=0;& {rn rn {rn {m {rn {rn |
  1
3*2/ {rn rn {rn {rn {l {n |
  1
,7:33 {rn rn {rn {rn {rn {k {rn {m |
  1
9><: {rn rn {rn {rn {j {l {rn {i 90-(>-; ;0*=3: 0*+ |
  1
300/ {rn rn {rn {rn {h {k |
  1
/3>1:r,*-9><: {rn rn {rn roqhffffglffffffffffgk oqhoooonnlffffffffnoh o o o rn rn o o 90-(>-;@) V V V V |
  1
<0:;8: {rn rn {rn {g {f {rn {no 90-(>-; {j {rn |
  1
<0:;8: {rn rn {rn {nn {h {rn {nm 90-(>-; {j {rn |
  1
<0:;8: {rn rn {rn {h {nn {rn {nl 90-(>-; {j {rn |
  1
:;8: {rn rn {rn {nk o {nj oqkkffffoffffffffghkm {h {ni 90-(>-; _h *1410(1 |
  1
<0:;8: {rn rn {rn {f {g {rn {nh 90-(>-; {j {rn |
  1
:;8: {rn rn {rn {nj o {ng oqijooonmlffffffffmki {g {nf 90-(>-; _h *1410(1 |
  1
:;8: {rn rn {rn {mo o {nk oqijooonmlffffffffmki {f {mn 90-(>-; _h *1410(1 |
  1
):-+:' {rn rn {rn {nl m {mm |
  1
):-+:' {rn rn {rn {nm m {ml |
  1
,+->687+r<*-): {rn rn {rn roqjhkffggjooooooooinl oqlhjooojmooooooooolf o rn o o V V |
  1
:;8: {rn rn {rn {ng o {mo oqkkffffoffffffffghkm {nn {mk 90-(>-; _h *1410(1 |
  1
):-+:' {rn rn {rn {nh m {mj |
  1
,+->687+r<*-): {rn rn {rn rnqomkffhfkfffffffflj oqlhjooojmooooooooolf o o n o V V |
  1
):-+:' {rn rn {rn {nl m {mi |
  1
,+->687+r<*-): {rn rn {rn roqjhkffggjooooooooinl nqomjoonhjfffffffghl o o rn o V V |
  1
/061+ {rn rn {rn roqjhkffggjooooooooinl oqlhjooojmooooooooolf o |
  1
/061+ {rn rn {rn rnqomkffhfkfffffffflj oqlhjooojmooooooooolf o |
  1
,+->687+r<*-): {rn rn {rn rnqomkffhfkfffffffflj nqomjoonhjfffffffghl o n o o V V |
  1
/061+ {rn rn {rn rnqomkffhfkfffffffflj nqomjoonhjfffffffghl o |
  1
/061+ {rn rn {rn roqjhkffggjooooooooinl nqomjoonhjfffffffghl o |
  0
HATCH
  5
369
330
34F
100
AcDbEntity
  8
TopPaste
 62
     8
100
AcDbHatch
 10
0.0
 20
0.0
 30
0.0
210
0.0
220
0.0
230
1.0
  2
SOLID
 70
     1
 71
     1
 91
        1
 92
        1
 93
        4
 72
     1
 10
-0.5749988500000001
 20
0.37500052
 11
-1.024997949999999
 21
0.37500052
 72
     1
 10
-1.024997949999999
 20
0.37500052
 11
-1.024997949999999
 21
1.02500176
 72
     1
 10
-1.024997949999999
 20
1.02500176
 11
-0.5749988500000001
 21
1.02500176
 72
     1
 10
-0.5749988500000001
 20
1.02500176
 11
-0.5749988500000001
 21
0.3750005199999999
 97
        1
330
368
 75
     0
 76
     1
 98
        0
450
        0
451
        0
460
0.0
461
0.0
452
        0
462
0.0
453
        0
470

  0
REGION
  5
36E
102
{ACAD_REACTORS
330
36F
102
}
330
34F
100
AcDbEntity
  8
TopPaste
 62
     8
100
AcDbModelerGeometry
 70
     1
  1
mnmoo mh m mi          
  1
ni ^ *+0;:,4 ^ *+0\^ [ mo ^ LR mmjqnqoqijjlj QK o  
  1
n fqfffffffffffffffjkh:roh nqooooooooooooooooli:rno 
  1
>,27:>;:- {rn rn _nl mmjqnqoqijjlj |
  1
=0;& {rn rn {rn {m {rn {rn |
  1
3*2/ {rn rn {rn {rn {l {n |
  1
,7:33 {rn rn {rn {rn {rn {k {rn {m |
  1
9><: {rn rn {rn {rn {j {l {rn {i 90-(>-; ;0*=3: 0*+ |
  1
300/ {rn rn {rn {rn {h {k |
  1
/3>1:r,*-9><: {rn rn {rn mqjkoooooooomlohfljm:roi oqioooonllfffffffflgi o o o rn rn o o 90-(>-;@) V V V V |
  1
<0:;8: {rn rn {rn {g {f {rn {no 90-(>-; {j {rn |
  1
<0:;8: {rn rn {rn {nn {h {rn {nm 90-(>-; {j {rn |
  1
<0:;8: {rn rn {rn {h {nn {rn {nl 90-(>-; {j {rn |
  1
:;8: {rn rn {rn {nk o {nj oqkkffffofffffffffgjm {h {ni 90-(>-; _h *1410(1 |
  1
<0:;8: {rn rn {rn {f {g {rn {nh 90-(>-; {j {rn |
  1
:;8: {rn rn {rn {nj o {ng oqgjooooglfffffffgigh {g {nf 90-(>-; _h *1410(1 |
  1
:;8: {rn rn {rn {mo o {nk oqgjooooglfffffffgigh {f {mn 90-(>-; _h *1410(1 |
  1
):-+:' {rn rn {rn {nl m {mm |
  1
):-+:' {rn rn {rn {nm m {ml |
  1
,+->687+r<*-): {rn rn {rn oqmmjoomogffffffffiom oqnhjooofnffffffffhij o rn o o V V |
  1
:;8: {rn rn {rn {ng o {mo oqkkffffofffffffffgjm {nn {mk 90-(>-; _h *1410(1 |
  1
):-+:' {rn rn {rn {nh m {mj |
  1
,+->687+r<*-): {rn rn {rn roqmmkffhonoooooooojmg oqnhjooofnffffffffhij o nqlghhhghgohgnkkjihi:rni n o V V |
  1
):-+:' {rn rn {rn {nl m {mi |
  1
,+->687+r<*-): {rn rn {rn oqmmjoomofoooooooonjh nqomjoonhjfffffffghl o rjqjjnnnjnmlnmjhgmhom:rnh rn o V V |
  1
/061+ {rn rn {rn oqmmjoomogffffffffiom oqnhjooofnffffffffhij o |
  1
/061+ {rn rn {rn roqmmkffhonoooooooojmg oqnhjooofnffffffffhij o |
  1
,+->687+r<*-): {rn rn {rn roqmmkffhooffffffffkng nqomjoonhjfffffffghl o n o o V V |
  1
/061+ {rn rn {rn roqmmkffhooffffffffkng nqomjoonhjfffffffghl o |
  1
/061+ {rn rn {rn oqmmjoomofoooooooonjh nqomjoonhjfffffffghl o |
  0
HATCH
  5
36F
330
34F
100
AcDbEntity
  8
TopPaste
 62
     8
100
AcDbHatch
 10
0.0
 20
0.0
 30
0.0
210
0.0
220
0.0
230
1.0
  2
SOLID
 70
     1
 71
     1
 91
        1
 92
        1
 93
        4
 72
     1
 10
0.22500209
 20
0.17500092
 11
-0.22499701
 21
0.17500092
 72
     1
 10
-0.2249970100000001
 20
0.17500092
 11
-0.2249970099999999
 21
1.02500176
 72
     1
 10
-0.2249970099999999
 20
1.02500176
 11
0.22500209
 21
1.02500176
 72
     1
 10
0.22500209
 20
1.02500176
 11
0.22500209
 21
0.17500092
 97
        1
330
36E
 75
     0
 76
     1
 98
        0
450
        0
451
        0
460
0.0
461
0.0
452
        0
462
0.0
453
        0
470

  0
REGION
  5
374
102
{ACAD_REACTORS
330
375
102
}
330
34F
100
AcDbEntity
  8
TopPaste
 62
     8
100
AcDbModelerGeometry
 70
     1
  1
mnmoo mh m mi          
  1
ni ^ *+0;:,4 ^ *+0\^ [ mo ^ LR mmjqnqoqijjlj QK o  
  1
n fqfffffffffffffffjkh:roh nqooooooooooooooooli:rno 
  1
>,27:>;:- {rn rn _nl mmjqnqoqijjlj |
  1
=0;& {rn rn {rn {m {rn {rn |
  1
3*2/ {rn rn {rn {rn {l {n |
  1
,7:33 {rn rn {rn {rn {rn {k {rn {m |
  1
9><: {rn rn {rn {rn {j {l {rn {i 90-(>-; ;0*=3: 0*+ |
  1
300/ {rn rn {rn {rn {h {k |
  1
/3>1:r,*-9><: {rn rn {rn oqgoooolkhffffffffgf oqhoooonnlffffffffnoh o o o rn rn o o 90-(>-;@) V V V V |
  1
<0:;8: {rn rn {rn {g {f {rn {no 90-(>-; {j {rn |
  1
<0:;8: {rn rn {rn {nn {h {rn {nm 90-(>-; {j {rn |
  1
<0:;8: {rn rn {rn {h {nn {rn {nl 90-(>-; {j {rn |
  1
:;8: {rn rn {rn {nk o {nj oqkkffffofffffffffgjm {h {ni 90-(>-; _h *1410(1 |
  1
<0:;8: {rn rn {rn {f {g {rn {nh 90-(>-; {j {rn |
  1
:;8: {rn rn {rn {nj o {ng oqijooonmlffffffffmki {g {nf 90-(>-; _h *1410(1 |
  1
:;8: {rn rn {rn {mo o {nk oqijooonmlffffffffmki {f {mn 90-(>-; _h *1410(1 |
  1
):-+:' {rn rn {rn {nl m {mm |
  1
):-+:' {rn rn {rn {nm m {ml |
  1
,+->687+r<*-): {rn rn {rn nqomjoolomffffffffmi oqlhjooojmooooooooolf o rn o o V V |
  1
:;8: {rn rn {rn {ng o {mo oqkkffffnoooooooookoh {nn {mk 90-(>-; _h *1410(1 |
  1
):-+:' {rn rn {rn {nh m {mj |
  1
,+->687+r<*-): {rn rn {rn oqjhjoolfmffffffffkof oqlhjooojmooooooooolf o o n o V V |
  1
):-+:' {rn rn {rn {nl m {mi |
  1
,+->687+r<*-): {rn rn {rn nqomjoolomffffffffmi nqomjoonhjfffffffghl o o rn o V V |
  1
/061+ {rn rn {rn nqomjoolomffffffffmi oqlhjooojmooooooooolf o |
  1
/061+ {rn rn {rn oqjhjoolfmffffffffkof oqlhjooojmooooooooolf o |
  1
,+->687+r<*-): {rn rn {rn oqjhjoolfmffffffffkof nqomjoonhjfffffffghl o oqfffffffffffffffggf o o V V |
  1
/061+ {rn rn {rn oqjhjoolfmffffffffkof nqomjoonhjfffffffghl o |
  1
/061+ {rn rn {rn nqomjoolomffffffffmi nqomjoonhjfffffffghl o |
  0
HATCH
  5
375
330
34F
100
AcDbEntity
  8
TopPaste
 62
     8
100
AcDbHatch
 10
0.0
 20
0.0
 30
0.0
210
0.0
220
0.0
230
1.0
  2
SOLID
 70
     1
 71
     1
 91
        1
 92
        1
 93
        4
 72
     1
 10
1.025003029999999
 20
0.37500052
 11
0.57500393
 21
0.37500052
 72
     1
 10
0.57500393
 20
0.37500052
 11
0.57500393
 21
1.02500176
 72
     1
 10
0.57500393
 20
1.02500176
 11
1.025003029999999
 21
1.02500176
 72
     1
 10
1.025003029999999
 20
1.02500176
 11
1.025003029999999
 21
0.3750005199999999
 97
        1
330
374
 75
     0
 76
     1
 98
        0
450
        0
451
        0
460
0.0
461
0.0
452
        0
462
0.0
453
        0
470

  0
ENDBLK
  5
351
330
34F
100
AcDbEntity
  8
0
100
AcDbBlockEnd
  0
BLOCK
  5
378
330
377
100
AcDbEntity
  8
0
100
AcDbBlockBegin
  2
QFN_56_7_7_20
 70
     0
 10
0.0
 20
0.0
 30
0.0
  3
QFN_56_7_7_20
  1

  0
LWPOLYLINE
  5
37A
330
377
100
AcDbEntity
  8
TopOverlay
100
AcDbPolyline
 90
        2
 70
     0
 43
0.1524
 10
-3.5762184
 20
-3.57621586
 10
-3.5762184
 20
-2.90253166
  0
LWPOLYLINE
  5
37B
330
377
100
AcDbEntity
  8
TopOverlay
100
AcDbPolyline
 90
        2
 70
     1
 43
0.0762
 10
-3.6143184
 20
-3.57621586
 42
1.0
 10
-3.5381184
 20
-3.57621586
 42
1.0
  0
LWPOLYLINE
  5
37C
330
377
100
AcDbEntity
  8
TopOverlay
100
AcDbPolyline
 90
        2
 70
     1
 43
0.0762
 10
-3.6143184
 20
-2.90253166
 42
1.0
 10
-3.5381184
 20
-2.90253166
 42
1.0
  0
LWPOLYLINE
  5
37D
330
377
100
AcDbEntity
  8
TopOverlay
100
AcDbPolyline
 90
        2
 70
     0
 43
0.1524
 10
-3.5762184
 20
-3.57621586
 10
-2.902534199999999
 20
-3.57621586
  0
LWPOLYLINE
  5
37E
330
377
100
AcDbEntity
  8
TopOverlay
100
AcDbPolyline
 90
        2
 70
     1
 43
0.0762
 10
-3.6143184
 20
-3.57621586
 42
1.0
 10
-3.5381184
 20
-3.57621586
 42
1.0
  0
LWPOLYLINE
  5
37F
330
377
100
AcDbEntity
  8
TopOverlay
100
AcDbPolyline
 90
        2
 70
     1
 43
0.0762
 10
-2.940634199999999
 20
-3.57621586
 42
1.0
 10
-2.8644342
 20
-3.57621586
 42
1.0
  0
LWPOLYLINE
  5
380
330
377
100
AcDbEntity
  8
TopOverlay
100
AcDbPolyline
 90
        2
 70
     0
 43
0.1524
 10
-3.5762184
 20
2.90251134
 10
-3.5762184
 20
3.576220939999999
  0
LWPOLYLINE
  5
381
330
377
100
AcDbEntity
  8
TopOverlay
100
AcDbPolyline
 90
        2
 70
     1
 43
0.0762
 10
-3.6143184
 20
2.90251134
 42
1.0
 10
-3.5381184
 20
2.90251134
 42
1.0
  0
LWPOLYLINE
  5
382
330
377
100
AcDbEntity
  8
TopOverlay
100
AcDbPolyline
 90
        2
 70
     1
 43
0.0762
 10
-3.6143184
 20
3.576220939999999
 42
1.0
 10
-3.5381184
 20
3.576220939999999
 42
1.0
  0
LWPOLYLINE
  5
383
330
377
100
AcDbEntity
  8
TopOverlay
100
AcDbPolyline
 90
        2
 70
     0
 43
0.1524
 10
-3.5762184
 20
3.576220939999999
 10
-2.902534199999999
 20
3.576220939999999
  0
LWPOLYLINE
  5
384
330
377
100
AcDbEntity
  8
TopOverlay
100
AcDbPolyline
 90
        2
 70
     1
 43
0.0762
 10
-3.6143184
 20
3.576220939999999
 42
1.0
 10
-3.5381184
 20
3.576220939999999
 42
1.0
  0
LWPOLYLINE
  5
385
330
377
100
AcDbEntity
  8
TopOverlay
100
AcDbPolyline
 90
        2
 70
     1
 43
0.0762
 10
-2.940634199999999
 20
3.576220939999999
 42
1.0
 10
-2.8644342
 20
3.576220939999999
 42
1.0
  0
LWPOLYLINE
  5
386
330
377
100
AcDbEntity
  8
TopOverlay
100
AcDbPolyline
 90
        2
 70
     0
 43
0.1524
 10
3.5762184
 20
-3.57621586
 10
3.5762184
 20
-2.90253166
  0
LWPOLYLINE
  5
387
330
377
100
AcDbEntity
  8
TopOverlay
100
AcDbPolyline
 90
        2
 70
     1
 43
0.0762
 10
3.5381184
 20
-3.57621586
 42
1.0
 10
3.6143184
 20
-3.57621586
 42
1.0
  0
LWPOLYLINE
  5
388
330
377
100
AcDbEntity
  8
TopOverlay
100
AcDbPolyline
 90
        2
 70
     1
 43
0.0762
 10
3.5381184
 20
-2.90253166
 42
1.0
 10
3.6143184
 20
-2.90253166
 42
1.0
  0
LWPOLYLINE
  5
389
330
377
100
AcDbEntity
  8
TopOverlay
100
AcDbPolyline
 90
        2
 70
     0
 43
0.1524
 10
2.9025088
 20
-3.57621586
 10
3.5762184
 20
-3.57621586
  0
LWPOLYLINE
  5
38A
330
377
100
AcDbEntity
  8
TopOverlay
100
AcDbPolyline
 90
        2
 70
     1
 43
0.0762
 10
2.864408799999999
 20
-3.57621586
 42
1.0
 10
2.9406088
 20
-3.57621586
 42
1.0
  0
LWPOLYLINE
  5
38B
330
377
100
AcDbEntity
  8
TopOverlay
100
AcDbPolyline
 90
        2
 70
     1
 43
0.0762
 10
3.5381184
 20
-3.57621586
 42
1.0
 10
3.6143184
 20
-3.57621586
 42
1.0
  0
LWPOLYLINE
  5
38C
330
377
100
AcDbEntity
  8
TopOverlay
100
AcDbPolyline
 90
        2
 70
     0
 43
0.1524
 10
3.5762184
 20
2.90251134
 10
3.5762184
 20
3.576220939999999
  0
LWPOLYLINE
  5
38D
330
377
100
AcDbEntity
  8
TopOverlay
100
AcDbPolyline
 90
        2
 70
     1
 43
0.0762
 10
3.5381184
 20
2.90251134
 42
1.0
 10
3.6143184
 20
2.90251134
 42
1.0
  0
LWPOLYLINE
  5
38E
330
377
100
AcDbEntity
  8
TopOverlay
100
AcDbPolyline
 90
        2
 70
     1
 43
0.0762
 10
3.5381184
 20
3.576220939999999
 42
1.0
 10
3.6143184
 20
3.576220939999999
 42
1.0
  0
LWPOLYLINE
  5
38F
330
377
100
AcDbEntity
  8
TopOverlay
100
AcDbPolyline
 90
        2
 70
     0
 43
0.1524
 10
2.9025088
 20
3.576220939999999
 10
3.5762184
 20
3.576220939999999
  0
LWPOLYLINE
  5
390
330
377
100
AcDbEntity
  8
TopOverlay
100
AcDbPolyline
 90
        2
 70
     1
 43
0.0762
 10
2.864408799999999
 20
3.576220939999999
 42
1.0
 10
2.9406088
 20
3.576220939999999
 42
1.0
  0
LWPOLYLINE
  5
391
330
377
100
AcDbEntity
  8
TopOverlay
100
AcDbPolyline
 90
        2
 70
     1
 43
0.0762
 10
3.5381184
 20
3.576220939999999
 42
1.0
 10
3.6143184
 20
3.576220939999999
 42
1.0
  0
LWPOLYLINE
  5
392
330
377
100
AcDbEntity
  8
TopOverlay
100
AcDbPolyline
 90
        2
 70
     1
 43
0.1500124
 10
-3.9648892
 20
2.599997339999999
 42
1.0
 10
-4.114749199999998
 20
2.599997339999999
 42
1.0
  0
LWPOLYLINE
  5
393
330
377
100
AcDbEntity
  8
TopOverlay
100
AcDbPolyline
 90
        2
 70
     1
 43
0.0750062
 10
-4.002392299999999
 20
2.599997339999999
 42
1.0
 10
-3.9273861
 20
2.599997339999999
 42
1.0
  0
LWPOLYLINE
  5
394
330
377
100
AcDbEntity
  8
TopOverlay
100
AcDbPolyline
 90
        2
 70
     1
 43
0.0750062
 10
-4.152252299999999
 20
2.599997339999999
 42
1.0
 10
-4.077246099999999
 20
2.599997339999999
 42
1.0
  0
REGION
  5
396
102
{ACAD_REACTORS
330
397
102
}
330
377
100
AcDbEntity
  8
ViaHoleLayer
 62
    16
100
AcDbModelerGeometry
 70
     1
  1
mnmoo nm m mi          
  1
ni ^ *+0;:,4 ^ *+0\^ [ mo ^ LR mmjqnqoqijjlj QK o  
  1
n fqfffffffffffffffjkh:roh nqooooooooooooooooli:rno 
  1
>,27:>;:- {rn rn _nl mmjqnqoqijjlj |
  1
=0;& {rn rn {rn {m {rn {rn |
  1
3*2/ {rn rn {rn {rn {l {n |
  1
,7:33 {rn rn {rn {rn {rn {k {rn {m |
  1
9><: {rn rn {rn {rn {j {l {rn {i 90-(>-; ;0*=3: 0*+ |
  1
300/ {rn rn {rn {rn {h {k |
  1
/3>1:r,*-9><: {rn rn {rn roqohinkfmooooooooomhfg oqfffhfhllfffffffgihg o o o n n o o 90-(>-;@) V V V V |
  1
<0:;8: {rn rn {rn {h {h {rn {g 90-(>-; {j {rn |
  1
:;8: {rn rn {rn {f o {f iqmglngjlohnhfjgimlm {h {no 90-(>-; _h *1410(1 |
  1
):-+:' {rn rn {rn {g m {nn |
  1
:336/,:r<*-): {rn rn {rn jqohfffffffffffffkhk:roj oqfffhfhllfffffffgihg o o o n oqnjmkooooooooooooohh o o n V V |
  1
/061+ {rn rn {rn oqnjmkjohffffffffffhk oqfffhfhllfffffffgihg o |
  0
HATCH
  5
397
330
377
100
AcDbEntity
  8
ViaHoleLayer
 62
    16
100
AcDbHatch
 10
0.0
 20
0.0
 30
0.0
210
0.0
220
0.0
230
1.0
  2
SOLID
 70
     1
 71
     1
 91
        1
 92
        1
 93
        1
 72
     2
 10
0.0000508
 20
0.9997973399999999
 40
0.1524
 50
0.0
 51
360.0
 73
     1
 97
        1
330
396
 75
     0
 76
     1
 98
        0
450
        0
451
        0
460
0.0
461
0.0
452
        0
462
0.0
453
        0
470

  0
REGION
  5
399
102
{ACAD_REACTORS
330
39A
102
}
330
377
100
AcDbEntity
  8
ViaHoleLayer
 62
    16
100
AcDbModelerGeometry
 70
     1
  1
mnmoo nm m mi          
  1
ni ^ *+0;:,4 ^ *+0\^ [ mo ^ LR mmjqnqoqijjlj QK o  
  1
n fqfffffffffffffffjkh:roh nqooooooooooooooooli:rno 
  1
>,27:>;:- {rn rn _nl mmjqnqoqijjlj |
  1
=0;& {rn rn {rn {m {rn {rn |
  1
3*2/ {rn rn {rn {rn {l {n |
  1
,7:33 {rn rn {rn {rn {rn {k {rn {m |
  1
9><: {rn rn {rn {rn {j {l {rn {i 90-(>-; ;0*=3: 0*+ |
  1
300/ {rn rn {rn {rn {h {k |
  1
/3>1:r,*-9><: {rn rn {rn roqohjiknmooooooooonfjl roqfffifoijffffffffjlm o o o n n o o 90-(>-;@) V V V V |
  1
<0:;8: {rn rn {rn {h {h {rn {g 90-(>-; {j {rn |
  1
:;8: {rn rn {rn {f o {f iqmglngjlohnhfjgimlm {h {no 90-(>-; _h *1410(1 |
  1
):-+:' {rn rn {rn {g m {nn |
  1
:336/,:r<*-): {rn rn {rn oqooojjghffffffffffffmng roqfffifoijffffffffjlm o o o n oqnjmkooooooooooooohh o o n V V |
  1
/061+ {rn rn {rn oqnjmfjggoooooooooojf roqfffifoijffffffffjlm o |
  0
HATCH
  5
39A
330
377
100
AcDbEntity
  8
ViaHoleLayer
 62
    16
100
AcDbHatch
 10
0.0
 20
0.0
 30
0.0
210
0.0
220
0.0
230
1.0
  2
SOLID
 70
     1
 71
     1
 91
        1
 92
        1
 93
        1
 72
     2
 10
0.0005588
 20
-0.9996906599999999
 40
0.1524
 50
0.0
 51
360.0
 73
     1
 97
        1
330
399
 75
     0
 76
     1
 98
        0
450
        0
451
        0
460
0.0
461
0.0
452
        0
462
0.0
453
        0
470

  0
REGION
  5
39C
102
{ACAD_REACTORS
330
39D
102
}
330
377
100
AcDbEntity
  8
ViaHoleLayer
 62
    16
100
AcDbModelerGeometry
 70
     1
  1
mnmoo nm m mi          
  1
ni ^ *+0;:,4 ^ *+0\^ [ mo ^ LR mmjqnqoqijjlj QK o  
  1
n fqfffffffffffffffjkh:roh nqooooooooooooooooli:rno 
  1
>,27:>;:- {rn rn _nl mmjqnqoqijjlj |
  1
=0;& {rn rn {rn {m {rn {rn |
  1
3*2/ {rn rn {rn {rn {l {n |
  1
,7:33 {rn rn {rn {rn {rn {k {rn {m |
  1
9><: {rn rn {rn {rn {j {l {rn {i 90-(>-; ;0*=3: 0*+ |
  1
300/ {rn rn {rn {rn {h {k |
  1
/3>1:r,*-9><: {rn rn {rn roqohinkfmooooooooomhfg roqooomooijffffffffilikjm o o o n n o o 90-(>-;@) V V V V |
  1
<0:;8: {rn rn {rn {h {h {rn {g 90-(>-; {j {rn |
  1
:;8: {rn rn {rn {f o {f iqmglngjlohnhfjgimlm {h {no 90-(>-; _h *1410(1 |
  1
):-+:' {rn rn {rn {g m {nn |
  1
:336/,:r<*-): {rn rn {rn jqohfffffffffffffkhk:roj roqooomooijffffffffffffln o o o n oqnjmkooooooooooooohh o o n V V |
  1
/061+ {rn rn {rn oqnjmkjohffffffffffhk roqooomooijffffffffffffln o |
  0
HATCH
  5
39D
330
377
100
AcDbEntity
  8
ViaHoleLayer
 62
    16
100
AcDbHatch
 10
0.0
 20
0.0
 30
0.0
210
0.0
220
0.0
230
1.0
  2
SOLID
 70
     1
 71
     1
 91
        1
 92
        1
 93
        1
 72
     2
 10
0.0000508
 20
-0.00020066
 40
0.1524
 50
0.0
 51
360.0
 73
     1
 97
        1
330
39C
 75
     0
 76
     1
 98
        0
450
        0
451
        0
460
0.0
461
0.0
452
        0
462
0.0
453
        0
470

  0
REGION
  5
39F
102
{ACAD_REACTORS
330
3A0
102
}
330
377
100
AcDbEntity
  8
ViaHoleLayer
 62
    16
100
AcDbModelerGeometry
 70
     1
  1
mnmoo nm m mi          
  1
ni ^ *+0;:,4 ^ *+0\^ [ mo ^ LR mmjqnqoqijjlj QK o  
  1
n fqfffffffffffffffjkh:roh nqooooooooooooooooli:rno 
  1
>,27:>;:- {rn rn _nl mmjqnqoqijjlj |
  1
=0;& {rn rn {rn {m {rn {rn |
  1
3*2/ {rn rn {rn {rn {l {n |
  1
,7:33 {rn rn {rn {rn {rn {k {rn {m |
  1
9><: {rn rn {rn {rn {j {l {rn {i 90-(>-; ;0*=3: 0*+ |
  1
300/ {rn rn {rn {rn {h {k |
  1
/3>1:r,*-9><: {rn rn {rn rnqohinkhnffffffffgjf rnqooonfgijffffffffoi o o o n n o o 90-(>-;@) V V V V |
  1
<0:;8: {rn rn {rn {h {h {rn {g 90-(>-; {j {rn |
  1
:;8: {rn rn {rn {f o {f iqmglngjlohnhfjgimlm {h {no 90-(>-; _h *1410(1 |
  1
):-+:' {rn rn {rn {g m {nn |
  1
:336/,:r<*-): {rn rn {rn roqffffkhnfffffffffmj rnqooonfgijffffffffoi o o o n oqnjmkooooooooooooohh o o n V V |
  1
/061+ {rn rn {rn roqgkhjkhnfffffffffkjn rnqooonfgijffffffffoi o |
  0
HATCH
  5
3A0
330
377
100
AcDbEntity
  8
ViaHoleLayer
 62
    16
100
AcDbHatch
 10
0.0
 20
0.0
 30
0.0
210
0.0
220
0.0
230
1.0
  2
SOLID
 70
     1
 71
     1
 91
        1
 92
        1
 93
        1
 72
     2
 10
-0.9999472
 20
-1.000198659999999
 40
0.1524
 50
0.0
 51
360.0
 73
     1
 97
        1
330
39F
 75
     0
 76
     1
 98
        0
450
        0
451
        0
460
0.0
461
0.0
452
        0
462
0.0
453
        0
470

  0
REGION
  5
3A2
102
{ACAD_REACTORS
330
3A3
102
}
330
377
100
AcDbEntity
  8
ViaHoleLayer
 62
    16
100
AcDbModelerGeometry
 70
     1
  1
mnmoo nm m mi          
  1
ni ^ *+0;:,4 ^ *+0\^ [ mo ^ LR mmjqnqoqijjlj QK o  
  1
n fqfffffffffffffffjkh:roh nqooooooooooooooooli:rno 
  1
>,27:>;:- {rn rn _nl mmjqnqoqijjlj |
  1
=0;& {rn rn {rn {m {rn {rn |
  1
3*2/ {rn rn {rn {rn {l {n |
  1
,7:33 {rn rn {rn {rn {rn {k {rn {m |
  1
9><: {rn rn {rn {rn {j {l {rn {i 90-(>-; ;0*=3: 0*+ |
  1
300/ {rn rn {rn {rn {h {k |
  1
/3>1:r,*-9><: {rn rn {rn oqfmlgkghffffffffgolj rnqooonfgijffffffffoi o o o n n o o 90-(>-;@) V V V V |
  1
<0:;8: {rn rn {rn {h {h {rn {g 90-(>-; {j {rn |
  1
:;8: {rn rn {rn {f o {f iqmglngjlohnhfjgimlm {h {no 90-(>-; _h *1410(1 |
  1
):-+:' {rn rn {rn {g m {nn |
  1
:336/,:r<*-): {rn rn {rn nqooookghffffffffgkf rnqooonfgijffffffffoi o o o n oqnjmkooooooooooooohh o o n V V |
  1
/061+ {rn rn {rn nqnjmkkghfffffffffk rnqooonfgijffffffffoi o |
  0
HATCH
  5
3A3
330
377
100
AcDbEntity
  8
ViaHoleLayer
 62
    16
100
AcDbHatch
 10
0.0
 20
0.0
 30
0.0
210
0.0
220
0.0
230
1.0
  2
SOLID
 70
     1
 71
     1
 91
        1
 92
        1
 93
        1
 72
     2
 10
1.0000488
 20
-1.000198659999999
 40
0.1524
 50
0.0
 51
360.0
 73
     1
 97
        1
330
3A2
 75
     0
 76
     1
 98
        0
450
        0
451
        0
460
0.0
461
0.0
452
        0
462
0.0
453
        0
470

  0
REGION
  5
3A5
102
{ACAD_REACTORS
330
3A6
102
}
330
377
100
AcDbEntity
  8
ViaHoleLayer
 62
    16
100
AcDbModelerGeometry
 70
     1
  1
mnmoo nm m mi          
  1
ni ^ *+0;:,4 ^ *+0\^ [ mo ^ LR mmjqnqoqijjlj QK o  
  1
n fqfffffffffffffffjkh:roh nqooooooooooooooooli:rno 
  1
>,27:>;:- {rn rn _nl mmjqnqoqijjlj |
  1
=0;& {rn rn {rn {m {rn {rn |
  1
3*2/ {rn rn {rn {rn {l {n |
  1
,7:33 {rn rn {rn {rn {rn {k {rn {m |
  1
9><: {rn rn {rn {rn {j {l {rn {i 90-(>-; ;0*=3: 0*+ |
  1
300/ {rn rn {rn {rn {h {k |
  1
/3>1:r,*-9><: {rn rn {rn rnqohjgflnffffffffggl oqfffhfhllfffffffgihg o o o n n o o 90-(>-;@) V V V V |
  1
<0:;8: {rn rn {rn {h {h {rn {g 90-(>-; {j {rn |
  1
:;8: {rn rn {rn {f o {f iqmglngjlohnhfjgimlm {h {no 90-(>-; _h *1410(1 |
  1
):-+:' {rn rn {rn {g m {nn |
  1
:336/,:r<*-): {rn rn {rn roqfffiflnffffffffglhj oqfffhfhllfffffffgihg o o o n oqnjmkooooooooooooohh o o n V V |
  1
/061+ {rn rn {rn roqgkhmflnffffffffgjhi oqfffhfhllfffffffgihg o |
  0
HATCH
  5
3A6
330
377
100
AcDbEntity
  8
ViaHoleLayer
 62
    16
100
AcDbHatch
 10
0.0
 20
0.0
 30
0.0
210
0.0
220
0.0
230
1.0
  2
SOLID
 70
     1
 71
     1
 91
        1
 92
        1
 93
        1
 72
     2
 10
-0.9996931999999997
 20
0.9997973399999999
 40
0.1524
 50
0.0
 51
360.0
 73
     1
 97
        1
330
3A5
 75
     0
 76
     1
 98
        0
450
        0
451
        0
460
0.0
461
0.0
452
        0
462
0.0
453
        0
470

  0
REGION
  5
3A8
102
{ACAD_REACTORS
330
3A9
102
}
330
377
100
AcDbEntity
  8
ViaHoleLayer
 62
    16
100
AcDbModelerGeometry
 70
     1
  1
mnmoo nm m mi          
  1
ni ^ *+0;:,4 ^ *+0\^ [ mo ^ LR mmjqnqoqijjlj QK o  
  1
n fqfffffffffffffffjkh:roh nqooooooooooooooooli:rno 
  1
>,27:>;:- {rn rn _nl mmjqnqoqijjlj |
  1
=0;& {rn rn {rn {m {rn {rn |
  1
3*2/ {rn rn {rn {rn {l {n |
  1
,7:33 {rn rn {rn {rn {rn {k {rn {m |
  1
9><: {rn rn {rn {rn {j {l {rn {i 90-(>-; ;0*=3: 0*+ |
  1
300/ {rn rn {rn {rn {h {k |
  1
/3>1:r,*-9><: {rn rn {rn rnqohjgflnffffffffggl jqllkooooooookojhhng:roj o o o n n o o 90-(>-;@) V V V V |
  1
<0:;8: {rn rn {rn {h {h {rn {g 90-(>-; {j {rn |
  1
:;8: {rn rn {rn {f o {f iqmglngjlohnhfjgimlm {h {no 90-(>-; _h *1410(1 |
  1
):-+:' {rn rn {rn {g m {nn |
  1
:336/,:r<*-): {rn rn {rn roqfffiflnffffffffglhj jqlllffffffffffffknl:roj o o o n oqnjmkooooooooooooohh o o n V V |
  1
/061+ {rn rn {rn roqgkhmflnffffffffgjhi jqlllffffffffffffknl:roj o |
  0
HATCH
  5
3A9
330
377
100
AcDbEntity
  8
ViaHoleLayer
 62
    16
100
AcDbHatch
 10
0.0
 20
0.0
 30
0.0
210
0.0
220
0.0
230
1.0
  2
SOLID
 70
     1
 71
     1
 91
        1
 92
        1
 93
        1
 72
     2
 10
-0.9996931999999997
 20
0.00005334
 40
0.1524
 50
0.0
 51
360.0
 73
     1
 97
        1
330
3A8
 75
     0
 76
     1
 98
        0
450
        0
451
        0
460
0.0
461
0.0
452
        0
462
0.0
453
        0
470

  0
REGION
  5
3AB
102
{ACAD_REACTORS
330
3AC
102
}
330
377
100
AcDbEntity
  8
ViaHoleLayer
 62
    16
100
AcDbModelerGeometry
 70
     1
  1
mnmoo nm m mi          
  1
ni ^ *+0;:,4 ^ *+0\^ [ mo ^ LR mmjqnqoqijjlj QK o  
  1
n fqfffffffffffffffjkh:roh nqooooooooooooooooli:rno 
  1
>,27:>;:- {rn rn _nl mmjqnqoqijjlj |
  1
=0;& {rn rn {rn {m {rn {rn |
  1
3*2/ {rn rn {rn {rn {l {n |
  1
,7:33 {rn rn {rn {rn {rn {k {rn {m |
  1
9><: {rn rn {rn {rn {j {l {rn {i 90-(>-; ;0*=3: 0*+ |
  1
300/ {rn rn {rn {rn {h {k |
  1
/3>1:r,*-9><: {rn rn {rn oqfmlgkghffffffffgolj oqfffhfhllfffffffgihg o o o n n o o 90-(>-;@) V V V V |
  1
<0:;8: {rn rn {rn {h {h {rn {g 90-(>-; {j {rn |
  1
:;8: {rn rn {rn {f o {f iqmglngjlohnhfjgimlm {h {no 90-(>-; _h *1410(1 |
  1
):-+:' {rn rn {rn {g m {nn |
  1
:336/,:r<*-): {rn rn {rn nqooookghffffffffgkf oqfffhfhllfffffffgihg o o o n oqnjmkooooooooooooohh o o n V V |
  1
/061+ {rn rn {rn nqnjmkkghfffffffffk oqfffhfhllfffffffgihg o |
  0
HATCH
  5
3AC
330
377
100
AcDbEntity
  8
ViaHoleLayer
 62
    16
100
AcDbHatch
 10
0.0
 20
0.0
 30
0.0
210
0.0
220
0.0
230
1.0
  2
SOLID
 70
     1
 71
     1
 91
        1
 92
        1
 93
        1
 72
     2
 10
1.0000488
 20
0.9997973399999999
 40
0.1524
 50
0.0
 51
360.0
 73
     1
 97
        1
330
3AB
 75
     0
 76
     1
 98
        0
450
        0
451
        0
460
0.0
461
0.0
452
        0
462
0.0
453
        0
470

  0
REGION
  5
3AE
102
{ACAD_REACTORS
330
3AF
102
}
330
377
100
AcDbEntity
  8
ViaHoleLayer
 62
    16
100
AcDbModelerGeometry
 70
     1
  1
mnmoo nm m mi          
  1
ni ^ *+0;:,4 ^ *+0\^ [ mo ^ LR mmjqnqoqijjlj QK o  
  1
n fqfffffffffffffffjkh:roh nqooooooooooooooooli:rno 
  1
>,27:>;:- {rn rn _nl mmjqnqoqijjlj |
  1
=0;& {rn rn {rn {m {rn {rn |
  1
3*2/ {rn rn {rn {rn {l {n |
  1
,7:33 {rn rn {rn {rn {rn {k {rn {m |
  1
9><: {rn rn {rn {rn {j {l {rn {i 90-(>-; ;0*=3: 0*+ |
  1
300/ {rn rn {rn {rn {h {k |
  1
/3>1:r,*-9><: {rn rn {rn oqfmlgkghffffffffgolj roqooomooijffffffffilikjm o o o n n o o 90-(>-;@) V V V V |
  1
<0:;8: {rn rn {rn {h {h {rn {g 90-(>-; {j {rn |
  1
:;8: {rn rn {rn {f o {f iqmglngjlohnhfjgimlm {h {no 90-(>-; _h *1410(1 |
  1
):-+:' {rn rn {rn {g m {nn |
  1
:336/,:r<*-): {rn rn {rn nqooookghffffffffgkf roqooomooijffffffffffffln o o o n oqnjmkooooooooooooohh o o n V V |
  1
/061+ {rn rn {rn nqnjmkkghfffffffffk roqooomooijffffffffffffln o |
  0
HATCH
  5
3AF
330
377
100
AcDbEntity
  8
ViaHoleLayer
 62
    16
100
AcDbHatch
 10
0.0
 20
0.0
 30
0.0
210
0.0
220
0.0
230
1.0
  2
SOLID
 70
     1
 71
     1
 91
        1
 92
        1
 93
        1
 72
     2
 10
1.0000488
 20
-0.00020066
 40
0.1524
 50
0.0
 51
360.0
 73
     1
 97
        1
330
3AE
 75
     0
 76
     1
 98
        0
450
        0
451
        0
460
0.0
461
0.0
452
        0
462
0.0
453
        0
470

  0
REGION
  5
3B4
102
{ACAD_REACTORS
330
3B5
102
}
330
377
100
AcDbEntity
  8
TopPaste
 62
     8
100
AcDbModelerGeometry
 70
     1
  1
mnmoo mh m mi          
  1
ni ^ *+0;:,4 ^ *+0\^ [ mo ^ LR mmjqnqoqijjlj QK o  
  1
n fqfffffffffffffffjkh:roh nqooooooooooooooooli:rno 
  1
>,27:>;:- {rn rn _nl mmjqnqoqijjlj |
  1
=0;& {rn rn {rn {m {rn {rn |
  1
3*2/ {rn rn {rn {rn {l {n |
  1
,7:33 {rn rn {rn {rn {rn {k {rn {m |
  1
9><: {rn rn {rn {rn {j {l {rn {i 90-(>-; ;0*=3: 0*+ |
  1
300/ {rn rn {rn {rn {h {k |
  1
/3>1:r,*-9><: {rn rn {rn o nqfffffgjlfffffffhif o o o rn rn o o 90-(>-;@) V V V V |
  1
<0:;8: {rn rn {rn {g {f {rn {no 90-(>-; {j {rn |
  1
<0:;8: {rn rn {rn {nn {h {rn {nm 90-(>-; {j {rn |
  1
<0:;8: {rn rn {rn {h {nn {rn {nl 90-(>-; {j {rn |
  1
:;8: {rn rn {rn {nk o {nj lqfffffmooooooooomnk {h {ni 90-(>-; _h *1410(1 |
  1
<0:;8: {rn rn {rn {f {g {rn {nh 90-(>-; {j {rn |
  1
:;8: {rn rn {rn {nj o {ng lqfffffnfffffffffhh {g {nf 90-(>-; _h *1410(1 |
  1
:;8: {rn rn {rn {mo o {nk lqfffffnfffffffffhh {f {mn 90-(>-; _h *1410(1 |
  1
):-+:' {rn rn {rn {nl m {mm |
  1
):-+:' {rn rn {rn {nm m {ml |
  1
,+->687+r<*-): {rn rn {rn rnqfffffiooooooooonoh nqfffffgjlfffffffhif o n o o V V |
  1
:;8: {rn rn {rn {ng o {mo lqfffffmooooooooomnk {nn {mk 90-(>-; _h *1410(1 |
  1
):-+:' {rn rn {rn {nh m {mj |
  1
,+->687+r<*-): {rn rn {rn nqfffffiooooooooonoh nqfffffgjlfffffffhif o o rn o V V |
  1
):-+:' {rn rn {rn {nl m {mi |
  1
,+->687+r<*-): {rn rn {rn rnqfffffiooooooooonoh rnqffffflkiooooooooon o o n o V V |
  1
/061+ {rn rn {rn rnqfffffiooooooooonoh nqfffffgjlfffffffhif o |
  1
/061+ {rn rn {rn nqfffffiooooooooonoh nqfffffgjlfffffffhif o |
  1
,+->687+r<*-): {rn rn {rn nqfffffiooooooooonoh rnqffffflkiooooooooon o rn o o V V |
  1
/061+ {rn rn {rn nqfffffiooooooooonoh rnqffffflkiooooooooon o |
  1
/061+ {rn rn {rn rnqfffffiooooooooonoh rnqffffflkiooooooooon o |
  0
HATCH
  5
3B5
330
377
100
AcDbEntity
  8
TopPaste
 62
     8
100
AcDbHatch
 10
0.0
 20
0.0
 30
0.0
210
0.0
220
0.0
230
1.0
  2
SOLID
 70
     1
 71
     1
 91
        1
 92
        1
 93
        4
 72
     1
 10
-1.999995999999999
 20
1.999998539999999
 11
1.999995999999999
 21
1.999998539999999
 72
     1
 10
1.999995999999999
 20
1.999998539999999
 11
1.999995999999999
 21
-1.999993459999999
 72
     1
 10
1.999995999999999
 20
-1.999993459999999
 11
-1.999995999999999
 21
-1.999993459999999
 72
     1
 10
-1.999995999999999
 20
-1.999993459999999
 11
-1.999995999999999
 21
1.999998539999999
 97
        1
330
3B4
 75
     0
 76
     1
 98
        0
450
        0
451
        0
460
0.0
461
0.0
452
        0
462
0.0
453
        0
470

  0
REGION
  5
3BA
102
{ACAD_REACTORS
330
3BB
102
}
330
377
100
AcDbEntity
  8
TopPaste
 62
     8
100
AcDbModelerGeometry
 70
     1
  1
mnmoo mh m mi          
  1
ni ^ *+0;:,4 ^ *+0\^ [ mo ^ LR mmjqnqoqijjlj QK o  
  1
n fqfffffffffffffffjkh:roh nqooooooooooooooooli:rno 
  1
>,27:>;:- {rn rn _nl mmjqnqoqijjlj |
  1
=0;& {rn rn {rn {m {rn {rn |
  1
3*2/ {rn rn {rn {rn {l {n |
  1
,7:33 {rn rn {rn {rn {rn {k {rn {m |
  1
9><: {rn rn {rn {rn {j {l {rn {i 90-(>-; ;0*=3: 0*+ |
  1
300/ {rn rn {rn {rn {h {k |
  1
/3>1:r,*-9><: {rn rn {rn rmqjffffkgoooooooonin lqkohjnknlffffffffif o o o rn rn o o 90-(>-;@) V V V V |
  1
<0:;8: {rn rn {rn {g {f {rn {no 90-(>-; {j {rn |
  1
<0:;8: {rn rn {rn {nn {h {rn {nm 90-(>-; {j {rn |
  1
<0:;8: {rn rn {rn {h {nn {rn {nl 90-(>-; {j {rn |
  1
:;8: {rn rn {rn {nk o {nj oqnfffffioooooooolggm {h {ni 90-(>-; _h *1410(1 |
  1
<0:;8: {rn rn {rn {f {g {rn {nh 90-(>-; {j {rn |
  1
:;8: {rn rn {rn {nj o {ng oqiikffhkoooooooomflg {g {nf 90-(>-; _h *1410(1 |
  1
:;8: {rn rn {rn {mo o {nk oqiikffhkoooooooomflg {f {mn 90-(>-; _h *1410(1 |
  1
):-+:' {rn rn {rn {nl m {mm |
  1
):-+:' {rn rn {rn {nm m {ml |
  1
,+->687+r<*-): {rn rn {rn rmqiffffkioooooooonll lqhkoonmglfffffffgfk o n o o V V |
  1
:;8: {rn rn {rn {ng o {mo oqnfffffioooooooolggm {nn {mk 90-(>-; _h *1410(1 |
  1
):-+:' {rn rn {rn {nh m {mj |
  1
,+->687+r<*-): {rn rn {rn rmqkffffkfffffffffhkj lqhkoonmglfffffffgfk o o rn o V V |
  1
):-+:' {rn rn {rn {nl m {mi |
  1
,+->687+r<*-): {rn rn {rn rmqiffffkioooooooonll lqohjonjklfffffffi o o n o V V |
  1
/061+ {rn rn {rn rmqiffffkioooooooonll lqhkoonmglfffffffgfk o |
  1
/061+ {rn rn {rn rmqkffffkfffffffffhkj lqhkoonmglfffffffgfk o |
  1
,+->687+r<*-): {rn rn {rn rmqkffffkfffffffffhkj lqohjonjklfffffffi o rn o o V V |
  1
/061+ {rn rn {rn rmqkffffkfffffffffhkj lqohjonjklfffffffi o |
  1
/061+ {rn rn {rn rmqiffffkioooooooonll lqohjonjklfffffffi o |
  0
HATCH
  5
3BB
330
377
100
AcDbEntity
  8
TopPaste
 62
     8
100
AcDbHatch
 10
0.0
 20
0.0
 30
0.0
210
0.0
220
0.0
230
1.0
  2
SOLID
 70
     1
 71
     1
 91
        1
 92
        1
 93
        4
 72
     1
 10
-2.6999946
 20
3.740012839999999
 11
-2.499995
 21
3.740012839999999
 72
     1
 10
-2.499995
 20
3.740012839999999
 11
-2.499995
 21
3.07501544
 72
     1
 10
-2.499995
 20
3.07501544
 11
-2.6999946
 21
3.07501544
 72
     1
 10
-2.6999946
 20
3.07501544
 11
-2.6999946
 21
3.740012839999999
 97
        1
330
3BA
 75
     0
 76
     1
 98
        0
450
        0
451
        0
460
0.0
461
0.0
452
        0
462
0.0
453
        0
470

  0
REGION
  5
3C0
102
{ACAD_REACTORS
330
3C1
102
}
330
377
100
AcDbEntity
  8
TopPaste
 62
     8
100
AcDbModelerGeometry
 70
     1
  1
mnmoo mh m mi          
  1
ni ^ *+0;:,4 ^ *+0\^ [ mo ^ LR mmjqnqoqijjlj QK o  
  1
n fqfffffffffffffffjkh:roh nqooooooooooooooooli:rno 
  1
>,27:>;:- {rn rn _nl mmjqnqoqijjlj |
  1
=0;& {rn rn {rn {m {rn {rn |
  1
3*2/ {rn rn {rn {rn {l {n |
  1
,7:33 {rn rn {rn {rn {rn {k {rn {m |
  1
9><: {rn rn {rn {rn {j {l {rn {i 90-(>-; ;0*=3: 0*+ |
  1
300/ {rn rn {rn {rn {h {k |
  1
/3>1:r,*-9><: {rn rn {rn rmqnffffjioooooooomhl lqkohjnknlffffffffif o o o rn rn o o 90-(>-;@) V V V V |
  1
<0:;8: {rn rn {rn {g {f {rn {no 90-(>-; {j {rn |
  1
<0:;8: {rn rn {rn {nn {h {rn {nm 90-(>-; {j {rn |
  1
<0:;8: {rn rn {rn {h {nn {rn {nl 90-(>-; {j {rn |
  1
:;8: {rn rn {rn {nk o {nj oqnfffffioooooooolggm {h {ni 90-(>-; _h *1410(1 |
  1
<0:;8: {rn rn {rn {f {g {rn {nh 90-(>-; {j {rn |
  1
:;8: {rn rn {rn {nj o {ng oqiikffhkoooooooomflg {g {nf 90-(>-; _h *1410(1 |
  1
:;8: {rn rn {rn {mo o {nk oqiikffhkoooooooomflg {f {mn 90-(>-; _h *1410(1 |
  1
):-+:' {rn rn {rn {nl m {mm |
  1
):-+:' {rn rn {rn {nm m {ml |
  1
,+->687+r<*-): {rn rn {rn rmqmffffjkoooooooomkj lqhkoonmglfffffffgfk o n o o V V |
  1
:;8: {rn rn {rn {ng o {mo oqnfffffioooooooolggm {nn {mk 90-(>-; _h *1410(1 |
  1
):-+:' {rn rn {rn {nh m {mj |
  1
,+->687+r<*-): {rn rn {rn rmqoffffjhffffffffgjh lqhkoonmglfffffffgfk o o rn o V V |
  1
):-+:' {rn rn {rn {nl m {mi |
  1
,+->687+r<*-): {rn rn {rn rmqmffffjkoooooooomkj lqohjonjklfffffffi o o n o V V |
  1
/061+ {rn rn {rn rmqmffffjkoooooooomkj lqhkoonmglfffffffgfk o |
  1
/061+ {rn rn {rn rmqoffffjhffffffffgjh lqhkoonmglfffffffgfk o |
  1
,+->687+r<*-): {rn rn {rn rmqoffffjhffffffffgjh lqohjonjklfffffffi o rn o o V V |
  1
/061+ {rn rn {rn rmqoffffjhffffffffgjh lqohjonjklfffffffi o |
  1
/061+ {rn rn {rn rmqmffffjkoooooooomkj lqohjonjklfffffffi o |
  0
HATCH
  5
3C1
330
377
100
AcDbEntity
  8
TopPaste
 62
     8
100
AcDbHatch
 10
0.0
 20
0.0
 30
0.0
210
0.0
220
0.0
230
1.0
  2
SOLID
 70
     1
 71
     1
 91
        1
 92
        1
 93
        4
 72
     1
 10
-2.299995399999999
 20
3.740012839999999
 11
-2.099995799999999
 21
3.740012839999999
 72
     1
 10
-2.099995799999999
 20
3.740012839999999
 11
-2.099995799999999
 21
3.07501544
 72
     1
 10
-2.099995799999999
 20
3.07501544
 11
-2.299995399999999
 21
3.07501544
 72
     1
 10
-2.299995399999999
 20
3.07501544
 11
-2.299995399999999
 21
3.740012839999999
 97
        1
330
3C0
 75
     0
 76
     1
 98
        0
450
        0
451
        0
460
0.0
461
0.0
452
        0
462
0.0
453
        0
470

  0
REGION
  5
3C6
102
{ACAD_REACTORS
330
3C7
102
}
330
377
100
AcDbEntity
  8
TopPaste
 62
     8
100
AcDbModelerGeometry
 70
     1
  1
mnmoo mh m mi          
  1
ni ^ *+0;:,4 ^ *+0\^ [ mo ^ LR mmjqnqoqijjlj QK o  
  1
n fqfffffffffffffffjkh:roh nqooooooooooooooooli:rno 
  1
>,27:>;:- {rn rn _nl mmjqnqoqijjlj |
  1
=0;& {rn rn {rn {m {rn {rn |
  1
3*2/ {rn rn {rn {rn {l {n |
  1
,7:33 {rn rn {rn {rn {rn {k {rn {m |
  1
9><: {rn rn {rn {rn {j {l {rn {i 90-(>-; ;0*=3: 0*+ |
  1
300/ {rn rn {rn {rn {h {k |
  1
/3>1:r,*-9><: {rn rn {rn rnqhffffilfffffffffkn lqkohjnknlffffffffif o o o rn rn o o 90-(>-;@) V V V V |
  1
<0:;8: {rn rn {rn {g {f {rn {no 90-(>-; {j {rn |
  1
<0:;8: {rn rn {rn {nn {h {rn {nm 90-(>-; {j {rn |
  1
<0:;8: {rn rn {rn {h {nn {rn {nl 90-(>-; {j {rn |
  1
:;8: {rn rn {rn {nk o {nj oqnfffffjffffffffhmm {h {ni 90-(>-; _h *1410(1 |
  1
<0:;8: {rn rn {rn {f {g {rn {nh 90-(>-; {j {rn |
  1
:;8: {rn rn {rn {nj o {ng oqiikffhkoooooooomflg {g {nf 90-(>-; _h *1410(1 |
  1
:;8: {rn rn {rn {mo o {nk oqiikffhkoooooooomflg {f {mn 90-(>-; _h *1410(1 |
  1
):-+:' {rn rn {rn {nl m {mm |
  1
):-+:' {rn rn {rn {nm m {ml |
  1
,+->687+r<*-): {rn rn {rn rnqgffffinffffffffifn lqhkoonmglfffffffgfk o n o o V V |
  1
:;8: {rn rn {rn {ng o {mo oqnfffffjffffffffhmm {nn {mk 90-(>-; _h *1410(1 |
  1
):-+:' {rn rn {rn {nh m {mj |
  1
,+->687+r<*-): {rn rn {rn rnqiffffijfffffffffif lqhkoonmglfffffffgfk o o rn o V V |
  1
):-+:' {rn rn {rn {nl m {mi |
  1
,+->687+r<*-): {rn rn {rn rnqgffffinffffffffifn lqohjonjklfffffffi o o n o V V |
  1
/061+ {rn rn {rn rnqgffffinffffffffifn lqhkoonmglfffffffgfk o |
  1
/061+ {rn rn {rn rnqiffffijfffffffffif lqhkoonmglfffffffgfk o |
  1
,+->687+r<*-): {rn rn {rn rnqiffffijfffffffffif lqohjonjklfffffffi o rn o o V V |
  1
/061+ {rn rn {rn rnqiffffijfffffffffif lqohjonjklfffffffi o |
  1
/061+ {rn rn {rn rnqgffffinffffffffifn lqohjonjklfffffffi o |
  0
HATCH
  5
3C7
330
377
100
AcDbEntity
  8
TopPaste
 62
     8
100
AcDbHatch
 10
0.0
 20
0.0
 30
0.0
210
0.0
220
0.0
230
1.0
  2
SOLID
 70
     1
 71
     1
 91
        1
 92
        1
 93
        4
 72
     1
 10
-1.8999962
 20
3.740012839999999
 11
-1.699996599999999
 21
3.740012839999999
 72
     1
 10
-1.699996599999999
 20
3.740012839999999
 11
-1.699996599999999
 21
3.07501544
 72
     1
 10
-1.699996599999999
 20
3.07501544
 11
-1.8999962
 21
3.07501544
 72
     1
 10
-1.8999962
 20
3.07501544
 11
-1.8999962
 21
3.740012839999999
 97
        1
330
3C6
 75
     0
 76
     1
 98
        0
450
        0
451
        0
460
0.0
461
0.0
452
        0
462
0.0
453
        0
470

  0
REGION
  5
3CC
102
{ACAD_REACTORS
330
3CD
102
}
330
377
100
AcDbEntity
  8
TopPaste
 62
     8
100
AcDbModelerGeometry
 70
     1
  1
mnmoo mh m mi          
  1
ni ^ *+0;:,4 ^ *+0\^ [ mo ^ LR mmjqnqoqijjlj QK o  
  1
n fqfffffffffffffffjkh:roh nqooooooooooooooooli:rno 
  1
>,27:>;:- {rn rn _nl mmjqnqoqijjlj |
  1
=0;& {rn rn {rn {m {rn {rn |
  1
3*2/ {rn rn {rn {rn {l {n |
  1
,7:33 {rn rn {rn {rn {rn {k {rn {m |
  1
9><: {rn rn {rn {rn {j {l {rn {i 90-(>-; ;0*=3: 0*+ |
  1
300/ {rn rn {rn {rn {h {k |
  1
/3>1:r,*-9><: {rn rn {rn rnqlffffhmooooooooojl lqkohjnknlffffffffif o o o rn rn o o 90-(>-;@) V V V V |
  1
<0:;8: {rn rn {rn {g {f {rn {no 90-(>-; {j {rn |
  1
<0:;8: {rn rn {rn {nn {h {rn {nm 90-(>-; {j {rn |
  1
<0:;8: {rn rn {rn {h {nn {rn {nl 90-(>-; {j {rn |
  1
:;8: {rn rn {rn {nk o {nj oqnfffffiooooooooniin {h {ni 90-(>-; _h *1410(1 |
  1
<0:;8: {rn rn {rn {f {g {rn {nh 90-(>-; {j {rn |
  1
:;8: {rn rn {rn {nj o {ng oqiikffhkoooooooomflg {g {nf 90-(>-; _h *1410(1 |
  1
:;8: {rn rn {rn {mo o {nk oqiikffhkoooooooomflg {f {mn 90-(>-; _h *1410(1 |
  1
):-+:' {rn rn {rn {nl m {mm |
  1
):-+:' {rn rn {rn {nm m {ml |
  1
,+->687+r<*-): {rn rn {rn rnqkffffhoooooooooomj lqhkoonmglfffffffgfk o n o o V V |
  1
:;8: {rn rn {rn {ng o {mo oqnfffffioooooooommni {nn {mk 90-(>-; _h *1410(1 |
  1
):-+:' {rn rn {rn {nh m {mj |
  1
,+->687+r<*-): {rn rn {rn rnqmffffhlffffffffgjf lqhkoonmglfffffffgfk o o rn o V V |
  1
):-+:' {rn rn {rn {nl m {mi |
  1
,+->687+r<*-): {rn rn {rn rnqkffffhoooooooooomj lqohjonjklfffffffi o o n o V V |
  1
/061+ {rn rn {rn rnqkffffhoooooooooomj lqhkoonmglfffffffgfk o |
  1
/061+ {rn rn {rn rnqmffffhlffffffffgjf lqhkoonmglfffffffgfk o |
  1
,+->687+r<*-): {rn rn {rn rnqmffffhlffffffffgjf lqohjonjklfffffffi o roqfffffffffffffffhhg o o V V |
  1
/061+ {rn rn {rn rnqmffffhlffffffffgjf lqohjonjklfffffffi o |
  1
/061+ {rn rn {rn rnqkffffhoooooooooomj lqohjonjklfffffffi o |
  0
HATCH
  5
3CD
330
377
100
AcDbEntity
  8
TopPaste
 62
     8
100
AcDbHatch
 10
0.0
 20
0.0
 30
0.0
210
0.0
220
0.0
230
1.0
  2
SOLID
 70
     1
 71
     1
 91
        1
 92
        1
 93
        4
 72
     1
 10
-1.499997
 20
3.740012839999999
 11
-1.299997399999999
 21
3.740012839999999
 72
     1
 10
-1.299997399999999
 20
3.740012839999999
 11
-1.299997399999999
 21
3.07501544
 72
     1
 10
-1.299997399999999
 20
3.07501544
 11
-1.499997
 21
3.07501544
 72
     1
 10
-1.499997
 20
3.07501544
 11
-1.499997
 21
3.740012839999999
 97
        1
330
3CC
 75
     0
 76
     1
 98
        0
450
        0
451
        0
460
0.0
461
0.0
452
        0
462
0.0
453
        0
470

  0
REGION
  5
3D2
102
{ACAD_REACTORS
330
3D3
102
}
330
377
100
AcDbEntity
  8
TopPaste
 62
     8
100
AcDbModelerGeometry
 70
     1
  1
mnmoo mh m mi          
  1
ni ^ *+0;:,4 ^ *+0\^ [ mo ^ LR mmjqnqoqijjlj QK o  
  1
n fqfffffffffffffffjkh:roh nqooooooooooooooooli:rno 
  1
>,27:>;:- {rn rn _nl mmjqnqoqijjlj |
  1
=0;& {rn rn {rn {m {rn {rn |
  1
3*2/ {rn rn {rn {rn {l {n |
  1
,7:33 {rn rn {rn {rn {rn {k {rn {m |
  1
9><: {rn rn {rn {rn {j {l {rn {i 90-(>-; ;0*=3: 0*+ |
  1
300/ {rn rn {rn {rn {h {k |
  1
/3>1:r,*-9><: {rn rn {rn roqfffffhffffffffffkmj lqkohjnknlffffffffif o o o rn rn o o 90-(>-;@) V V V V |
  1
<0:;8: {rn rn {rn {g {f {rn {no 90-(>-; {j {rn |
  1
<0:;8: {rn rn {rn {nn {h {rn {nm 90-(>-; {j {rn |
  1
<0:;8: {rn rn {rn {h {nn {rn {nl 90-(>-; {j {rn |
  1
:;8: {rn rn {rn {nk o {nj oqnfffffjfffffffffkkn {h {ni 90-(>-; _h *1410(1 |
  1
<0:;8: {rn rn {rn {f {g {rn {nh 90-(>-; {j {rn |
  1
:;8: {rn rn {rn {nj o {ng oqiikffhkoooooooomflg {g {nf 90-(>-; _h *1410(1 |
  1
:;8: {rn rn {rn {mo o {nk oqiikffhkoooooooomflg {f {mn 90-(>-; _h *1410(1 |
  1
):-+:' {rn rn {rn {nl m {mm |
  1
):-+:' {rn rn {rn {nm m {ml |
  1
,+->687+r<*-): {rn rn {rn rnqoffffhhfffffffffnj lqhkoonmglfffffffgfk o n o o V V |
  1
:;8: {rn rn {rn {ng o {mo oqnfffffjfffffffffkkn {nn {mk 90-(>-; _h *1410(1 |
  1
):-+:' {rn rn {rn {nh m {mj |
  1
,+->687+r<*-): {rn rn {rn roqgffffgnfffffffffhok lqhkoonmglfffffffgfk o o rn o V V |
  1
):-+:' {rn rn {rn {nl m {mi |
  1
,+->687+r<*-): {rn rn {rn rnqoffffhhfffffffffnj lqohjonjklfffffffi o o n o V V |
  1
/061+ {rn rn {rn rnqoffffhhfffffffffnj lqhkoonmglfffffffgfk o |
  1
/061+ {rn rn {rn roqgffffgnfffffffffhok lqhkoonmglfffffffgfk o |
  1
,+->687+r<*-): {rn rn {rn roqgffffgnfffffffffhok lqohjonjklfffffffi o rn o o V V |
  1
/061+ {rn rn {rn roqgffffgnfffffffffhok lqohjonjklfffffffi o |
  1
/061+ {rn rn {rn rnqoffffhhfffffffffnj lqohjonjklfffffffi o |
  0
HATCH
  5
3D3
330
377
100
AcDbEntity
  8
TopPaste
 62
     8
100
AcDbHatch
 10
0.0
 20
0.0
 30
0.0
210
0.0
220
0.0
230
1.0
  2
SOLID
 70
     1
 71
     1
 91
        1
 92
        1
 93
        4
 72
     1
 10
-1.0999978
 20
3.740012839999999
 11
-0.8999981999999999
 21
3.740012839999999
 72
     1
 10
-0.8999981999999999
 20
3.740012839999999
 11
-0.8999981999999999
 21
3.07501544
 72
     1
 10
-0.8999981999999999
 20
3.07501544
 11
-1.0999978
 21
3.07501544
 72
     1
 10
-1.0999978
 20
3.07501544
 11
-1.0999978
 21
3.740012839999999
 97
        1
330
3D2
 75
     0
 76
     1
 98
        0
450
        0
451
        0
460
0.0
461
0.0
452
        0
462
0.0
453
        0
470

  0
REGION
  5
3D8
102
{ACAD_REACTORS
330
3D9
102
}
330
377
100
AcDbEntity
  8
TopPaste
 62
     8
100
AcDbModelerGeometry
 70
     1
  1
mnmoo mh m mi          
  1
ni ^ *+0;:,4 ^ *+0\^ [ mo ^ LR mmjqnqoqijjlj QK o  
  1
n fqfffffffffffffffjkh:roh nqooooooooooooooooli:rno 
  1
>,27:>;:- {rn rn _nl mmjqnqoqijjlj |
  1
=0;& {rn rn {rn {m {rn {rn |
  1
3*2/ {rn rn {rn {rn {l {n |
  1
,7:33 {rn rn {rn {rn {rn {k {rn {m |
  1
9><: {rn rn {rn {rn {j {l {rn {i 90-(>-; ;0*=3: 0*+ |
  1
300/ {rn rn {rn {rn {h {k |
  1
/3>1:r,*-9><: {rn rn {rn roqjffffghfffffffffkll lqkohjnknlffffffffif o o o rn rn o o 90-(>-;@) V V V V |
  1
<0:;8: {rn rn {rn {g {f {rn {no 90-(>-; {j {rn |
  1
<0:;8: {rn rn {rn {nn {h {rn {nm 90-(>-; {j {rn |
  1
<0:;8: {rn rn {rn {h {nn {rn {nl 90-(>-; {j {rn |
  1
:;8: {rn rn {rn {nk o {nj oqnfffffjffffffffgggi {h {ni 90-(>-; _h *1410(1 |
  1
<0:;8: {rn rn {rn {f {g {rn {nh 90-(>-; {j {rn |
  1
:;8: {rn rn {rn {nj o {ng oqiikffhkoooooooomflg {g {nf 90-(>-; _h *1410(1 |
  1
:;8: {rn rn {rn {mo o {nk oqiikffhkoooooooomflg {f {mn 90-(>-; _h *1410(1 |
  1
):-+:' {rn rn {rn {nl m {mm |
  1
):-+:' {rn rn {rn {nm m {ml |
  1
,+->687+r<*-): {rn rn {rn roqiffffgjfffffffffnjl lqhkoonmglfffffffgfk o n o o V V |
  1
:;8: {rn rn {rn {ng o {mo oqnfffffjffffffffgggi {nn {mk 90-(>-; _h *1410(1 |
  1
):-+:' {rn rn {rn {nh m {mj |
  1
,+->687+r<*-): {rn rn {rn roqkfffffoooooooooomig lqhkoonmglfffffffgfk o o rn o V V |
  1
):-+:' {rn rn {rn {nl m {mi |
  1
,+->687+r<*-): {rn rn {rn roqiffffgjfffffffffnjl lqohjonjklfffffffi o o n o V V |
  1
/061+ {rn rn {rn roqiffffgjfffffffffnjl lqhkoonmglfffffffgfk o |
  1
/061+ {rn rn {rn roqkfffffoooooooooomig lqhkoonmglfffffffgfk o |
  1
,+->687+r<*-): {rn rn {rn roqkfffffoooooooooomig lqohjonjklfffffffi o rn o o V V |
  1
/061+ {rn rn {rn roqkfffffoooooooooomig lqohjonjklfffffffi o |
  1
/061+ {rn rn {rn roqiffffgjfffffffffnjl lqohjonjklfffffffi o |
  0
HATCH
  5
3D9
330
377
100
AcDbEntity
  8
TopPaste
 62
     8
100
AcDbHatch
 10
0.0
 20
0.0
 30
0.0
210
0.0
220
0.0
230
1.0
  2
SOLID
 70
     1
 71
     1
 91
        1
 92
        1
 93
        4
 72
     1
 10
-0.6999985999999999
 20
3.740012839999999
 11
-0.499999
 21
3.740012839999999
 72
     1
 10
-0.499999
 20
3.740012839999999
 11
-0.499999
 21
3.07501544
 72
     1
 10
-0.499999
 20
3.07501544
 11
-0.6999985999999999
 21
3.07501544
 72
     1
 10
-0.6999985999999999
 20
3.07501544
 11
-0.6999985999999999
 21
3.740012839999999
 97
        1
330
3D8
 75
     0
 76
     1
 98
        0
450
        0
451
        0
460
0.0
461
0.0
452
        0
462
0.0
453
        0
470

  0
REGION
  5
3DE
102
{ACAD_REACTORS
330
3DF
102
}
330
377
100
AcDbEntity
  8
TopPaste
 62
     8
100
AcDbModelerGeometry
 70
     1
  1
mnmoo mh m mi          
  1
ni ^ *+0;:,4 ^ *+0\^ [ mo ^ LR mmjqnqoqijjlj QK o  
  1
n fqfffffffffffffffjkh:roh nqooooooooooooooooli:rno 
  1
>,27:>;:- {rn rn _nl mmjqnqoqijjlj |
  1
=0;& {rn rn {rn {m {rn {rn |
  1
3*2/ {rn rn {rn {rn {l {n |
  1
,7:33 {rn rn {rn {rn {rn {k {rn {m |
  1
9><: {rn rn {rn {rn {j {l {rn {i 90-(>-; ;0*=3: 0*+ |
  1
300/ {rn rn {rn {rn {h {k |
  1
/3>1:r,*-9><: {rn rn {rn roqnfffffjfffffffffffi lqkohjnknlffffffffif o o o rn rn o o 90-(>-;@) V V V V |
  1
<0:;8: {rn rn {rn {g {f {rn {no 90-(>-; {j {rn |
  1
<0:;8: {rn rn {rn {nn {h {rn {nm 90-(>-; {j {rn |
  1
<0:;8: {rn rn {rn {h {nn {rn {nl 90-(>-; {j {rn |
  1
:;8: {rn rn {rn {nk o {nj oqnfffffjfffffffffhng {h {ni 90-(>-; _h *1410(1 |
  1
<0:;8: {rn rn {rn {f {g {rn {nh 90-(>-; {j {rn |
  1
:;8: {rn rn {rn {nj o {ng oqiikffhkoooooooomflg {g {nf 90-(>-; _h *1410(1 |
  1
:;8: {rn rn {rn {mo o {nk oqiikffhkoooooooomflg {f {mn 90-(>-; _h *1410(1 |
  1
):-+:' {rn rn {rn {nl m {mm |
  1
):-+:' {rn rn {rn {nm m {ml |
  1
,+->687+r<*-): {rn rn {rn roqmffffflfffffffffhni lqhkoonmglfffffffgfk o n o o V V |
  1
:;8: {rn rn {rn {ng o {mo oqnfffffjfffffffffhng {nn {mk 90-(>-; _h *1410(1 |
  1
):-+:' {rn rn {rn {nh m {mj |
  1
,+->687+r<*-): {rn rn {rn roqofffffhfffffffffffg lqhkoonmglfffffffgfk o o rn o V V |
  1
):-+:' {rn rn {rn {nl m {mi |
  1
,+->687+r<*-): {rn rn {rn roqmffffflfffffffffhni lqohjonjklfffffffi o o n o V V |
  1
/061+ {rn rn {rn roqmffffflfffffffffhni lqhkoonmglfffffffgfk o |
  1
/061+ {rn rn {rn roqofffffhfffffffffffg lqhkoonmglfffffffgfk o |
  1
,+->687+r<*-): {rn rn {rn roqofffffhfffffffffffg lqohjonjklfffffffi o rn o o V V |
  1
/061+ {rn rn {rn roqofffffhfffffffffffg lqohjonjklfffffffi o |
  1
/061+ {rn rn {rn roqmffffflfffffffffhni lqohjonjklfffffffi o |
  0
HATCH
  5
3DF
330
377
100
AcDbEntity
  8
TopPaste
 62
     8
100
AcDbHatch
 10
0.0
 20
0.0
 30
0.0
210
0.0
220
0.0
230
1.0
  2
SOLID
 70
     1
 71
     1
 91
        1
 92
        1
 93
        4
 72
     1
 10
-0.2999994
 20
3.740012839999999
 11
-0.0999998
 21
3.740012839999999
 72
     1
 10
-0.0999998
 20
3.740012839999999
 11
-0.0999998
 21
3.07501544
 72
     1
 10
-0.0999998
 20
3.07501544
 11
-0.2999994
 21
3.07501544
 72
     1
 10
-0.2999994
 20
3.07501544
 11
-0.2999994
 21
3.740012839999999
 97
        1
330
3DE
 75
     0
 76
     1
 98
        0
450
        0
451
        0
460
0.0
461
0.0
452
        0
462
0.0
453
        0
470

  0
REGION
  5
3E4
102
{ACAD_REACTORS
330
3E5
102
}
330
377
100
AcDbEntity
  8
TopPaste
 62
     8
100
AcDbModelerGeometry
 70
     1
  1
mnmoo mh m mi          
  1
ni ^ *+0;:,4 ^ *+0\^ [ mo ^ LR mmjqnqoqijjlj QK o  
  1
n fqfffffffffffffffjkh:roh nqooooooooooooooooli:rno 
  1
>,27:>;:- {rn rn _nl mmjqnqoqijjlj |
  1
=0;& {rn rn {rn {m {rn {rn |
  1
3*2/ {rn rn {rn {rn {l {n |
  1
,7:33 {rn rn {rn {rn {rn {k {rn {m |
  1
9><: {rn rn {rn {rn {j {l {rn {i 90-(>-; ;0*=3: 0*+ |
  1
300/ {rn rn {rn {rn {h {k |
  1
/3>1:r,*-9><: {rn rn {rn oqnfffffjfffffffffffi lqkohjnknlffffffffif o o o rn rn o o 90-(>-;@) V V V V |
  1
<0:;8: {rn rn {rn {g {f {rn {no 90-(>-; {j {rn |
  1
<0:;8: {rn rn {rn {nn {h {rn {nm 90-(>-; {j {rn |
  1
<0:;8: {rn rn {rn {h {nn {rn {nl 90-(>-; {j {rn |
  1
:;8: {rn rn {rn {nk o {nj oqnfffffjfffffffffhng {h {ni 90-(>-; _h *1410(1 |
  1
<0:;8: {rn rn {rn {f {g {rn {nh 90-(>-; {j {rn |
  1
:;8: {rn rn {rn {nj o {ng oqiikffhkoooooooomflg {g {nf 90-(>-; _h *1410(1 |
  1
:;8: {rn rn {rn {mo o {nk oqiikffhkoooooooomflg {f {mn 90-(>-; _h *1410(1 |
  1
):-+:' {rn rn {rn {nl m {mm |
  1
):-+:' {rn rn {rn {nm m {ml |
  1
,+->687+r<*-): {rn rn {rn oqofffffhfffffffffffg lqhkoonmglfffffffgfk o n o o V V |
  1
:;8: {rn rn {rn {ng o {mo oqnfffffjfffffffffhng {nn {mk 90-(>-; _h *1410(1 |
  1
):-+:' {rn rn {rn {nh m {mj |
  1
,+->687+r<*-): {rn rn {rn oqmffffflfffffffffhni lqhkoonmglfffffffgfk o o rn o V V |
  1
):-+:' {rn rn {rn {nl m {mi |
  1
,+->687+r<*-): {rn rn {rn oqofffffhfffffffffffg lqohjonjklfffffffi o o n o V V |
  1
/061+ {rn rn {rn oqofffffhfffffffffffg lqhkoonmglfffffffgfk o |
  1
/061+ {rn rn {rn oqmffffflfffffffffhni lqhkoonmglfffffffgfk o |
  1
,+->687+r<*-): {rn rn {rn oqmffffflfffffffffhni lqohjonjklfffffffi o rn o o V V |
  1
/061+ {rn rn {rn oqmffffflfffffffffhni lqohjonjklfffffffi o |
  1
/061+ {rn rn {rn oqofffffhfffffffffffg lqohjonjklfffffffi o |
  0
HATCH
  5
3E5
330
377
100
AcDbEntity
  8
TopPaste
 62
     8
100
AcDbHatch
 10
0.0
 20
0.0
 30
0.0
210
0.0
220
0.0
230
1.0
  2
SOLID
 70
     1
 71
     1
 91
        1
 92
        1
 93
        4
 72
     1
 10
0.0999998
 20
3.740012839999999
 11
0.2999994
 21
3.740012839999999
 72
     1
 10
0.2999994
 20
3.740012839999999
 11
0.2999994
 21
3.07501544
 72
     1
 10
0.2999994
 20
3.07501544
 11
0.0999998
 21
3.07501544
 72
     1
 10
0.0999998
 20
3.07501544
 11
0.0999998
 21
3.740012839999999
 97
        1
330
3E4
 75
     0
 76
     1
 98
        0
450
        0
451
        0
460
0.0
461
0.0
452
        0
462
0.0
453
        0
470

  0
REGION
  5
3EA
102
{ACAD_REACTORS
330
3EB
102
}
330
377
100
AcDbEntity
  8
TopPaste
 62
     8
100
AcDbModelerGeometry
 70
     1
  1
mnmoo mh m mi          
  1
ni ^ *+0;:,4 ^ *+0\^ [ mo ^ LR mmjqnqoqijjlj QK o  
  1
n fqfffffffffffffffjkh:roh nqooooooooooooooooli:rno 
  1
>,27:>;:- {rn rn _nl mmjqnqoqijjlj |
  1
=0;& {rn rn {rn {m {rn {rn |
  1
3*2/ {rn rn {rn {rn {l {n |
  1
,7:33 {rn rn {rn {rn {rn {k {rn {m |
  1
9><: {rn rn {rn {rn {j {l {rn {i 90-(>-; ;0*=3: 0*+ |
  1
300/ {rn rn {rn {rn {h {k |
  1
/3>1:r,*-9><: {rn rn {rn oqjffffghfffffffffkll lqkohjnknlffffffffif o o o rn rn o o 90-(>-;@) V V V V |
  1
<0:;8: {rn rn {rn {g {f {rn {no 90-(>-; {j {rn |
  1
<0:;8: {rn rn {rn {nn {h {rn {nm 90-(>-; {j {rn |
  1
<0:;8: {rn rn {rn {h {nn {rn {nl 90-(>-; {j {rn |
  1
:;8: {rn rn {rn {nk o {nj oqnfffffjffffffffgggi {h {ni 90-(>-; _h *1410(1 |
  1
<0:;8: {rn rn {rn {f {g {rn {nh 90-(>-; {j {rn |
  1
:;8: {rn rn {rn {nj o {ng oqiikffhkoooooooomflg {g {nf 90-(>-; _h *1410(1 |
  1
:;8: {rn rn {rn {mo o {nk oqiikffhkoooooooomflg {f {mn 90-(>-; _h *1410(1 |
  1
):-+:' {rn rn {rn {nl m {mm |
  1
):-+:' {rn rn {rn {nm m {ml |
  1
,+->687+r<*-): {rn rn {rn oqkfffffoooooooooomig lqhkoonmglfffffffgfk o n o o V V |
  1
:;8: {rn rn {rn {ng o {mo oqnfffffjffffffffgggi {nn {mk 90-(>-; _h *1410(1 |
  1
):-+:' {rn rn {rn {nh m {mj |
  1
,+->687+r<*-): {rn rn {rn oqiffffgjfffffffffnjl lqhkoonmglfffffffgfk o o rn o V V |
  1
):-+:' {rn rn {rn {nl m {mi |
  1
,+->687+r<*-): {rn rn {rn oqkfffffoooooooooomig lqohjonjklfffffffi o o n o V V |
  1
/061+ {rn rn {rn oqkfffffoooooooooomig lqhkoonmglfffffffgfk o |
  1
/061+ {rn rn {rn oqiffffgjfffffffffnjl lqhkoonmglfffffffgfk o |
  1
,+->687+r<*-): {rn rn {rn oqiffffgjfffffffffnjl lqohjonjklfffffffi o rn o o V V |
  1
/061+ {rn rn {rn oqiffffgjfffffffffnjl lqohjonjklfffffffi o |
  1
/061+ {rn rn {rn oqkfffffoooooooooomig lqohjonjklfffffffi o |
  0
HATCH
  5
3EB
330
377
100
AcDbEntity
  8
TopPaste
 62
     8
100
AcDbHatch
 10
0.0
 20
0.0
 30
0.0
210
0.0
220
0.0
230
1.0
  2
SOLID
 70
     1
 71
     1
 91
        1
 92
        1
 93
        4
 72
     1
 10
0.499999
 20
3.740012839999999
 11
0.6999985999999999
 21
3.740012839999999
 72
     1
 10
0.6999985999999999
 20
3.740012839999999
 11
0.6999985999999999
 21
3.07501544
 72
     1
 10
0.6999985999999999
 20
3.07501544
 11
0.499999
 21
3.07501544
 72
     1
 10
0.499999
 20
3.07501544
 11
0.499999
 21
3.740012839999999
 97
        1
330
3EA
 75
     0
 76
     1
 98
        0
450
        0
451
        0
460
0.0
461
0.0
452
        0
462
0.0
453
        0
470

  0
REGION
  5
3F0
102
{ACAD_REACTORS
330
3F1
102
}
330
377
100
AcDbEntity
  8
TopPaste
 62
     8
100
AcDbModelerGeometry
 70
     1
  1
mnmoo mh m mi          
  1
ni ^ *+0;:,4 ^ *+0\^ [ mo ^ LR mmjqnqoqijjlj QK o  
  1
n fqfffffffffffffffjkh:roh nqooooooooooooooooli:rno 
  1
>,27:>;:- {rn rn _nl mmjqnqoqijjlj |
  1
=0;& {rn rn {rn {m {rn {rn |
  1
3*2/ {rn rn {rn {rn {l {n |
  1
,7:33 {rn rn {rn {rn {rn {k {rn {m |
  1
9><: {rn rn {rn {rn {j {l {rn {i 90-(>-; ;0*=3: 0*+ |
  1
300/ {rn rn {rn {rn {h {k |
  1
/3>1:r,*-9><: {rn rn {rn oqfffffhffffffffffkmj lqkohjnknlffffffffif o o o rn rn o o 90-(>-;@) V V V V |
  1
<0:;8: {rn rn {rn {g {f {rn {no 90-(>-; {j {rn |
  1
<0:;8: {rn rn {rn {nn {h {rn {nm 90-(>-; {j {rn |
  1
<0:;8: {rn rn {rn {h {nn {rn {nl 90-(>-; {j {rn |
  1
:;8: {rn rn {rn {nk o {nj oqnfffffjfffffffffkkn {h {ni 90-(>-; _h *1410(1 |
  1
<0:;8: {rn rn {rn {f {g {rn {nh 90-(>-; {j {rn |
  1
:;8: {rn rn {rn {nj o {ng oqiikffhkoooooooomflg {g {nf 90-(>-; _h *1410(1 |
  1
:;8: {rn rn {rn {mo o {nk oqiikffhkoooooooomflg {f {mn 90-(>-; _h *1410(1 |
  1
):-+:' {rn rn {rn {nl m {mm |
  1
):-+:' {rn rn {rn {nm m {ml |
  1
,+->687+r<*-): {rn rn {rn oqgffffgnfffffffffhok lqhkoonmglfffffffgfk o n o o V V |
  1
:;8: {rn rn {rn {ng o {mo oqnfffffjfffffffffkkn {nn {mk 90-(>-; _h *1410(1 |
  1
):-+:' {rn rn {rn {nh m {mj |
  1
,+->687+r<*-): {rn rn {rn nqoffffhhfffffffffnj lqhkoonmglfffffffgfk o o rn o V V |
  1
):-+:' {rn rn {rn {nl m {mi |
  1
,+->687+r<*-): {rn rn {rn oqgffffgnfffffffffhok lqohjonjklfffffffi o o n o V V |
  1
/061+ {rn rn {rn oqgffffgnfffffffffhok lqhkoonmglfffffffgfk o |
  1
/061+ {rn rn {rn nqoffffhhfffffffffnj lqhkoonmglfffffffgfk o |
  1
,+->687+r<*-): {rn rn {rn nqoffffhhfffffffffnj lqohjonjklfffffffi o rn o o V V |
  1
/061+ {rn rn {rn nqoffffhhfffffffffnj lqohjonjklfffffffi o |
  1
/061+ {rn rn {rn oqgffffgnfffffffffhok lqohjonjklfffffffi o |
  0
HATCH
  5
3F1
330
377
100
AcDbEntity
  8
TopPaste
 62
     8
100
AcDbHatch
 10
0.0
 20
0.0
 30
0.0
210
0.0
220
0.0
230
1.0
  2
SOLID
 70
     1
 71
     1
 91
        1
 92
        1
 93
        4
 72
     1
 10
0.8999981999999999
 20
3.740012839999999
 11
1.0999978
 21
3.740012839999999
 72
     1
 10
1.0999978
 20
3.740012839999999
 11
1.0999978
 21
3.07501544
 72
     1
 10
1.0999978
 20
3.07501544
 11
0.8999981999999999
 21
3.07501544
 72
     1
 10
0.8999981999999999
 20
3.07501544
 11
0.8999981999999999
 21
3.740012839999999
 97
        1
330
3F0
 75
     0
 76
     1
 98
        0
450
        0
451
        0
460
0.0
461
0.0
452
        0
462
0.0
453
        0
470

  0
REGION
  5
3F6
102
{ACAD_REACTORS
330
3F7
102
}
330
377
100
AcDbEntity
  8
TopPaste
 62
     8
100
AcDbModelerGeometry
 70
     1
  1
mnmoo mh m mi          
  1
ni ^ *+0;:,4 ^ *+0\^ [ mo ^ LR mmjqnqoqijjlj QK o  
  1
n fqfffffffffffffffjkh:roh nqooooooooooooooooli:rno 
  1
>,27:>;:- {rn rn _nl mmjqnqoqijjlj |
  1
=0;& {rn rn {rn {m {rn {rn |
  1
3*2/ {rn rn {rn {rn {l {n |
  1
,7:33 {rn rn {rn {rn {rn {k {rn {m |
  1
9><: {rn rn {rn {rn {j {l {rn {i 90-(>-; ;0*=3: 0*+ |
  1
300/ {rn rn {rn {rn {h {k |
  1
/3>1:r,*-9><: {rn rn {rn nqlffffhmooooooooojl lqkohjnknlffffffffif o o o rn rn o o 90-(>-;@) V V V V |
  1
<0:;8: {rn rn {rn {g {f {rn {no 90-(>-; {j {rn |
  1
<0:;8: {rn rn {rn {nn {h {rn {nm 90-(>-; {j {rn |
  1
<0:;8: {rn rn {rn {h {nn {rn {nl 90-(>-; {j {rn |
  1
:;8: {rn rn {rn {nk o {nj oqnfffffioooooooommni {h {ni 90-(>-; _h *1410(1 |
  1
<0:;8: {rn rn {rn {f {g {rn {nh 90-(>-; {j {rn |
  1
:;8: {rn rn {rn {nj o {ng oqiikffhkoooooooomflg {g {nf 90-(>-; _h *1410(1 |
  1
:;8: {rn rn {rn {mo o {nk oqiikffhkoooooooomflg {f {mn 90-(>-; _h *1410(1 |
  1
):-+:' {rn rn {rn {nl m {mm |
  1
):-+:' {rn rn {rn {nm m {ml |
  1
,+->687+r<*-): {rn rn {rn nqmffffhlffffffffgjf lqhkoonmglfffffffgfk o oqfffffffffffffffhhg o o V V |
  1
:;8: {rn rn {rn {ng o {mo oqnfffffiooooooooniin {nn {mk 90-(>-; _h *1410(1 |
  1
):-+:' {rn rn {rn {nh m {mj |
  1
,+->687+r<*-): {rn rn {rn nqkffffhoooooooooomj lqhkoonmglfffffffgfk o o rn o V V |
  1
):-+:' {rn rn {rn {nl m {mi |
  1
,+->687+r<*-): {rn rn {rn nqmffffhlffffffffgjf lqohjonjklfffffffi o o n o V V |
  1
/061+ {rn rn {rn nqmffffhlffffffffgjf lqhkoonmglfffffffgfk o |
  1
/061+ {rn rn {rn nqkffffhoooooooooomj lqhkoonmglfffffffgfk o |
  1
,+->687+r<*-): {rn rn {rn nqkffffhoooooooooomj lqohjonjklfffffffi o rn o o V V |
  1
/061+ {rn rn {rn nqkffffhoooooooooomj lqohjonjklfffffffi o |
  1
/061+ {rn rn {rn nqmffffhlffffffffgjf lqohjonjklfffffffi o |
  0
HATCH
  5
3F7
330
377
100
AcDbEntity
  8
TopPaste
 62
     8
100
AcDbHatch
 10
0.0
 20
0.0
 30
0.0
210
0.0
220
0.0
230
1.0
  2
SOLID
 70
     1
 71
     1
 91
        1
 92
        1
 93
        4
 72
     1
 10
1.299997399999999
 20
3.740012839999999
 11
1.499997
 21
3.740012839999999
 72
     1
 10
1.499997
 20
3.740012839999999
 11
1.499997
 21
3.07501544
 72
     1
 10
1.499997
 20
3.07501544
 11
1.299997399999999
 21
3.07501544
 72
     1
 10
1.299997399999999
 20
3.07501544
 11
1.299997399999999
 21
3.740012839999999
 97
        1
330
3F6
 75
     0
 76
     1
 98
        0
450
        0
451
        0
460
0.0
461
0.0
452
        0
462
0.0
453
        0
470

  0
REGION
  5
3FC
102
{ACAD_REACTORS
330
3FD
102
}
330
377
100
AcDbEntity
  8
TopPaste
 62
     8
100
AcDbModelerGeometry
 70
     1
  1
mnmoo mh m mi          
  1
ni ^ *+0;:,4 ^ *+0\^ [ mo ^ LR mmjqnqoqijjlj QK o  
  1
n fqfffffffffffffffjkh:roh nqooooooooooooooooli:rno 
  1
>,27:>;:- {rn rn _nl mmjqnqoqijjlj |
  1
=0;& {rn rn {rn {m {rn {rn |
  1
3*2/ {rn rn {rn {rn {l {n |
  1
,7:33 {rn rn {rn {rn {rn {k {rn {m |
  1
9><: {rn rn {rn {rn {j {l {rn {i 90-(>-; ;0*=3: 0*+ |
  1
300/ {rn rn {rn {rn {h {k |
  1
/3>1:r,*-9><: {rn rn {rn nqhffffilfffffffffkn lqkohjnknlffffffffif o o o rn rn o o 90-(>-;@) V V V V |
  1
<0:;8: {rn rn {rn {g {f {rn {no 90-(>-; {j {rn |
  1
<0:;8: {rn rn {rn {nn {h {rn {nm 90-(>-; {j {rn |
  1
<0:;8: {rn rn {rn {h {nn {rn {nl 90-(>-; {j {rn |
  1
:;8: {rn rn {rn {nk o {nj oqnfffffjffffffffhmm {h {ni 90-(>-; _h *1410(1 |
  1
<0:;8: {rn rn {rn {f {g {rn {nh 90-(>-; {j {rn |
  1
:;8: {rn rn {rn {nj o {ng oqiikffhkoooooooomflg {g {nf 90-(>-; _h *1410(1 |
  1
:;8: {rn rn {rn {mo o {nk oqiikffhkoooooooomflg {f {mn 90-(>-; _h *1410(1 |
  1
):-+:' {rn rn {rn {nl m {mm |
  1
):-+:' {rn rn {rn {nm m {ml |
  1
,+->687+r<*-): {rn rn {rn nqiffffijfffffffffif lqhkoonmglfffffffgfk o n o o V V |
  1
:;8: {rn rn {rn {ng o {mo oqnfffffjffffffffhmm {nn {mk 90-(>-; _h *1410(1 |
  1
):-+:' {rn rn {rn {nh m {mj |
  1
,+->687+r<*-): {rn rn {rn nqgffffinffffffffifn lqhkoonmglfffffffgfk o o rn o V V |
  1
):-+:' {rn rn {rn {nl m {mi |
  1
,+->687+r<*-): {rn rn {rn nqiffffijfffffffffif lqohjonjklfffffffi o o n o V V |
  1
/061+ {rn rn {rn nqiffffijfffffffffif lqhkoonmglfffffffgfk o |
  1
/061+ {rn rn {rn nqgffffinffffffffifn lqhkoonmglfffffffgfk o |
  1
,+->687+r<*-): {rn rn {rn nqgffffinffffffffifn lqohjonjklfffffffi o rn o o V V |
  1
/061+ {rn rn {rn nqgffffinffffffffifn lqohjonjklfffffffi o |
  1
/061+ {rn rn {rn nqiffffijfffffffffif lqohjonjklfffffffi o |
  0
HATCH
  5
3FD
330
377
100
AcDbEntity
  8
TopPaste
 62
     8
100
AcDbHatch
 10
0.0
 20
0.0
 30
0.0
210
0.0
220
0.0
230
1.0
  2
SOLID
 70
     1
 71
     1
 91
        1
 92
        1
 93
        4
 72
     1
 10
1.699996599999999
 20
3.740012839999999
 11
1.8999962
 21
3.740012839999999
 72
     1
 10
1.8999962
 20
3.740012839999999
 11
1.8999962
 21
3.07501544
 72
     1
 10
1.8999962
 20
3.07501544
 11
1.699996599999999
 21
3.07501544
 72
     1
 10
1.699996599999999
 20
3.07501544
 11
1.699996599999999
 21
3.740012839999999
 97
        1
330
3FC
 75
     0
 76
     1
 98
        0
450
        0
451
        0
460
0.0
461
0.0
452
        0
462
0.0
453
        0
470

  0
REGION
  5
402
102
{ACAD_REACTORS
330
403
102
}
330
377
100
AcDbEntity
  8
TopPaste
 62
     8
100
AcDbModelerGeometry
 70
     1
  1
mnmoo mh m mi          
  1
ni ^ *+0;:,4 ^ *+0\^ [ mo ^ LR mmjqnqoqijjlj QK o  
  1
n fqfffffffffffffffjkh:roh nqooooooooooooooooli:rno 
  1
>,27:>;:- {rn rn _nl mmjqnqoqijjlj |
  1
=0;& {rn rn {rn {m {rn {rn |
  1
3*2/ {rn rn {rn {rn {l {n |
  1
,7:33 {rn rn {rn {rn {rn {k {rn {m |
  1
9><: {rn rn {rn {rn {j {l {rn {i 90-(>-; ;0*=3: 0*+ |
  1
300/ {rn rn {rn {rn {h {k |
  1
/3>1:r,*-9><: {rn rn {rn mqnffffjioooooooomhl lqkohjnknlffffffffif o o o rn rn o o 90-(>-;@) V V V V |
  1
<0:;8: {rn rn {rn {g {f {rn {no 90-(>-; {j {rn |
  1
<0:;8: {rn rn {rn {nn {h {rn {nm 90-(>-; {j {rn |
  1
<0:;8: {rn rn {rn {h {nn {rn {nl 90-(>-; {j {rn |
  1
:;8: {rn rn {rn {nk o {nj oqnfffffioooooooolggm {h {ni 90-(>-; _h *1410(1 |
  1
<0:;8: {rn rn {rn {f {g {rn {nh 90-(>-; {j {rn |
  1
:;8: {rn rn {rn {nj o {ng oqiikffhkoooooooomflg {g {nf 90-(>-; _h *1410(1 |
  1
:;8: {rn rn {rn {mo o {nk oqiikffhkoooooooomflg {f {mn 90-(>-; _h *1410(1 |
  1
):-+:' {rn rn {rn {nl m {mm |
  1
):-+:' {rn rn {rn {nm m {ml |
  1
,+->687+r<*-): {rn rn {rn mqoffffjhffffffffgjh lqhkoonmglfffffffgfk o n o o V V |
  1
:;8: {rn rn {rn {ng o {mo oqnfffffioooooooolggm {nn {mk 90-(>-; _h *1410(1 |
  1
):-+:' {rn rn {rn {nh m {mj |
  1
,+->687+r<*-): {rn rn {rn mqmffffjkoooooooomkj lqhkoonmglfffffffgfk o o rn o V V |
  1
):-+:' {rn rn {rn {nl m {mi |
  1
,+->687+r<*-): {rn rn {rn mqoffffjhffffffffgjh lqohjonjklfffffffi o o n o V V |
  1
/061+ {rn rn {rn mqoffffjhffffffffgjh lqhkoonmglfffffffgfk o |
  1
/061+ {rn rn {rn mqmffffjkoooooooomkj lqhkoonmglfffffffgfk o |
  1
,+->687+r<*-): {rn rn {rn mqmffffjkoooooooomkj lqohjonjklfffffffi o rn o o V V |
  1
/061+ {rn rn {rn mqmffffjkoooooooomkj lqohjonjklfffffffi o |
  1
/061+ {rn rn {rn mqoffffjhffffffffgjh lqohjonjklfffffffi o |
  0
HATCH
  5
403
330
377
100
AcDbEntity
  8
TopPaste
 62
     8
100
AcDbHatch
 10
0.0
 20
0.0
 30
0.0
210
0.0
220
0.0
230
1.0
  2
SOLID
 70
     1
 71
     1
 91
        1
 92
        1
 93
        4
 72
     1
 10
2.099995799999999
 20
3.740012839999999
 11
2.299995399999999
 21
3.740012839999999
 72
     1
 10
2.299995399999999
 20
3.740012839999999
 11
2.299995399999999
 21
3.07501544
 72
     1
 10
2.299995399999999
 20
3.07501544
 11
2.099995799999999
 21
3.07501544
 72
     1
 10
2.099995799999999
 20
3.07501544
 11
2.099995799999999
 21
3.740012839999999
 97
        1
330
402
 75
     0
 76
     1
 98
        0
450
        0
451
        0
460
0.0
461
0.0
452
        0
462
0.0
453
        0
470

  0
REGION
  5
408
102
{ACAD_REACTORS
330
409
102
}
330
377
100
AcDbEntity
  8
TopPaste
 62
     8
100
AcDbModelerGeometry
 70
     1
  1
mnmoo mh m mi          
  1
ni ^ *+0;:,4 ^ *+0\^ [ mo ^ LR mmjqnqoqijjlj QK o  
  1
n fqfffffffffffffffjkh:roh nqooooooooooooooooli:rno 
  1
>,27:>;:- {rn rn _nl mmjqnqoqijjlj |
  1
=0;& {rn rn {rn {m {rn {rn |
  1
3*2/ {rn rn {rn {rn {l {n |
  1
,7:33 {rn rn {rn {rn {rn {k {rn {m |
  1
9><: {rn rn {rn {rn {j {l {rn {i 90-(>-; ;0*=3: 0*+ |
  1
300/ {rn rn {rn {rn {h {k |
  1
/3>1:r,*-9><: {rn rn {rn mqjffffkgoooooooonin lqkohjnknlffffffffif o o o rn rn o o 90-(>-;@) V V V V |
  1
<0:;8: {rn rn {rn {g {f {rn {no 90-(>-; {j {rn |
  1
<0:;8: {rn rn {rn {nn {h {rn {nm 90-(>-; {j {rn |
  1
<0:;8: {rn rn {rn {h {nn {rn {nl 90-(>-; {j {rn |
  1
:;8: {rn rn {rn {nk o {nj oqnfffffioooooooolggm {h {ni 90-(>-; _h *1410(1 |
  1
<0:;8: {rn rn {rn {f {g {rn {nh 90-(>-; {j {rn |
  1
:;8: {rn rn {rn {nj o {ng oqiikffhkoooooooomflg {g {nf 90-(>-; _h *1410(1 |
  1
:;8: {rn rn {rn {mo o {nk oqiikffhkoooooooomflg {f {mn 90-(>-; _h *1410(1 |
  1
):-+:' {rn rn {rn {nl m {mm |
  1
):-+:' {rn rn {rn {nm m {ml |
  1
,+->687+r<*-): {rn rn {rn mqkffffkfffffffffhkj lqhkoonmglfffffffgfk o n o o V V |
  1
:;8: {rn rn {rn {ng o {mo oqnfffffioooooooolggm {nn {mk 90-(>-; _h *1410(1 |
  1
):-+:' {rn rn {rn {nh m {mj |
  1
,+->687+r<*-): {rn rn {rn mqiffffkioooooooonll lqhkoonmglfffffffgfk o o rn o V V |
  1
):-+:' {rn rn {rn {nl m {mi |
  1
,+->687+r<*-): {rn rn {rn mqkffffkfffffffffhkj lqohjonjklfffffffi o o n o V V |
  1
/061+ {rn rn {rn mqkffffkfffffffffhkj lqhkoonmglfffffffgfk o |
  1
/061+ {rn rn {rn mqiffffkioooooooonll lqhkoonmglfffffffgfk o |
  1
,+->687+r<*-): {rn rn {rn mqiffffkioooooooonll lqohjonjklfffffffi o rn o o V V |
  1
/061+ {rn rn {rn mqiffffkioooooooonll lqohjonjklfffffffi o |
  1
/061+ {rn rn {rn mqkffffkfffffffffhkj lqohjonjklfffffffi o |
  0
HATCH
  5
409
330
377
100
AcDbEntity
  8
TopPaste
 62
     8
100
AcDbHatch
 10
0.0
 20
0.0
 30
0.0
210
0.0
220
0.0
230
1.0
  2
SOLID
 70
     1
 71
     1
 91
        1
 92
        1
 93
        4
 72
     1
 10
2.499995
 20
3.740012839999999
 11
2.6999946
 21
3.740012839999999
 72
     1
 10
2.6999946
 20
3.740012839999999
 11
2.6999946
 21
3.07501544
 72
     1
 10
2.6999946
 20
3.07501544
 11
2.499995
 21
3.07501544
 72
     1
 10
2.499995
 20
3.07501544
 11
2.499995
 21
3.740012839999999
 97
        1
330
408
 75
     0
 76
     1
 98
        0
450
        0
451
        0
460
0.0
461
0.0
452
        0
462
0.0
453
        0
470

  0
REGION
  5
40E
102
{ACAD_REACTORS
330
40F
102
}
330
377
100
AcDbEntity
  8
TopPaste
 62
     8
100
AcDbModelerGeometry
 70
     1
  1
mnmoo mh m mi          
  1
ni ^ *+0;:,4 ^ *+0\^ [ mo ^ LR mmjqnqoqijjlj QK o  
  1
n fqfffffffffffffffjkh:roh nqooooooooooooooooli:rno 
  1
>,27:>;:- {rn rn _nl mmjqnqoqijjlj |
  1
=0;& {rn rn {rn {m {rn {rn |
  1
3*2/ {rn rn {rn {rn {l {n |
  1
,7:33 {rn rn {rn {rn {rn {k {rn {m |
  1
9><: {rn rn {rn {rn {j {l {rn {i 90-(>-; ;0*=3: 0*+ |
  1
300/ {rn rn {rn {rn {h {k |
  1
/3>1:r,*-9><: {rn rn {rn lqkohjnnjffffffffgil mqiffffhnlfffffffhfi o o o rn rn o o 90-(>-;@) V V V V |
  1
<0:;8: {rn rn {rn {g {f {rn {no 90-(>-; {j {rn |
  1
<0:;8: {rn rn {rn {nn {h {rn {nm 90-(>-; {j {rn |
  1
<0:;8: {rn rn {rn {h {nn {rn {nl 90-(>-; {j {rn |
  1
:;8: {rn rn {rn {nk o {nj oqiikffhlffffffffgkfh {h {ni 90-(>-; _h *1410(1 |
  1
<0:;8: {rn rn {rn {f {g {rn {nh 90-(>-; {j {rn |
  1
:;8: {rn rn {rn {nj o {ng oqnfffffjfffffffffkkn {g {nf 90-(>-; _h *1410(1 |
  1
:;8: {rn rn {rn {mo o {nk oqnfffffjfffffffffkkn {f {mn 90-(>-; _h *1410(1 |
  1
):-+:' {rn rn {rn {nl m {mm |
  1
):-+:' {rn rn {rn {nm m {ml |
  1
,+->687+r<*-): {rn rn {rn lqohjonmgffffffffflg mqiffffhnlfffffffhfi o n o o V V |
  1
:;8: {rn rn {rn {ng o {mo oqiikffhlffffffffgkfh {nn {mk 90-(>-; _h *1410(1 |
  1
):-+:' {rn rn {rn {nh m {mj |
  1
,+->687+r<*-): {rn rn {rn lqhkoonomffffffffhgg mqiffffhnlfffffffhfi o o rn o V V |
  1
):-+:' {rn rn {rn {nl m {mi |
  1
,+->687+r<*-): {rn rn {rn lqohjonmgffffffffflg mqkffffhjlfffffffgjm o o n o V V |
  1
/061+ {rn rn {rn lqohjonmgffffffffflg mqiffffhnlfffffffhfi o |
  1
/061+ {rn rn {rn lqhkoonomffffffffhgg mqiffffhnlfffffffhfi o |
  1
,+->687+r<*-): {rn rn {rn lqhkoonomffffffffhgg mqkffffhjlfffffffgjm o rn o o V V |
  1
/061+ {rn rn {rn lqhkoonomffffffffhgg mqkffffhjlfffffffgjm o |
  1
/061+ {rn rn {rn lqohjonmgffffffffflg mqkffffhjlfffffffgjm o |
  0
HATCH
  5
40F
330
377
100
AcDbEntity
  8
TopPaste
 62
     8
100
AcDbHatch
 10
0.0
 20
0.0
 30
0.0
210
0.0
220
0.0
230
1.0
  2
SOLID
 70
     1
 71
     1
 91
        1
 92
        1
 93
        4
 72
     1
 10
3.075012899999999
 20
2.699997139999999
 11
3.740010299999999
 21
2.699997139999999
 72
     1
 10
3.740010299999999
 20
2.699997139999999
 11
3.740010299999999
 21
2.499997539999999
 72
     1
 10
3.740010299999999
 20
2.499997539999999
 11
3.075012899999999
 21
2.499997539999999
 72
     1
 10
3.075012899999999
 20
2.499997539999999
 11
3.075012899999999
 21
2.699997139999999
 97
        1
330
40E
 75
     0
 76
     1
 98
        0
450
        0
451
        0
460
0.0
461
0.0
452
        0
462
0.0
453
        0
470

  0
REGION
  5
414
102
{ACAD_REACTORS
330
415
102
}
330
377
100
AcDbEntity
  8
TopPaste
 62
     8
100
AcDbModelerGeometry
 70
     1
  1
mnmoo mh m mi          
  1
ni ^ *+0;:,4 ^ *+0\^ [ mo ^ LR mmjqnqoqijjlj QK o  
  1
n fqfffffffffffffffjkh:roh nqooooooooooooooooli:rno 
  1
>,27:>;:- {rn rn _nl mmjqnqoqijjlj |
  1
=0;& {rn rn {rn {m {rn {rn |
  1
3*2/ {rn rn {rn {rn {l {n |
  1
,7:33 {rn rn {rn {rn {rn {k {rn {m |
  1
9><: {rn rn {rn {rn {j {l {rn {i 90-(>-; ;0*=3: 0*+ |
  1
300/ {rn rn {rn {rn {h {k |
  1
/3>1:r,*-9><: {rn rn {rn lqkohjnnjffffffffgil mqmffffhflffffffffoh o o o rn rn o o 90-(>-;@) V V V V |
  1
<0:;8: {rn rn {rn {g {f {rn {no 90-(>-; {j {rn |
  1
<0:;8: {rn rn {rn {nn {h {rn {nm 90-(>-; {j {rn |
  1
<0:;8: {rn rn {rn {h {nn {rn {nl 90-(>-; {j {rn |
  1
:;8: {rn rn {rn {nk o {nj oqiikffhlffffffffgkfh {h {ni 90-(>-; _h *1410(1 |
  1
<0:;8: {rn rn {rn {f {g {rn {nh 90-(>-; {j {rn |
  1
:;8: {rn rn {rn {nj o {ng oqnfffffjfffffffffkkn {g {nf 90-(>-; _h *1410(1 |
  1
:;8: {rn rn {rn {mo o {nk oqnfffffjfffffffffkkn {f {mn 90-(>-; _h *1410(1 |
  1
):-+:' {rn rn {rn {nl m {mm |
  1
):-+:' {rn rn {rn {nm m {ml |
  1
,+->687+r<*-): {rn rn {rn lqohjonmgffffffffflg mqmffffhflffffffffoh o n o o V V |
  1
:;8: {rn rn {rn {ng o {mo oqiikffhlffffffffgkfh {nn {mk 90-(>-; _h *1410(1 |
  1
):-+:' {rn rn {rn {nh m {mj |
  1
,+->687+r<*-): {rn rn {rn lqhkoonomffffffffhgg mqmffffhflffffffffoh o o rn o V V |
  1
):-+:' {rn rn {rn {nl m {mi |
  1
,+->687+r<*-): {rn rn {rn lqohjonmgffffffffflg mqoffffgllffffffffil o o n o V V |
  1
/061+ {rn rn {rn lqohjonmgffffffffflg mqmffffhflffffffffoh o |
  1
/061+ {rn rn {rn lqhkoonomffffffffhgg mqmffffhflffffffffoh o |
  1
,+->687+r<*-): {rn rn {rn lqhkoonomffffffffhgg mqoffffgllffffffffil o rn o o V V |
  1
/061+ {rn rn {rn lqhkoonomffffffffhgg mqoffffgllffffffffil o |
  1
/061+ {rn rn {rn lqohjonmgffffffffflg mqoffffgllffffffffil o |
  0
HATCH
  5
415
330
377
100
AcDbEntity
  8
TopPaste
 62
     8
100
AcDbHatch
 10
0.0
 20
0.0
 30
0.0
210
0.0
220
0.0
230
1.0
  2
SOLID
 70
     1
 71
     1
 91
        1
 92
        1
 93
        4
 72
     1
 10
3.075012899999999
 20
2.299997939999999
 11
3.740010299999999
 21
2.299997939999999
 72
     1
 10
3.740010299999999
 20
2.299997939999999
 11
3.740010299999999
 21
2.099998339999999
 72
     1
 10
3.740010299999999
 20
2.099998339999999
 11
3.075012899999999
 21
2.099998339999999
 72
     1
 10
3.075012899999999
 20
2.099998339999999
 11
3.075012899999999
 21
2.299997939999999
 97
        1
330
414
 75
     0
 76
     1
 98
        0
450
        0
451
        0
460
0.0
461
0.0
452
        0
462
0.0
453
        0
470

  0
REGION
  5
41A
102
{ACAD_REACTORS
330
41B
102
}
330
377
100
AcDbEntity
  8
TopPaste
 62
     8
100
AcDbModelerGeometry
 70
     1
  1
mnmoo mh m mi          
  1
ni ^ *+0;:,4 ^ *+0\^ [ mo ^ LR mmjqnqoqijjlj QK o  
  1
n fqfffffffffffffffjkh:roh nqooooooooooooooooli:rno 
  1
>,27:>;:- {rn rn _nl mmjqnqoqijjlj |
  1
=0;& {rn rn {rn {m {rn {rn |
  1
3*2/ {rn rn {rn {rn {l {n |
  1
,7:33 {rn rn {rn {rn {rn {k {rn {m |
  1
9><: {rn rn {rn {rn {j {l {rn {i 90-(>-; ;0*=3: 0*+ |
  1
300/ {rn rn {rn {rn {h {k |
  1
/3>1:r,*-9><: {rn rn {rn lqkohjnnjffffffffgil nqgffffghlfffffffhfh o o o rn rn o o 90-(>-;@) V V V V |
  1
<0:;8: {rn rn {rn {g {f {rn {no 90-(>-; {j {rn |
  1
<0:;8: {rn rn {rn {nn {h {rn {nm 90-(>-; {j {rn |
  1
<0:;8: {rn rn {rn {h {nn {rn {nl 90-(>-; {j {rn |
  1
:;8: {rn rn {rn {nk o {nj oqiikffhlffffffffgkfh {h {ni 90-(>-; _h *1410(1 |
  1
<0:;8: {rn rn {rn {f {g {rn {nh 90-(>-; {j {rn |
  1
:;8: {rn rn {rn {nj o {ng oqnfffffjffffffffhmm {g {nf 90-(>-; _h *1410(1 |
  1
:;8: {rn rn {rn {mo o {nk oqnfffffjffffffffhmm {f {mn 90-(>-; _h *1410(1 |
  1
):-+:' {rn rn {rn {nl m {mm |
  1
):-+:' {rn rn {rn {nm m {ml |
  1
,+->687+r<*-): {rn rn {rn lqohjonmgffffffffflg nqgffffghlfffffffhfh o n o o V V |
  1
:;8: {rn rn {rn {ng o {mo oqiikffhlffffffffgkfh {nn {mk 90-(>-; _h *1410(1 |
  1
):-+:' {rn rn {rn {nh m {mj |
  1
,+->687+r<*-): {rn rn {rn lqhkoonomffffffffhgg nqgffffghlfffffffhfh o o rn o V V |
  1
):-+:' {rn rn {rn {nl m {mi |
  1
,+->687+r<*-): {rn rn {rn lqohjonmgffffffffflg nqifffffnkoooooooohj o o n o V V |
  1
/061+ {rn rn {rn lqohjonmgffffffffflg nqgffffghlfffffffhfh o |
  1
/061+ {rn rn {rn lqhkoonomffffffffhgg nqgffffghlfffffffhfh o |
  1
,+->687+r<*-): {rn rn {rn lqhkoonomffffffffhgg nqifffffnkoooooooohj o rn o o V V |
  1
/061+ {rn rn {rn lqhkoonomffffffffhgg nqifffffnkoooooooohj o |
  1
/061+ {rn rn {rn lqohjonmgffffffffflg nqifffffnkoooooooohj o |
  0
HATCH
  5
41B
330
377
100
AcDbEntity
  8
TopPaste
 62
     8
100
AcDbHatch
 10
0.0
 20
0.0
 30
0.0
210
0.0
220
0.0
230
1.0
  2
SOLID
 70
     1
 71
     1
 91
        1
 92
        1
 93
        4
 72
     1
 10
3.075012899999999
 20
1.89999874
 11
3.740010299999999
 21
1.89999874
 72
     1
 10
3.740010299999999
 20
1.89999874
 11
3.740010299999999
 21
1.69999914
 72
     1
 10
3.740010299999999
 20
1.69999914
 11
3.075012899999999
 21
1.69999914
 72
     1
 10
3.075012899999999
 20
1.69999914
 11
3.075012899999999
 21
1.89999874
 97
        1
330
41A
 75
     0
 76
     1
 98
        0
450
        0
451
        0
460
0.0
461
0.0
452
        0
462
0.0
453
        0
470

  0
REGION
  5
420
102
{ACAD_REACTORS
330
421
102
}
330
377
100
AcDbEntity
  8
TopPaste
 62
     8
100
AcDbModelerGeometry
 70
     1
  1
mnmoo mh m mi          
  1
ni ^ *+0;:,4 ^ *+0\^ [ mo ^ LR mmjqnqoqijjlj QK o  
  1
n fqfffffffffffffffjkh:roh nqooooooooooooooooli:rno 
  1
>,27:>;:- {rn rn _nl mmjqnqoqijjlj |
  1
=0;& {rn rn {rn {m {rn {rn |
  1
3*2/ {rn rn {rn {rn {l {n |
  1
,7:33 {rn rn {rn {rn {rn {k {rn {m |
  1
9><: {rn rn {rn {rn {j {l {rn {i 90-(>-; ;0*=3: 0*+ |
  1
300/ {rn rn {rn {rn {h {k |
  1
/3>1:r,*-9><: {rn rn {rn lqkohjnnjffffffffgil nqkfffffjlffffffffof o o o rn rn o o 90-(>-;@) V V V V |
  1
<0:;8: {rn rn {rn {g {f {rn {no 90-(>-; {j {rn |
  1
<0:;8: {rn rn {rn {nn {h {rn {nm 90-(>-; {j {rn |
  1
<0:;8: {rn rn {rn {h {nn {rn {nl 90-(>-; {j {rn |
  1
:;8: {rn rn {rn {nk o {nj oqiikffhlffffffffgkfh {h {ni 90-(>-; _h *1410(1 |
  1
<0:;8: {rn rn {rn {f {g {rn {nh 90-(>-; {j {rn |
  1
:;8: {rn rn {rn {nj o {ng oqnfffffjfffffffffkkn {g {nf 90-(>-; _h *1410(1 |
  1
:;8: {rn rn {rn {mo o {nk oqnfffffjffffffffgggi {f {mn 90-(>-; _h *1410(1 |
  1
):-+:' {rn rn {rn {nl m {mm |
  1
):-+:' {rn rn {rn {nm m {ml |
  1
,+->687+r<*-): {rn rn {rn lqohjonmgffffffffflg nqkfffffjlffffffffof o n o o V V |
  1
:;8: {rn rn {rn {ng o {mo oqiikffhlffffffffgkfh {nn {mk 90-(>-; _h *1410(1 |
  1
):-+:' {rn rn {rn {nh m {mj |
  1
,+->687+r<*-): {rn rn {rn lqhkoonomffffffffhgg nqkfffffjlffffffffof o o rn o V V |
  1
):-+:' {rn rn {rn {nl m {mi |
  1
,+->687+r<*-): {rn rn {rn lqohjonmgffffffffflg nqmfffffflffffffffij o o nqooooooooooooooommm o V V |
  1
/061+ {rn rn {rn lqohjonmgffffffffflg nqkfffffjlffffffffof o |
  1
/061+ {rn rn {rn lqhkoonomffffffffhgg nqkfffffjlffffffffof o |
  1
,+->687+r<*-): {rn rn {rn lqhkoonomffffffffhgg nqmfffffflffffffffij o rn o o V V |
  1
/061+ {rn rn {rn lqhkoonomffffffffhgg nqmfffffflffffffffij o |
  1
/061+ {rn rn {rn lqohjonmgffffffffflg nqmfffffflffffffffij o |
  0
HATCH
  5
421
330
377
100
AcDbEntity
  8
TopPaste
 62
     8
100
AcDbHatch
 10
0.0
 20
0.0
 30
0.0
210
0.0
220
0.0
230
1.0
  2
SOLID
 70
     1
 71
     1
 91
        1
 92
        1
 93
        4
 72
     1
 10
3.075012899999999
 20
1.499999539999999
 11
3.740010299999999
 21
1.499999539999999
 72
     1
 10
3.740010299999999
 20
1.499999539999999
 11
3.740010299999999
 21
1.299999939999999
 72
     1
 10
3.740010299999999
 20
1.299999939999999
 11
3.075012899999999
 21
1.299999939999999
 72
     1
 10
3.075012899999999
 20
1.299999939999999
 11
3.075012899999999
 21
1.499999539999999
 97
        1
330
420
 75
     0
 76
     1
 98
        0
450
        0
451
        0
460
0.0
461
0.0
452
        0
462
0.0
453
        0
470

  0
REGION
  5
426
102
{ACAD_REACTORS
330
427
102
}
330
377
100
AcDbEntity
  8
TopPaste
 62
     8
100
AcDbModelerGeometry
 70
     1
  1
mnmoo mh m mi          
  1
ni ^ *+0;:,4 ^ *+0\^ [ mo ^ LR mmjqnqoqijjlj QK o  
  1
n fqfffffffffffffffjkh:roh nqooooooooooooooooli:rno 
  1
>,27:>;:- {rn rn _nl mmjqnqoqijjlj |
  1
=0;& {rn rn {rn {m {rn {rn |
  1
3*2/ {rn rn {rn {rn {l {n |
  1
,7:33 {rn rn {rn {rn {rn {k {rn {m |
  1
9><: {rn rn {rn {rn {j {l {rn {i 90-(>-; ;0*=3: 0*+ |
  1
300/ {rn rn {rn {rn {h {k |
  1
/3>1:r,*-9><: {rn rn {rn lqkohjnnjffffffffgil nqnooooolkoooooooomn o o o rn rn o o 90-(>-;@) V V V V |
  1
<0:;8: {rn rn {rn {g {f {rn {no 90-(>-; {j {rn |
  1
<0:;8: {rn rn {rn {nn {h {rn {nm 90-(>-; {j {rn |
  1
<0:;8: {rn rn {rn {h {nn {rn {nl 90-(>-; {j {rn |
  1
:;8: {rn rn {rn {nk o {nj oqiikffhlffffffffgkfh {h {ni 90-(>-; _h *1410(1 |
  1
<0:;8: {rn rn {rn {f {g {rn {nh 90-(>-; {j {rn |
  1
:;8: {rn rn {rn {nj o {ng oqnfffffiooooooooojjn {g {nf 90-(>-; _h *1410(1 |
  1
:;8: {rn rn {rn {mo o {nk oqnfffffiooooooooogmf {f {mn 90-(>-; _h *1410(1 |
  1
):-+:' {rn rn {rn {nl m {mm |
  1
):-+:' {rn rn {rn {nm m {ml |
  1
,+->687+r<*-): {rn rn {rn lqohjonmgffffffffflg nqnooooolkoooooooomn o n o o V V |
  1
:;8: {rn rn {rn {ng o {mo oqiikffhlffffffffgkfh {nn {mk 90-(>-; _h *1410(1 |
  1
):-+:' {rn rn {rn {nh m {mj |
  1
,+->687+r<*-): {rn rn {rn lqhkoonomffffffffhgg nqnooooolkoooooooomn o o rn o V V |
  1
):-+:' {rn rn {rn {nl m {mi |
  1
,+->687+r<*-): {rn rn {rn lqohjonmgffffffffflg oqfooooohlffffffffijg o o oqfffffffffffffffggf o V V |
  1
/061+ {rn rn {rn lqohjonmgffffffffflg nqnooooolkoooooooomn o |
  1
/061+ {rn rn {rn lqhkoonomffffffffhgg nqnooooolkoooooooomn o |
  1
,+->687+r<*-): {rn rn {rn lqhkoonomffffffffhgg oqfooooohlffffffffijg o rn o o V V |
  1
/061+ {rn rn {rn lqhkoonomffffffffhgg oqfooooohlffffffffijg o |
  1
/061+ {rn rn {rn lqohjonmgffffffffflg oqfooooohlffffffffijg o |
  0
HATCH
  5
427
330
377
100
AcDbEntity
  8
TopPaste
 62
     8
100
AcDbHatch
 10
0.0
 20
0.0
 30
0.0
210
0.0
220
0.0
230
1.0
  2
SOLID
 70
     1
 71
     1
 91
        1
 92
        1
 93
        4
 72
     1
 10
3.075012899999999
 20
1.10000034
 11
3.740010299999999
 21
1.10000034
 72
     1
 10
3.740010299999999
 20
1.10000034
 11
3.740010299999999
 21
0.9000007399999999
 72
     1
 10
3.740010299999999
 20
0.9000007399999999
 11
3.075012899999999
 21
0.9000007399999999
 72
     1
 10
3.075012899999999
 20
0.9000007399999999
 11
3.075012899999999
 21
1.10000034
 97
        1
330
426
 75
     0
 76
     1
 98
        0
450
        0
451
        0
460
0.0
461
0.0
452
        0
462
0.0
453
        0
470

  0
REGION
  5
42C
102
{ACAD_REACTORS
330
42D
102
}
330
377
100
AcDbEntity
  8
TopPaste
 62
     8
100
AcDbModelerGeometry
 70
     1
  1
mnmoo mh m mi          
  1
ni ^ *+0;:,4 ^ *+0\^ [ mo ^ LR mmjqnqoqijjlj QK o  
  1
n fqfffffffffffffffjkh:roh nqooooooooooooooooli:rno 
  1
>,27:>;:- {rn rn _nl mmjqnqoqijjlj |
  1
=0;& {rn rn {rn {m {rn {rn |
  1
3*2/ {rn rn {rn {rn {l {n |
  1
,7:33 {rn rn {rn {rn {rn {k {rn {m |
  1
9><: {rn rn {rn {rn {j {l {rn {i 90-(>-; ;0*=3: 0*+ |
  1
300/ {rn rn {rn {rn {h {k |
  1
/3>1:r,*-9><: {rn rn {rn lqkohjnnjffffffffgil oqhoooonnlffffffffnoh o o o rn rn o o 90-(>-;@) V V V V |
  1
<0:;8: {rn rn {rn {g {f {rn {no 90-(>-; {j {rn |
  1
<0:;8: {rn rn {rn {nn {h {rn {nm 90-(>-; {j {rn |
  1
<0:;8: {rn rn {rn {h {nn {rn {nl 90-(>-; {j {rn |
  1
:;8: {rn rn {rn {nk o {nj oqiikffhlffffffffgkfh {h {ni 90-(>-; _h *1410(1 |
  1
<0:;8: {rn rn {rn {f {g {rn {nh 90-(>-; {j {rn |
  1
:;8: {rn rn {rn {nj o {ng oqnfffffjfffffffffkkn {g {nf 90-(>-; _h *1410(1 |
  1
:;8: {rn rn {rn {mo o {nk oqnfffffjfffffffffkkn {f {mn 90-(>-; _h *1410(1 |
  1
):-+:' {rn rn {rn {nl m {mm |
  1
):-+:' {rn rn {rn {nm m {ml |
  1
,+->687+r<*-): {rn rn {rn lqohjonmgffffffffflg oqhoooonnlffffffffnoh o n o o V V |
  1
:;8: {rn rn {rn {ng o {mo oqiikffhlffffffffgkfh {nn {mk 90-(>-; _h *1410(1 |
  1
):-+:' {rn rn {rn {nh m {mj |
  1
,+->687+r<*-): {rn rn {rn lqhkoonomffffffffhgg oqhoooonnlffffffffnoh o o rn o V V |
  1
):-+:' {rn rn {rn {nl m {mi |
  1
,+->687+r<*-): {rn rn {rn lqohjonmgffffffffflg oqjoooonjlffffffffiii o o n o V V |
  1
/061+ {rn rn {rn lqohjonmgffffffffflg oqhoooonnlffffffffnoh o |
  1
/061+ {rn rn {rn lqhkoonomffffffffhgg oqhoooonnlffffffffnoh o |
  1
,+->687+r<*-): {rn rn {rn lqhkoonomffffffffhgg oqjoooonjlffffffffiii o rn o o V V |
  1
/061+ {rn rn {rn lqhkoonomffffffffhgg oqjoooonjlffffffffiii o |
  1
/061+ {rn rn {rn lqohjonmgffffffffflg oqjoooonjlffffffffiii o |
  0
HATCH
  5
42D
330
377
100
AcDbEntity
  8
TopPaste
 62
     8
100
AcDbHatch
 10
0.0
 20
0.0
 30
0.0
210
0.0
220
0.0
230
1.0
  2
SOLID
 70
     1
 71
     1
 91
        1
 92
        1
 93
        4
 72
     1
 10
3.075012899999999
 20
0.7000011399999999
 11
3.740010299999999
 21
0.7000011399999999
 72
     1
 10
3.740010299999999
 20
0.7000011399999999
 11
3.740010299999999
 21
0.50000154
 72
     1
 10
3.740010299999999
 20
0.50000154
 11
3.075012899999999
 21
0.50000154
 72
     1
 10
3.075012899999999
 20
0.50000154
 11
3.075012899999999
 21
0.7000011399999999
 97
        1
330
42C
 75
     0
 76
     1
 98
        0
450
        0
451
        0
460
0.0
461
0.0
452
        0
462
0.0
453
        0
470

  0
REGION
  5
432
102
{ACAD_REACTORS
330
433
102
}
330
377
100
AcDbEntity
  8
TopPaste
 62
     8
100
AcDbModelerGeometry
 70
     1
  1
mnmoo mh m mi          
  1
ni ^ *+0;:,4 ^ *+0\^ [ mo ^ LR mmjqnqoqijjlj QK o  
  1
n fqfffffffffffffffjkh:roh nqooooooooooooooooli:rno 
  1
>,27:>;:- {rn rn _nl mmjqnqoqijjlj |
  1
=0;& {rn rn {rn {m {rn {rn |
  1
3*2/ {rn rn {rn {rn {l {n |
  1
,7:33 {rn rn {rn {rn {rn {k {rn {m |
  1
9><: {rn rn {rn {rn {j {l {rn {i 90-(>-; ;0*=3: 0*+ |
  1
300/ {rn rn {rn {rn {h {k |
  1
/3>1:r,*-9><: {rn rn {rn lqkohjnnjffffffffgil oqloooonflffffffffih o o o rn rn o o 90-(>-;@) V V V V |
  1
<0:;8: {rn rn {rn {g {f {rn {no 90-(>-; {j {rn |
  1
<0:;8: {rn rn {rn {nn {h {rn {nm 90-(>-; {j {rn |
  1
<0:;8: {rn rn {rn {h {nn {rn {nl 90-(>-; {j {rn |
  1
:;8: {rn rn {rn {nk o {nj oqiikffhlffffffffgkfh {h {ni 90-(>-; _h *1410(1 |
  1
<0:;8: {rn rn {rn {f {g {rn {nh 90-(>-; {j {rn |
  1
:;8: {rn rn {rn {nj o {ng oqnfffffjfffffffffhng {g {nf 90-(>-; _h *1410(1 |
  1
:;8: {rn rn {rn {mo o {nk oqnfffffjfffffffffhng {f {mn 90-(>-; _h *1410(1 |
  1
):-+:' {rn rn {rn {nl m {mm |
  1
):-+:' {rn rn {rn {nm m {ml |
  1
,+->687+r<*-): {rn rn {rn lqohjonmgffffffffflg oqloooonflffffffffih o n o o V V |
  1
:;8: {rn rn {rn {ng o {mo oqiikffhlffffffffgkfh {nn {mk 90-(>-; _h *1410(1 |
  1
):-+:' {rn rn {rn {nh m {mj |
  1
,+->687+r<*-): {rn rn {rn lqhkoonomffffffffhgg oqloooonflffffffffih o o rn o V V |
  1
):-+:' {rn rn {rn {nl m {mi |
  1
,+->687+r<*-): {rn rn {rn lqohjonmgffffffffflg oqnoooomllfffffffffjn o o n o V V |
  1
/061+ {rn rn {rn lqohjonmgffffffffflg oqloooonflffffffffih o |
  1
/061+ {rn rn {rn lqhkoonomffffffffhgg oqloooonflffffffffih o |
  1
,+->687+r<*-): {rn rn {rn lqhkoonomffffffffhgg oqnoooomllfffffffffjn o rn o o V V |
  1
/061+ {rn rn {rn lqhkoonomffffffffhgg oqnoooomllfffffffffjn o |
  1
/061+ {rn rn {rn lqohjonmgffffffffflg oqnoooomllfffffffffjn o |
  0
HATCH
  5
433
330
377
100
AcDbEntity
  8
TopPaste
 62
     8
100
AcDbHatch
 10
0.0
 20
0.0
 30
0.0
210
0.0
220
0.0
230
1.0
  2
SOLID
 70
     1
 71
     1
 91
        1
 92
        1
 93
        4
 72
     1
 10
3.075012899999999
 20
0.30000194
 11
3.740010299999999
 21
0.30000194
 72
     1
 10
3.740010299999999
 20
0.30000194
 11
3.740010299999999
 21
0.10000234
 72
     1
 10
3.740010299999999
 20
0.10000234
 11
3.075012899999999
 21
0.10000234
 72
     1
 10
3.075012899999999
 20
0.10000234
 11
3.075012899999999
 21
0.30000194
 97
        1
330
432
 75
     0
 76
     1
 98
        0
450
        0
451
        0
460
0.0
461
0.0
452
        0
462
0.0
453
        0
470

  0
REGION
  5
438
102
{ACAD_REACTORS
330
439
102
}
330
377
100
AcDbEntity
  8
TopPaste
 62
     8
100
AcDbModelerGeometry
 70
     1
  1
mnmoo mh m mi          
  1
ni ^ *+0;:,4 ^ *+0\^ [ mo ^ LR mmjqnqoqijjlj QK o  
  1
n fqfffffffffffffffjkh:roh nqooooooooooooooooli:rno 
  1
>,27:>;:- {rn rn _nl mmjqnqoqijjlj |
  1
=0;& {rn rn {rn {m {rn {rn |
  1
3*2/ {rn rn {rn {rn {l {n |
  1
,7:33 {rn rn {rn {rn {rn {k {rn {m |
  1
9><: {rn rn {rn {rn {j {l {rn {i 90-(>-; ;0*=3: 0*+ |
  1
300/ {rn rn {rn {rn {h {k |
  1
/3>1:r,*-9><: {rn rn {rn lqkohjnnjffffffffgil roqoffffhmjfffffffffoi o o o rn rn o o 90-(>-;@) V V V V |
  1
<0:;8: {rn rn {rn {g {f {rn {no 90-(>-; {j {rn |
  1
<0:;8: {rn rn {rn {nn {h {rn {nm 90-(>-; {j {rn |
  1
<0:;8: {rn rn {rn {h {nn {rn {nl 90-(>-; {j {rn |
  1
:;8: {rn rn {rn {nk o {nj oqiikffhlffffffffgkfh {h {ni 90-(>-; _h *1410(1 |
  1
<0:;8: {rn rn {rn {f {g {rn {nh 90-(>-; {j {rn |
  1
:;8: {rn rn {rn {nj o {ng oqnfffffjfffffffffffi {g {nf 90-(>-; _h *1410(1 |
  1
:;8: {rn rn {rn {mo o {nk oqnfffffjfffffffffffi {f {mn 90-(>-; _h *1410(1 |
  1
):-+:' {rn rn {rn {nl m {mm |
  1
):-+:' {rn rn {rn {nm m {ml |
  1
,+->687+r<*-): {rn rn {rn lqohjonmgffffffffflg roqoffffhmjfffffffffoi o n o o V V |
  1
:;8: {rn rn {rn {ng o {mo oqiikffhlffffffffgkfh {nn {mk 90-(>-; _h *1410(1 |
  1
):-+:' {rn rn {rn {nh m {mj |
  1
,+->687+r<*-): {rn rn {rn lqhkoonomffffffffhgg roqoffffhmjfffffffffoi o o rn o V V |
  1
):-+:' {rn rn {rn {nl m {mi |
  1
,+->687+r<*-): {rn rn {rn lqohjonmgffffffffflg roqmffffigjffffffffhil o o n o V V |
  1
/061+ {rn rn {rn lqohjonmgffffffffflg roqoffffhmjfffffffffoi o |
  1
/061+ {rn rn {rn lqhkoonomffffffffhgg roqoffffhmjfffffffffoi o |
  1
,+->687+r<*-): {rn rn {rn lqhkoonomffffffffhgg roqmffffigjffffffffhil o rn o o V V |
  1
/061+ {rn rn {rn lqhkoonomffffffffhgg roqmffffigjffffffffhil o |
  1
/061+ {rn rn {rn lqohjonmgffffffffflg roqmffffigjffffffffhil o |
  0
HATCH
  5
439
330
377
100
AcDbEntity
  8
TopPaste
 62
     8
100
AcDbHatch
 10
0.0
 20
0.0
 30
0.0
210
0.0
220
0.0
230
1.0
  2
SOLID
 70
     1
 71
     1
 91
        1
 92
        1
 93
        4
 72
     1
 10
3.075012899999999
 20
-0.09999726
 11
3.740010299999999
 21
-0.09999726
 72
     1
 10
3.740010299999999
 20
-0.09999726
 11
3.740010299999999
 21
-0.29999686
 72
     1
 10
3.740010299999999
 20
-0.29999686
 11
3.075012899999999
 21
-0.29999686
 72
     1
 10
3.075012899999999
 20
-0.29999686
 11
3.075012899999999
 21
-0.09999726
 97
        1
330
438
 75
     0
 76
     1
 98
        0
450
        0
451
        0
460
0.0
461
0.0
452
        0
462
0.0
453
        0
470

  0
REGION
  5
43E
102
{ACAD_REACTORS
330
43F
102
}
330
377
100
AcDbEntity
  8
TopPaste
 62
     8
100
AcDbModelerGeometry
 70
     1
  1
mnmoo mh m mi          
  1
ni ^ *+0;:,4 ^ *+0\^ [ mo ^ LR mmjqnqoqijjlj QK o  
  1
n fqfffffffffffffffjkh:roh nqooooooooooooooooli:rno 
  1
>,27:>;:- {rn rn _nl mmjqnqoqijjlj |
  1
=0;& {rn rn {rn {m {rn {rn |
  1
3*2/ {rn rn {rn {rn {l {n |
  1
,7:33 {rn rn {rn {rn {rn {k {rn {m |
  1
9><: {rn rn {rn {rn {j {l {rn {i 90-(>-; ;0*=3: 0*+ |
  1
300/ {rn rn {rn {rn {h {k |
  1
/3>1:r,*-9><: {rn rn {rn lqkohjnnjffffffffgil roqkffffikioooooooolnk o o o rn rn o o 90-(>-;@) V V V V |
  1
<0:;8: {rn rn {rn {g {f {rn {no 90-(>-; {j {rn |
  1
<0:;8: {rn rn {rn {nn {h {rn {nm 90-(>-; {j {rn |
  1
<0:;8: {rn rn {rn {h {nn {rn {nl 90-(>-; {j {rn |
  1
:;8: {rn rn {rn {nk o {nj oqiikffhlffffffffgkfh {h {ni 90-(>-; _h *1410(1 |
  1
<0:;8: {rn rn {rn {f {g {rn {nh 90-(>-; {j {rn |
  1
:;8: {rn rn {rn {nj o {ng oqnfffffjfffffffffffi {g {nf 90-(>-; _h *1410(1 |
  1
:;8: {rn rn {rn {mo o {nk oqnfffffjfffffffffffi {f {mn 90-(>-; _h *1410(1 |
  1
):-+:' {rn rn {rn {nl m {mm |
  1
):-+:' {rn rn {rn {nm m {ml |
  1
,+->687+r<*-): {rn rn {rn lqohjonmgffffffffflg roqkffffikioooooooolnk o n o o V V |
  1
:;8: {rn rn {rn {ng o {mo oqiikffhlffffffffgkfh {nn {mk 90-(>-; _h *1410(1 |
  1
):-+:' {rn rn {rn {nh m {mj |
  1
,+->687+r<*-): {rn rn {rn lqhkoonomffffffffhgg roqkffffikioooooooolnk o o rn o V V |
  1
):-+:' {rn rn {rn {nl m {mi |
  1
,+->687+r<*-): {rn rn {rn lqohjonmgffffffffflg roqiffffioiooooooooln o o n o V V |
  1
/061+ {rn rn {rn lqohjonmgffffffffflg roqkffffikioooooooolnk o |
  1
/061+ {rn rn {rn lqhkoonomffffffffhgg roqkffffikioooooooolnk o |
  1
,+->687+r<*-): {rn rn {rn lqhkoonomffffffffhgg roqiffffioiooooooooln o rn o o V V |
  1
/061+ {rn rn {rn lqhkoonomffffffffhgg roqiffffioiooooooooln o |
  1
/061+ {rn rn {rn lqohjonmgffffffffflg roqiffffioiooooooooln o |
  0
HATCH
  5
43F
330
377
100
AcDbEntity
  8
TopPaste
 62
     8
100
AcDbHatch
 10
0.0
 20
0.0
 30
0.0
210
0.0
220
0.0
230
1.0
  2
SOLID
 70
     1
 71
     1
 91
        1
 92
        1
 93
        4
 72
     1
 10
3.075012899999999
 20
-0.4999964600000001
 11
3.740010299999999
 21
-0.4999964600000001
 72
     1
 10
3.740010299999999
 20
-0.4999964600000001
 11
3.740010299999999
 21
-0.6999960600000001
 72
     1
 10
3.740010299999999
 20
-0.6999960600000001
 11
3.075012899999999
 21
-0.6999960600000001
 72
     1
 10
3.075012899999999
 20
-0.6999960600000001
 11
3.075012899999999
 21
-0.4999964600000001
 97
        1
330
43E
 75
     0
 76
     1
 98
        0
450
        0
451
        0
460
0.0
461
0.0
452
        0
462
0.0
453
        0
470

  0
REGION
  5
444
102
{ACAD_REACTORS
330
445
102
}
330
377
100
AcDbEntity
  8
TopPaste
 62
     8
100
AcDbModelerGeometry
 70
     1
  1
mnmoo mh m mi          
  1
ni ^ *+0;:,4 ^ *+0\^ [ mo ^ LR mmjqnqoqijjlj QK o  
  1
n fqfffffffffffffffjkh:roh nqooooooooooooooooli:rno 
  1
>,27:>;:- {rn rn _nl mmjqnqoqijjlj |
  1
=0;& {rn rn {rn {m {rn {rn |
  1
3*2/ {rn rn {rn {rn {l {n |
  1
,7:33 {rn rn {rn {rn {rn {k {rn {m |
  1
9><: {rn rn {rn {rn {j {l {rn {i 90-(>-; ;0*=3: 0*+ |
  1
300/ {rn rn {rn {rn {h {k |
  1
/3>1:r,*-9><: {rn rn {rn lqkohjnnjffffffffgil roqgffffjiioooooooogin o o o rn rn o o 90-(>-;@) V V V V |
  1
<0:;8: {rn rn {rn {g {f {rn {no 90-(>-; {j {rn |
  1
<0:;8: {rn rn {rn {nn {h {rn {nm 90-(>-; {j {rn |
  1
<0:;8: {rn rn {rn {h {nn {rn {nl 90-(>-; {j {rn |
  1
:;8: {rn rn {rn {nk o {nj oqiikffhlffffffffgkfh {h {ni 90-(>-; _h *1410(1 |
  1
<0:;8: {rn rn {rn {f {g {rn {nh 90-(>-; {j {rn |
  1
:;8: {rn rn {rn {nj o {ng oqnfffffjfffffffffkkn {g {nf 90-(>-; _h *1410(1 |
  1
:;8: {rn rn {rn {mo o {nk oqnfffffjfffffffffkkn {f {mn 90-(>-; _h *1410(1 |
  1
):-+:' {rn rn {rn {nl m {mm |
  1
):-+:' {rn rn {rn {nm m {ml |
  1
,+->687+r<*-): {rn rn {rn lqohjonmgffffffffflg roqgffffjiioooooooogin o n o o V V |
  1
:;8: {rn rn {rn {ng o {mo oqiikffhlffffffffgkfh {nn {mk 90-(>-; _h *1410(1 |
  1
):-+:' {rn rn {rn {nh m {mj |
  1
,+->687+r<*-): {rn rn {rn lqhkoonomffffffffhgg roqgffffjiioooooooogin o o rn o V V |
  1
):-+:' {rn rn {rn {nl m {mi |
  1
,+->687+r<*-): {rn rn {rn lqohjonmgffffffffflg rnqoffffjmiooooooool o o n o V V |
  1
/061+ {rn rn {rn lqohjonmgffffffffflg roqgffffjiioooooooogin o |
  1
/061+ {rn rn {rn lqhkoonomffffffffhgg roqgffffjiioooooooogin o |
  1
,+->687+r<*-): {rn rn {rn lqhkoonomffffffffhgg rnqoffffjmiooooooool o rn o o V V |
  1
/061+ {rn rn {rn lqhkoonomffffffffhgg rnqoffffjmiooooooool o |
  1
/061+ {rn rn {rn lqohjonmgffffffffflg rnqoffffjmiooooooool o |
  0
HATCH
  5
445
330
377
100
AcDbEntity
  8
TopPaste
 62
     8
100
AcDbHatch
 10
0.0
 20
0.0
 30
0.0
210
0.0
220
0.0
230
1.0
  2
SOLID
 70
     1
 71
     1
 91
        1
 92
        1
 93
        4
 72
     1
 10
3.075012899999999
 20
-0.89999566
 11
3.740010299999999
 21
-0.89999566
 72
     1
 10
3.740010299999999
 20
-0.89999566
 11
3.740010299999999
 21
-1.09999526
 72
     1
 10
3.740010299999999
 20
-1.09999526
 11
3.075012899999999
 21
-1.09999526
 72
     1
 10
3.075012899999999
 20
-1.09999526
 11
3.075012899999999
 21
-0.89999566
 97
        1
330
444
 75
     0
 76
     1
 98
        0
450
        0
451
        0
460
0.0
461
0.0
452
        0
462
0.0
453
        0
470

  0
REGION
  5
44A
102
{ACAD_REACTORS
330
44B
102
}
330
377
100
AcDbEntity
  8
TopPaste
 62
     8
100
AcDbModelerGeometry
 70
     1
  1
mnmoo mh m mi          
  1
ni ^ *+0;:,4 ^ *+0\^ [ mo ^ LR mmjqnqoqijjlj QK o  
  1
n fqfffffffffffffffjkh:roh nqooooooooooooooooli:rno 
  1
>,27:>;:- {rn rn _nl mmjqnqoqijjlj |
  1
=0;& {rn rn {rn {m {rn {rn |
  1
3*2/ {rn rn {rn {rn {l {n |
  1
,7:33 {rn rn {rn {rn {rn {k {rn {m |
  1
9><: {rn rn {rn {rn {j {l {rn {i 90-(>-; ;0*=3: 0*+ |
  1
300/ {rn rn {rn {rn {h {k |
  1
/3>1:r,*-9><: {rn rn {rn lqkohjnnjffffffffgil rnqmffffkgjffffffffhk o o o rn rn o o 90-(>-;@) V V V V |
  1
<0:;8: {rn rn {rn {g {f {rn {no 90-(>-; {j {rn |
  1
<0:;8: {rn rn {rn {nn {h {rn {nm 90-(>-; {j {rn |
  1
<0:;8: {rn rn {rn {h {nn {rn {nl 90-(>-; {j {rn |
  1
:;8: {rn rn {rn {nk o {nj oqiikffhlffffffffgkfh {h {ni 90-(>-; _h *1410(1 |
  1
<0:;8: {rn rn {rn {f {g {rn {nh 90-(>-; {j {rn |
  1
:;8: {rn rn {rn {nj o {ng oqnfffffjfffffffffkkn {g {nf 90-(>-; _h *1410(1 |
  1
:;8: {rn rn {rn {mo o {nk oqnfffffjfffffffffkkn {f {mn 90-(>-; _h *1410(1 |
  1
):-+:' {rn rn {rn {nl m {mm |
  1
):-+:' {rn rn {rn {nm m {ml |
  1
,+->687+r<*-): {rn rn {rn lqohjonmgffffffffflg rnqmffffkgjffffffffhk o n o o V V |
  1
:;8: {rn rn {rn {ng o {mo oqiikffhlffffffffgkfh {nn {mk 90-(>-; _h *1410(1 |
  1
):-+:' {rn rn {rn {nh m {mj |
  1
,+->687+r<*-): {rn rn {rn lqhkoonomffffffffhgg rnqmffffkgjffffffffhk o o rn o V V |
  1
):-+:' {rn rn {rn {nl m {mi |
  1
,+->687+r<*-): {rn rn {rn lqohjonmgffffffffflg rnqkffffkkjffffffffng o o n o V V |
  1
/061+ {rn rn {rn lqohjonmgffffffffflg rnqmffffkgjffffffffhk o |
  1
/061+ {rn rn {rn lqhkoonomffffffffhgg rnqmffffkgjffffffffhk o |
  1
,+->687+r<*-): {rn rn {rn lqhkoonomffffffffhgg rnqkffffkkjffffffffng o rn o o V V |
  1
/061+ {rn rn {rn lqhkoonomffffffffhgg rnqkffffkkjffffffffng o |
  1
/061+ {rn rn {rn lqohjonmgffffffffflg rnqkffffkkjffffffffng o |
  0
HATCH
  5
44B
330
377
100
AcDbEntity
  8
TopPaste
 62
     8
100
AcDbHatch
 10
0.0
 20
0.0
 30
0.0
210
0.0
220
0.0
230
1.0
  2
SOLID
 70
     1
 71
     1
 91
        1
 92
        1
 93
        4
 72
     1
 10
3.075012899999999
 20
-1.299994859999999
 11
3.740010299999999
 21
-1.299994859999999
 72
     1
 10
3.740010299999999
 20
-1.299994859999999
 11
3.740010299999999
 21
-1.499994459999999
 72
     1
 10
3.740010299999999
 20
-1.499994459999999
 11
3.075012899999999
 21
-1.499994459999999
 72
     1
 10
3.075012899999999
 20
-1.499994459999999
 11
3.075012899999999
 21
-1.299994859999999
 97
        1
330
44A
 75
     0
 76
     1
 98
        0
450
        0
451
        0
460
0.0
461
0.0
452
        0
462
0.0
453
        0
470

  0
REGION
  5
450
102
{ACAD_REACTORS
330
451
102
}
330
377
100
AcDbEntity
  8
TopPaste
 62
     8
100
AcDbModelerGeometry
 70
     1
  1
mnmoo mh m mi          
  1
ni ^ *+0;:,4 ^ *+0\^ [ mo ^ LR mmjqnqoqijjlj QK o  
  1
n fqfffffffffffffffjkh:roh nqooooooooooooooooli:rno 
  1
>,27:>;:- {rn rn _nl mmjqnqoqijjlj |
  1
=0;& {rn rn {rn {m {rn {rn |
  1
3*2/ {rn rn {rn {rn {l {n |
  1
,7:33 {rn rn {rn {rn {rn {k {rn {m |
  1
9><: {rn rn {rn {rn {j {l {rn {i 90-(>-; ;0*=3: 0*+ |
  1
300/ {rn rn {rn {rn {h {k |
  1
/3>1:r,*-9><: {rn rn {rn lqkohjnnjffffffffgil rnqiffffkojfffffffgim o o o rn rn o o 90-(>-;@) V V V V |
  1
<0:;8: {rn rn {rn {g {f {rn {no 90-(>-; {j {rn |
  1
<0:;8: {rn rn {rn {nn {h {rn {nm 90-(>-; {j {rn |
  1
<0:;8: {rn rn {rn {h {nn {rn {nl 90-(>-; {j {rn |
  1
:;8: {rn rn {rn {nk o {nj oqiikffhlffffffffgkfh {h {ni 90-(>-; _h *1410(1 |
  1
<0:;8: {rn rn {rn {f {g {rn {nh 90-(>-; {j {rn |
  1
:;8: {rn rn {rn {nj o {ng oqnfffffiooooooooniin {g {nf 90-(>-; _h *1410(1 |
  1
:;8: {rn rn {rn {mo o {nk oqnfffffiooooooooniin {f {mn 90-(>-; _h *1410(1 |
  1
):-+:' {rn rn {rn {nl m {mm |
  1
):-+:' {rn rn {rn {nm m {ml |
  1
,+->687+r<*-): {rn rn {rn lqohjonmgffffffffflg rnqiffffkojfffffffgim o n o o V V |
  1
:;8: {rn rn {rn {ng o {mo oqiikffhlffffffffgkfh {nn {mk 90-(>-; _h *1410(1 |
  1
):-+:' {rn rn {rn {nh m {mj |
  1
,+->687+r<*-): {rn rn {rn lqhkoonomffffffffhgg rnqiffffkojfffffffgim o o rn o V V |
  1
):-+:' {rn rn {rn {nl m {mi |
  1
,+->687+r<*-): {rn rn {rn lqohjonmgffffffffflg rnqgffffliioooooooomf o o n o V V |
  1
/061+ {rn rn {rn lqohjonmgffffffffflg rnqiffffkojfffffffgim o |
  1
/061+ {rn rn {rn lqhkoonomffffffffhgg rnqiffffkojfffffffgim o |
  1
,+->687+r<*-): {rn rn {rn lqhkoonomffffffffhgg rnqgffffliioooooooomf o rn o o V V |
  1
/061+ {rn rn {rn lqhkoonomffffffffhgg rnqgffffliioooooooomf o |
  1
/061+ {rn rn {rn lqohjonmgffffffffflg rnqgffffliioooooooomf o |
  0
HATCH
  5
451
330
377
100
AcDbEntity
  8
TopPaste
 62
     8
100
AcDbHatch
 10
0.0
 20
0.0
 30
0.0
210
0.0
220
0.0
230
1.0
  2
SOLID
 70
     1
 71
     1
 91
        1
 92
        1
 93
        4
 72
     1
 10
3.075012899999999
 20
-1.69999406
 11
3.740010299999999
 21
-1.69999406
 72
     1
 10
3.740010299999999
 20
-1.69999406
 11
3.740010299999999
 21
-1.899993659999999
 72
     1
 10
3.740010299999999
 20
-1.899993659999999
 11
3.075012899999999
 21
-1.899993659999999
 72
     1
 10
3.075012899999999
 20
-1.899993659999999
 11
3.075012899999999
 21
-1.69999406
 97
        1
330
450
 75
     0
 76
     1
 98
        0
450
        0
451
        0
460
0.0
461
0.0
452
        0
462
0.0
453
        0
470

  0
REGION
  5
456
102
{ACAD_REACTORS
330
457
102
}
330
377
100
AcDbEntity
  8
TopPaste
 62
     8
100
AcDbModelerGeometry
 70
     1
  1
mnmoo mh m mi          
  1
ni ^ *+0;:,4 ^ *+0\^ [ mo ^ LR mmjqnqoqijjlj QK o  
  1
n fqfffffffffffffffjkh:roh nqooooooooooooooooli:rno 
  1
>,27:>;:- {rn rn _nl mmjqnqoqijjlj |
  1
=0;& {rn rn {rn {m {rn {rn |
  1
3*2/ {rn rn {rn {rn {l {n |
  1
,7:33 {rn rn {rn {rn {rn {k {rn {m |
  1
9><: {rn rn {rn {rn {j {l {rn {i 90-(>-; ;0*=3: 0*+ |
  1
300/ {rn rn {rn {rn {h {k |
  1
/3>1:r,*-9><: {rn rn {rn lqkohjnnjffffffffgil rmqofffflmjfffffffhjn o o o rn rn o o 90-(>-;@) V V V V |
  1
<0:;8: {rn rn {rn {g {f {rn {no 90-(>-; {j {rn |
  1
<0:;8: {rn rn {rn {nn {h {rn {nm 90-(>-; {j {rn |
  1
<0:;8: {rn rn {rn {h {nn {rn {nl 90-(>-; {j {rn |
  1
:;8: {rn rn {rn {nk o {nj oqiikffhlffffffffgkfh {h {ni 90-(>-; _h *1410(1 |
  1
<0:;8: {rn rn {rn {f {g {rn {nh 90-(>-; {j {rn |
  1
:;8: {rn rn {rn {nj o {ng oqnfffffioooooooolggm {g {nf 90-(>-; _h *1410(1 |
  1
:;8: {rn rn {rn {mo o {nk oqnfffffioooooooolggm {f {mn 90-(>-; _h *1410(1 |
  1
):-+:' {rn rn {rn {nl m {mm |
  1
):-+:' {rn rn {rn {nm m {ml |
  1
,+->687+r<*-): {rn rn {rn lqohjonmgffffffffflg rmqofffflmjfffffffhjn o n o o V V |
  1
:;8: {rn rn {rn {ng o {mo oqiikffhlffffffffgkfh {nn {mk 90-(>-; _h *1410(1 |
  1
):-+:' {rn rn {rn {nh m {mj |
  1
,+->687+r<*-): {rn rn {rn lqhkoonomffffffffhgg rmqofffflmjfffffffhjn o o rn o V V |
  1
):-+:' {rn rn {rn {nl m {mi |
  1
,+->687+r<*-): {rn rn {rn lqohjonmgffffffffflg rmqmffffmgiooooooonlf o o n o V V |
  1
/061+ {rn rn {rn lqohjonmgffffffffflg rmqofffflmjfffffffhjn o |
  1
/061+ {rn rn {rn lqhkoonomffffffffhgg rmqofffflmjfffffffhjn o |
  1
,+->687+r<*-): {rn rn {rn lqhkoonomffffffffhgg rmqmffffmgiooooooonlf o rn o o V V |
  1
/061+ {rn rn {rn lqhkoonomffffffffhgg rmqmffffmgiooooooonlf o |
  1
/061+ {rn rn {rn lqohjonmgffffffffflg rmqmffffmgiooooooonlf o |
  0
HATCH
  5
457
330
377
100
AcDbEntity
  8
TopPaste
 62
     8
100
AcDbHatch
 10
0.0
 20
0.0
 30
0.0
210
0.0
220
0.0
230
1.0
  2
SOLID
 70
     1
 71
     1
 91
        1
 92
        1
 93
        4
 72
     1
 10
3.075012899999999
 20
-2.09999326
 11
3.740010299999999
 21
-2.09999326
 72
     1
 10
3.740010299999999
 20
-2.09999326
 11
3.740010299999999
 21
-2.29999286
 72
     1
 10
3.740010299999999
 20
-2.29999286
 11
3.075012899999999
 21
-2.29999286
 72
     1
 10
3.075012899999999
 20
-2.29999286
 11
3.075012899999999
 21
-2.09999326
 97
        1
330
456
 75
     0
 76
     1
 98
        0
450
        0
451
        0
460
0.0
461
0.0
452
        0
462
0.0
453
        0
470

  0
REGION
  5
45C
102
{ACAD_REACTORS
330
45D
102
}
330
377
100
AcDbEntity
  8
TopPaste
 62
     8
100
AcDbModelerGeometry
 70
     1
  1
mnmoo mh m mi          
  1
ni ^ *+0;:,4 ^ *+0\^ [ mo ^ LR mmjqnqoqijjlj QK o  
  1
n fqfffffffffffffffjkh:roh nqooooooooooooooooli:rno 
  1
>,27:>;:- {rn rn _nl mmjqnqoqijjlj |
  1
=0;& {rn rn {rn {m {rn {rn |
  1
3*2/ {rn rn {rn {rn {l {n |
  1
,7:33 {rn rn {rn {rn {rn {k {rn {m |
  1
9><: {rn rn {rn {rn {j {l {rn {i 90-(>-; ;0*=3: 0*+ |
  1
300/ {rn rn {rn {rn {h {k |
  1
/3>1:r,*-9><: {rn rn {rn lqkohjnnjffffffffgil rmqkffffmkjfffffffilf o o o rn rn o o 90-(>-;@) V V V V |
  1
<0:;8: {rn rn {rn {g {f {rn {no 90-(>-; {j {rn |
  1
<0:;8: {rn rn {rn {nn {h {rn {nm 90-(>-; {j {rn |
  1
<0:;8: {rn rn {rn {h {nn {rn {nl 90-(>-; {j {rn |
  1
:;8: {rn rn {rn {nk o {nj oqiikffhlffffffffgkfh {h {ni 90-(>-; _h *1410(1 |
  1
<0:;8: {rn rn {rn {f {g {rn {nh 90-(>-; {j {rn |
  1
:;8: {rn rn {rn {nj o {ng oqnfffffioooooooolggm {g {nf 90-(>-; _h *1410(1 |
  1
:;8: {rn rn {rn {mo o {nk oqnfffffioooooooolggm {f {mn 90-(>-; _h *1410(1 |
  1
):-+:' {rn rn {rn {nl m {mm |
  1
):-+:' {rn rn {rn {nm m {ml |
  1
,+->687+r<*-): {rn rn {rn lqohjonmgffffffffflg rmqkffffmkjfffffffilf o n o o V V |
  1
:;8: {rn rn {rn {ng o {mo oqiikffhlffffffffgkfh {nn {mk 90-(>-; _h *1410(1 |
  1
):-+:' {rn rn {rn {nh m {mj |
  1
,+->687+r<*-): {rn rn {rn lqhkoonomffffffffhgg rmqkffffmkjfffffffilf o o rn o V V |
  1
):-+:' {rn rn {rn {nl m {mi |
  1
,+->687+r<*-): {rn rn {rn lqohjonmgffffffffflg rmqiffffmoioooooooomh o o n o V V |
  1
/061+ {rn rn {rn lqohjonmgffffffffflg rmqkffffmkjfffffffilf o |
  1
/061+ {rn rn {rn lqhkoonomffffffffhgg rmqkffffmkjfffffffilf o |
  1
,+->687+r<*-): {rn rn {rn lqhkoonomffffffffhgg rmqiffffmoioooooooomh o rn o o V V |
  1
/061+ {rn rn {rn lqhkoonomffffffffhgg rmqiffffmoioooooooomh o |
  1
/061+ {rn rn {rn lqohjonmgffffffffflg rmqiffffmoioooooooomh o |
  0
HATCH
  5
45D
330
377
100
AcDbEntity
  8
TopPaste
 62
     8
100
AcDbHatch
 10
0.0
 20
0.0
 30
0.0
210
0.0
220
0.0
230
1.0
  2
SOLID
 70
     1
 71
     1
 91
        1
 92
        1
 93
        4
 72
     1
 10
3.075012899999999
 20
-2.49999246
 11
3.740010299999999
 21
-2.49999246
 72
     1
 10
3.740010299999999
 20
-2.49999246
 11
3.740010299999999
 21
-2.69999206
 72
     1
 10
3.740010299999999
 20
-2.69999206
 11
3.075012899999999
 21
-2.69999206
 72
     1
 10
3.075012899999999
 20
-2.69999206
 11
3.075012899999999
 21
-2.49999246
 97
        1
330
45C
 75
     0
 76
     1
 98
        0
450
        0
451
        0
460
0.0
461
0.0
452
        0
462
0.0
453
        0
470

  0
REGION
  5
462
102
{ACAD_REACTORS
330
463
102
}
330
377
100
AcDbEntity
  8
TopPaste
 62
     8
100
AcDbModelerGeometry
 70
     1
  1
mnmoo mh m mi          
  1
ni ^ *+0;:,4 ^ *+0\^ [ mo ^ LR mmjqnqoqijjlj QK o  
  1
n fqfffffffffffffffjkh:roh nqooooooooooooooooli:rno 
  1
>,27:>;:- {rn rn _nl mmjqnqoqijjlj |
  1
=0;& {rn rn {rn {m {rn {rn |
  1
3*2/ {rn rn {rn {rn {l {n |
  1
,7:33 {rn rn {rn {rn {rn {k {rn {m |
  1
9><: {rn rn {rn {rn {j {l {rn {i 90-(>-; ;0*=3: 0*+ |
  1
300/ {rn rn {rn {rn {h {k |
  1
/3>1:r,*-9><: {rn rn {rn mqjffffkgoooooooonin rlqkohjofojfffffffhji o o o rn rn o o 90-(>-;@) V V V V |
  1
<0:;8: {rn rn {rn {g {f {rn {no 90-(>-; {j {rn |
  1
<0:;8: {rn rn {rn {nn {h {rn {nm 90-(>-; {j {rn |
  1
<0:;8: {rn rn {rn {h {nn {rn {nl 90-(>-; {j {rn |
  1
:;8: {rn rn {rn {nk o {nj oqnfffffioooooooolggm {h {ni 90-(>-; _h *1410(1 |
  1
<0:;8: {rn rn {rn {f {g {rn {nh 90-(>-; {j {rn |
  1
:;8: {rn rn {rn {nj o {ng oqiikffhlffffffffjnih {g {nf 90-(>-; _h *1410(1 |
  1
:;8: {rn rn {rn {mo o {nk oqiikffhlffffffffgkfh {f {mn 90-(>-; _h *1410(1 |
  1
):-+:' {rn rn {rn {nl m {mm |
  1
):-+:' {rn rn {rn {nm m {ml |
  1
,+->687+r<*-): {rn rn {rn mqkffffkfffffffffhkj rlqohjonoljfffffffglm o n o o V V |
  1
:;8: {rn rn {rn {ng o {mo oqnfffffioooooooolggm {nn {mk 90-(>-; _h *1410(1 |
  1
):-+:' {rn rn {rn {nh m {mj |
  1
,+->687+r<*-): {rn rn {rn mqiffffkioooooooonll rlqohjonoljfffffffglm o o rnqoooooooooooooookkk o V V |
  1
):-+:' {rn rn {rn {nl m {mi |
  1
,+->687+r<*-): {rn rn {rn mqkffffkfffffffffhkj rlqhkooohhjfffffffign o o n o V V |
  1
/061+ {rn rn {rn mqkffffkfffffffffhkj rlqohjonoljfffffffglm o |
  1
/061+ {rn rn {rn mqiffffkioooooooonll rlqohjonoljfffffffglm o |
  1
,+->687+r<*-): {rn rn {rn mqiffffkioooooooonll rlqhkooohhjfffffffign o rn o o V V |
  1
/061+ {rn rn {rn mqiffffkioooooooonll rlqhkooohhjfffffffign o |
  1
/061+ {rn rn {rn mqkffffkfffffffffhkj rlqhkooohhjfffffffign o |
  0
HATCH
  5
463
330
377
100
AcDbEntity
  8
TopPaste
 62
     8
100
AcDbHatch
 10
0.0
 20
0.0
 30
0.0
210
0.0
220
0.0
230
1.0
  2
SOLID
 70
     1
 71
     1
 91
        1
 92
        1
 93
        4
 72
     1
 10
2.499995
 20
-3.075010359999999
 11
2.6999946
 21
-3.075010359999999
 72
     1
 10
2.6999946
 20
-3.075010359999999
 11
2.6999946
 21
-3.74000776
 72
     1
 10
2.6999946
 20
-3.74000776
 11
2.499995
 21
-3.74000776
 72
     1
 10
2.499995
 20
-3.74000776
 11
2.499995
 21
-3.075010359999999
 97
        1
330
462
 75
     0
 76
     1
 98
        0
450
        0
451
        0
460
0.0
461
0.0
452
        0
462
0.0
453
        0
470

  0
REGION
  5
468
102
{ACAD_REACTORS
330
469
102
}
330
377
100
AcDbEntity
  8
TopPaste
 62
     8
100
AcDbModelerGeometry
 70
     1
  1
mnmoo mh m mi          
  1
ni ^ *+0;:,4 ^ *+0\^ [ mo ^ LR mmjqnqoqijjlj QK o  
  1
n fqfffffffffffffffjkh:roh nqooooooooooooooooli:rno 
  1
>,27:>;:- {rn rn _nl mmjqnqoqijjlj |
  1
=0;& {rn rn {rn {m {rn {rn |
  1
3*2/ {rn rn {rn {rn {l {n |
  1
,7:33 {rn rn {rn {rn {rn {k {rn {m |
  1
9><: {rn rn {rn {rn {j {l {rn {i 90-(>-; ;0*=3: 0*+ |
  1
300/ {rn rn {rn {rn {h {k |
  1
/3>1:r,*-9><: {rn rn {rn mqnffffjioooooooomhl rlqkohjofojfffffffhji o o o rn rn o o 90-(>-;@) V V V V |
  1
<0:;8: {rn rn {rn {g {f {rn {no 90-(>-; {j {rn |
  1
<0:;8: {rn rn {rn {nn {h {rn {nm 90-(>-; {j {rn |
  1
<0:;8: {rn rn {rn {h {nn {rn {nl 90-(>-; {j {rn |
  1
:;8: {rn rn {rn {nk o {nj oqnfffffioooooooolggm {h {ni 90-(>-; _h *1410(1 |
  1
<0:;8: {rn rn {rn {f {g {rn {nh 90-(>-; {j {rn |
  1
:;8: {rn rn {rn {nj o {ng oqiikffhlffffffffjnih {g {nf 90-(>-; _h *1410(1 |
  1
:;8: {rn rn {rn {mo o {nk oqiikffhlffffffffgkfh {f {mn 90-(>-; _h *1410(1 |
  1
):-+:' {rn rn {rn {nl m {mm |
  1
):-+:' {rn rn {rn {nm m {ml |
  1
,+->687+r<*-): {rn rn {rn mqoffffjhffffffffgjh rlqohjonoljfffffffglm o n o o V V |
  1
:;8: {rn rn {rn {ng o {mo oqnfffffioooooooolggm {nn {mk 90-(>-; _h *1410(1 |
  1
):-+:' {rn rn {rn {nh m {mj |
  1
,+->687+r<*-): {rn rn {rn mqmffffjkoooooooomkj rlqohjonoljfffffffglm o o rnqoooooooooooooookkk o V V |
  1
):-+:' {rn rn {rn {nl m {mi |
  1
,+->687+r<*-): {rn rn {rn mqoffffjhffffffffgjh rlqhkooohhjfffffffign o o n o V V |
  1
/061+ {rn rn {rn mqoffffjhffffffffgjh rlqohjonoljfffffffglm o |
  1
/061+ {rn rn {rn mqmffffjkoooooooomkj rlqohjonoljfffffffglm o |
  1
,+->687+r<*-): {rn rn {rn mqmffffjkoooooooomkj rlqhkooohhjfffffffign o rn o o V V |
  1
/061+ {rn rn {rn mqmffffjkoooooooomkj rlqhkooohhjfffffffign o |
  1
/061+ {rn rn {rn mqoffffjhffffffffgjh rlqhkooohhjfffffffign o |
  0
HATCH
  5
469
330
377
100
AcDbEntity
  8
TopPaste
 62
     8
100
AcDbHatch
 10
0.0
 20
0.0
 30
0.0
210
0.0
220
0.0
230
1.0
  2
SOLID
 70
     1
 71
     1
 91
        1
 92
        1
 93
        4
 72
     1
 10
2.099995799999999
 20
-3.075010359999999
 11
2.299995399999999
 21
-3.075010359999999
 72
     1
 10
2.299995399999999
 20
-3.075010359999999
 11
2.299995399999999
 21
-3.74000776
 72
     1
 10
2.299995399999999
 20
-3.74000776
 11
2.099995799999999
 21
-3.74000776
 72
     1
 10
2.099995799999999
 20
-3.74000776
 11
2.099995799999999
 21
-3.075010359999999
 97
        1
330
468
 75
     0
 76
     1
 98
        0
450
        0
451
        0
460
0.0
461
0.0
452
        0
462
0.0
453
        0
470

  0
REGION
  5
46E
102
{ACAD_REACTORS
330
46F
102
}
330
377
100
AcDbEntity
  8
TopPaste
 62
     8
100
AcDbModelerGeometry
 70
     1
  1
mnmoo mh m mi          
  1
ni ^ *+0;:,4 ^ *+0\^ [ mo ^ LR mmjqnqoqijjlj QK o  
  1
n fqfffffffffffffffjkh:roh nqooooooooooooooooli:rno 
  1
>,27:>;:- {rn rn _nl mmjqnqoqijjlj |
  1
=0;& {rn rn {rn {m {rn {rn |
  1
3*2/ {rn rn {rn {rn {l {n |
  1
,7:33 {rn rn {rn {rn {rn {k {rn {m |
  1
9><: {rn rn {rn {rn {j {l {rn {i 90-(>-; ;0*=3: 0*+ |
  1
300/ {rn rn {rn {rn {h {k |
  1
/3>1:r,*-9><: {rn rn {rn nqhffffilfffffffffkn rlqkohjofojfffffffhji o o o rn rn o o 90-(>-;@) V V V V |
  1
<0:;8: {rn rn {rn {g {f {rn {no 90-(>-; {j {rn |
  1
<0:;8: {rn rn {rn {nn {h {rn {nm 90-(>-; {j {rn |
  1
<0:;8: {rn rn {rn {h {nn {rn {nl 90-(>-; {j {rn |
  1
:;8: {rn rn {rn {nk o {nj oqnfffffjffffffffhmm {h {ni 90-(>-; _h *1410(1 |
  1
<0:;8: {rn rn {rn {f {g {rn {nh 90-(>-; {j {rn |
  1
:;8: {rn rn {rn {nj o {ng oqiikffhlffffffffjnih {g {nf 90-(>-; _h *1410(1 |
  1
:;8: {rn rn {rn {mo o {nk oqiikffhlffffffffgkfh {f {mn 90-(>-; _h *1410(1 |
  1
):-+:' {rn rn {rn {nl m {mm |
  1
):-+:' {rn rn {rn {nm m {ml |
  1
,+->687+r<*-): {rn rn {rn nqiffffijfffffffffif rlqohjonoljfffffffglm o n o o V V |
  1
:;8: {rn rn {rn {ng o {mo oqnfffffjffffffffhmm {nn {mk 90-(>-; _h *1410(1 |
  1
):-+:' {rn rn {rn {nh m {mj |
  1
,+->687+r<*-): {rn rn {rn nqgffffinffffffffifn rlqohjonoljfffffffglm o o rnqoooooooooooooookkk o V V |
  1
):-+:' {rn rn {rn {nl m {mi |
  1
,+->687+r<*-): {rn rn {rn nqiffffijfffffffffif rlqhkooohhjfffffffign o o n o V V |
  1
/061+ {rn rn {rn nqiffffijfffffffffif rlqohjonoljfffffffglm o |
  1
/061+ {rn rn {rn nqgffffinffffffffifn rlqohjonoljfffffffglm o |
  1
,+->687+r<*-): {rn rn {rn nqgffffinffffffffifn rlqhkooohhjfffffffign o rn o o V V |
  1
/061+ {rn rn {rn nqgffffinffffffffifn rlqhkooohhjfffffffign o |
  1
/061+ {rn rn {rn nqiffffijfffffffffif rlqhkooohhjfffffffign o |
  0
HATCH
  5
46F
330
377
100
AcDbEntity
  8
TopPaste
 62
     8
100
AcDbHatch
 10
0.0
 20
0.0
 30
0.0
210
0.0
220
0.0
230
1.0
  2
SOLID
 70
     1
 71
     1
 91
        1
 92
        1
 93
        4
 72
     1
 10
1.699996599999999
 20
-3.075010359999999
 11
1.8999962
 21
-3.075010359999999
 72
     1
 10
1.8999962
 20
-3.075010359999999
 11
1.8999962
 21
-3.74000776
 72
     1
 10
1.8999962
 20
-3.74000776
 11
1.699996599999999
 21
-3.74000776
 72
     1
 10
1.699996599999999
 20
-3.74000776
 11
1.699996599999999
 21
-3.075010359999999
 97
        1
330
46E
 75
     0
 76
     1
 98
        0
450
        0
451
        0
460
0.0
461
0.0
452
        0
462
0.0
453
        0
470

  0
REGION
  5
474
102
{ACAD_REACTORS
330
475
102
}
330
377
100
AcDbEntity
  8
TopPaste
 62
     8
100
AcDbModelerGeometry
 70
     1
  1
mnmoo mh m mi          
  1
ni ^ *+0;:,4 ^ *+0\^ [ mo ^ LR mmjqnqoqijjlj QK o  
  1
n fqfffffffffffffffjkh:roh nqooooooooooooooooli:rno 
  1
>,27:>;:- {rn rn _nl mmjqnqoqijjlj |
  1
=0;& {rn rn {rn {m {rn {rn |
  1
3*2/ {rn rn {rn {rn {l {n |
  1
,7:33 {rn rn {rn {rn {rn {k {rn {m |
  1
9><: {rn rn {rn {rn {j {l {rn {i 90-(>-; ;0*=3: 0*+ |
  1
300/ {rn rn {rn {rn {h {k |
  1
/3>1:r,*-9><: {rn rn {rn nqlffffhmooooooooojl rlqkohjofojfffffffhji o o o rn rn o o 90-(>-;@) V V V V |
  1
<0:;8: {rn rn {rn {g {f {rn {no 90-(>-; {j {rn |
  1
<0:;8: {rn rn {rn {nn {h {rn {nm 90-(>-; {j {rn |
  1
<0:;8: {rn rn {rn {h {nn {rn {nl 90-(>-; {j {rn |
  1
:;8: {rn rn {rn {nk o {nj oqnfffffioooooooommni {h {ni 90-(>-; _h *1410(1 |
  1
<0:;8: {rn rn {rn {f {g {rn {nh 90-(>-; {j {rn |
  1
:;8: {rn rn {rn {nj o {ng oqiikffhlffffffffjnih {g {nf 90-(>-; _h *1410(1 |
  1
:;8: {rn rn {rn {mo o {nk oqiikffhlffffffffgkfh {f {mn 90-(>-; _h *1410(1 |
  1
):-+:' {rn rn {rn {nl m {mm |
  1
):-+:' {rn rn {rn {nm m {ml |
  1
,+->687+r<*-): {rn rn {rn nqmffffhlffffffffgjf rlqohjonoljfffffffglm o oqfffffffffffffffhhg o o V V |
  1
:;8: {rn rn {rn {ng o {mo oqnfffffiooooooooniin {nn {mk 90-(>-; _h *1410(1 |
  1
):-+:' {rn rn {rn {nh m {mj |
  1
,+->687+r<*-): {rn rn {rn nqkffffhoooooooooomj rlqohjonoljfffffffglm o o rnqoooooooooooooookkk o V V |
  1
):-+:' {rn rn {rn {nl m {mi |
  1
,+->687+r<*-): {rn rn {rn nqmffffhlffffffffgjf rlqhkooohhjfffffffign o o n o V V |
  1
/061+ {rn rn {rn nqmffffhlffffffffgjf rlqohjonoljfffffffglm o |
  1
/061+ {rn rn {rn nqkffffhoooooooooomj rlqohjonoljfffffffglm o |
  1
,+->687+r<*-): {rn rn {rn nqkffffhoooooooooomj rlqhkooohhjfffffffign o rn o o V V |
  1
/061+ {rn rn {rn nqkffffhoooooooooomj rlqhkooohhjfffffffign o |
  1
/061+ {rn rn {rn nqmffffhlffffffffgjf rlqhkooohhjfffffffign o |
  0
HATCH
  5
475
330
377
100
AcDbEntity
  8
TopPaste
 62
     8
100
AcDbHatch
 10
0.0
 20
0.0
 30
0.0
210
0.0
220
0.0
230
1.0
  2
SOLID
 70
     1
 71
     1
 91
        1
 92
        1
 93
        4
 72
     1
 10
1.299997399999999
 20
-3.075010359999999
 11
1.499997
 21
-3.075010359999999
 72
     1
 10
1.499997
 20
-3.075010359999999
 11
1.499997
 21
-3.74000776
 72
     1
 10
1.499997
 20
-3.74000776
 11
1.299997399999999
 21
-3.74000776
 72
     1
 10
1.299997399999999
 20
-3.74000776
 11
1.299997399999999
 21
-3.075010359999999
 97
        1
330
474
 75
     0
 76
     1
 98
        0
450
        0
451
        0
460
0.0
461
0.0
452
        0
462
0.0
453
        0
470

  0
REGION
  5
47A
102
{ACAD_REACTORS
330
47B
102
}
330
377
100
AcDbEntity
  8
TopPaste
 62
     8
100
AcDbModelerGeometry
 70
     1
  1
mnmoo mh m mi          
  1
ni ^ *+0;:,4 ^ *+0\^ [ mo ^ LR mmjqnqoqijjlj QK o  
  1
n fqfffffffffffffffjkh:roh nqooooooooooooooooli:rno 
  1
>,27:>;:- {rn rn _nl mmjqnqoqijjlj |
  1
=0;& {rn rn {rn {m {rn {rn |
  1
3*2/ {rn rn {rn {rn {l {n |
  1
,7:33 {rn rn {rn {rn {rn {k {rn {m |
  1
9><: {rn rn {rn {rn {j {l {rn {i 90-(>-; ;0*=3: 0*+ |
  1
300/ {rn rn {rn {rn {h {k |
  1
/3>1:r,*-9><: {rn rn {rn oqfffffhffffffffffkmj rlqkohjofojfffffffhji o o o rn rn o o 90-(>-;@) V V V V |
  1
<0:;8: {rn rn {rn {g {f {rn {no 90-(>-; {j {rn |
  1
<0:;8: {rn rn {rn {nn {h {rn {nm 90-(>-; {j {rn |
  1
<0:;8: {rn rn {rn {h {nn {rn {nl 90-(>-; {j {rn |
  1
:;8: {rn rn {rn {nk o {nj oqnfffffjfffffffffkkn {h {ni 90-(>-; _h *1410(1 |
  1
<0:;8: {rn rn {rn {f {g {rn {nh 90-(>-; {j {rn |
  1
:;8: {rn rn {rn {nj o {ng oqiikffhlffffffffjnih {g {nf 90-(>-; _h *1410(1 |
  1
:;8: {rn rn {rn {mo o {nk oqiikffhlffffffffgkfh {f {mn 90-(>-; _h *1410(1 |
  1
):-+:' {rn rn {rn {nl m {mm |
  1
):-+:' {rn rn {rn {nm m {ml |
  1
,+->687+r<*-): {rn rn {rn oqgffffgnfffffffffhok rlqohjonoljfffffffglm o n o o V V |
  1
:;8: {rn rn {rn {ng o {mo oqnfffffjfffffffffkkn {nn {mk 90-(>-; _h *1410(1 |
  1
):-+:' {rn rn {rn {nh m {mj |
  1
,+->687+r<*-): {rn rn {rn nqoffffhhfffffffffnj rlqohjonoljfffffffglm o o rnqoooooooooooooookkk o V V |
  1
):-+:' {rn rn {rn {nl m {mi |
  1
,+->687+r<*-): {rn rn {rn oqgffffgnfffffffffhok rlqhkooohhjfffffffign o o n o V V |
  1
/061+ {rn rn {rn oqgffffgnfffffffffhok rlqohjonoljfffffffglm o |
  1
/061+ {rn rn {rn nqoffffhhfffffffffnj rlqohjonoljfffffffglm o |
  1
,+->687+r<*-): {rn rn {rn nqoffffhhfffffffffnj rlqhkooohhjfffffffign o rn o o V V |
  1
/061+ {rn rn {rn nqoffffhhfffffffffnj rlqhkooohhjfffffffign o |
  1
/061+ {rn rn {rn oqgffffgnfffffffffhok rlqhkooohhjfffffffign o |
  0
HATCH
  5
47B
330
377
100
AcDbEntity
  8
TopPaste
 62
     8
100
AcDbHatch
 10
0.0
 20
0.0
 30
0.0
210
0.0
220
0.0
230
1.0
  2
SOLID
 70
     1
 71
     1
 91
        1
 92
        1
 93
        4
 72
     1
 10
0.8999981999999999
 20
-3.075010359999999
 11
1.0999978
 21
-3.075010359999999
 72
     1
 10
1.0999978
 20
-3.075010359999999
 11
1.0999978
 21
-3.74000776
 72
     1
 10
1.0999978
 20
-3.74000776
 11
0.8999981999999999
 21
-3.74000776
 72
     1
 10
0.8999981999999999
 20
-3.74000776
 11
0.8999981999999999
 21
-3.075010359999999
 97
        1
330
47A
 75
     0
 76
     1
 98
        0
450
        0
451
        0
460
0.0
461
0.0
452
        0
462
0.0
453
        0
470

  0
REGION
  5
480
102
{ACAD_REACTORS
330
481
102
}
330
377
100
AcDbEntity
  8
TopPaste
 62
     8
100
AcDbModelerGeometry
 70
     1
  1
mnmoo mh m mi          
  1
ni ^ *+0;:,4 ^ *+0\^ [ mo ^ LR mmjqnqoqijjlj QK o  
  1
n fqfffffffffffffffjkh:roh nqooooooooooooooooli:rno 
  1
>,27:>;:- {rn rn _nl mmjqnqoqijjlj |
  1
=0;& {rn rn {rn {m {rn {rn |
  1
3*2/ {rn rn {rn {rn {l {n |
  1
,7:33 {rn rn {rn {rn {rn {k {rn {m |
  1
9><: {rn rn {rn {rn {j {l {rn {i 90-(>-; ;0*=3: 0*+ |
  1
300/ {rn rn {rn {rn {h {k |
  1
/3>1:r,*-9><: {rn rn {rn oqjffffghfffffffffkll rlqkohjofojfffffffhji o o o rn rn o o 90-(>-;@) V V V V |
  1
<0:;8: {rn rn {rn {g {f {rn {no 90-(>-; {j {rn |
  1
<0:;8: {rn rn {rn {nn {h {rn {nm 90-(>-; {j {rn |
  1
<0:;8: {rn rn {rn {h {nn {rn {nl 90-(>-; {j {rn |
  1
:;8: {rn rn {rn {nk o {nj oqnfffffjffffffffgggi {h {ni 90-(>-; _h *1410(1 |
  1
<0:;8: {rn rn {rn {f {g {rn {nh 90-(>-; {j {rn |
  1
:;8: {rn rn {rn {nj o {ng oqiikffhlffffffffjnih {g {nf 90-(>-; _h *1410(1 |
  1
:;8: {rn rn {rn {mo o {nk oqiikffhlffffffffgkfh {f {mn 90-(>-; _h *1410(1 |
  1
):-+:' {rn rn {rn {nl m {mm |
  1
):-+:' {rn rn {rn {nm m {ml |
  1
,+->687+r<*-): {rn rn {rn oqkfffffoooooooooomig rlqohjonoljfffffffglm o n o o V V |
  1
:;8: {rn rn {rn {ng o {mo oqnfffffjffffffffgggi {nn {mk 90-(>-; _h *1410(1 |
  1
):-+:' {rn rn {rn {nh m {mj |
  1
,+->687+r<*-): {rn rn {rn oqiffffgjfffffffffnjl rlqohjonoljfffffffglm o o rnqoooooooooooooookkk o V V |
  1
):-+:' {rn rn {rn {nl m {mi |
  1
,+->687+r<*-): {rn rn {rn oqkfffffoooooooooomig rlqhkooohhjfffffffign o o n o V V |
  1
/061+ {rn rn {rn oqkfffffoooooooooomig rlqohjonoljfffffffglm o |
  1
/061+ {rn rn {rn oqiffffgjfffffffffnjl rlqohjonoljfffffffglm o |
  1
,+->687+r<*-): {rn rn {rn oqiffffgjfffffffffnjl rlqhkooohhjfffffffign o rn o o V V |
  1
/061+ {rn rn {rn oqiffffgjfffffffffnjl rlqhkooohhjfffffffign o |
  1
/061+ {rn rn {rn oqkfffffoooooooooomig rlqhkooohhjfffffffign o |
  0
HATCH
  5
481
330
377
100
AcDbEntity
  8
TopPaste
 62
     8
100
AcDbHatch
 10
0.0
 20
0.0
 30
0.0
210
0.0
220
0.0
230
1.0
  2
SOLID
 70
     1
 71
     1
 91
        1
 92
        1
 93
        4
 72
     1
 10
0.499999
 20
-3.075010359999999
 11
0.6999985999999999
 21
-3.075010359999999
 72
     1
 10
0.6999985999999999
 20
-3.075010359999999
 11
0.6999985999999999
 21
-3.74000776
 72
     1
 10
0.6999985999999999
 20
-3.74000776
 11
0.499999
 21
-3.74000776
 72
     1
 10
0.499999
 20
-3.74000776
 11
0.499999
 21
-3.075010359999999
 97
        1
330
480
 75
     0
 76
     1
 98
        0
450
        0
451
        0
460
0.0
461
0.0
452
        0
462
0.0
453
        0
470

  0
REGION
  5
486
102
{ACAD_REACTORS
330
487
102
}
330
377
100
AcDbEntity
  8
TopPaste
 62
     8
100
AcDbModelerGeometry
 70
     1
  1
mnmoo mh m mi          
  1
ni ^ *+0;:,4 ^ *+0\^ [ mo ^ LR mmjqnqoqijjlj QK o  
  1
n fqfffffffffffffffjkh:roh nqooooooooooooooooli:rno 
  1
>,27:>;:- {rn rn _nl mmjqnqoqijjlj |
  1
=0;& {rn rn {rn {m {rn {rn |
  1
3*2/ {rn rn {rn {rn {l {n |
  1
,7:33 {rn rn {rn {rn {rn {k {rn {m |
  1
9><: {rn rn {rn {rn {j {l {rn {i 90-(>-; ;0*=3: 0*+ |
  1
300/ {rn rn {rn {rn {h {k |
  1
/3>1:r,*-9><: {rn rn {rn oqnfffffjfffffffffffi rlqkohjofojfffffffhji o o o rn rn o o 90-(>-;@) V V V V |
  1
<0:;8: {rn rn {rn {g {f {rn {no 90-(>-; {j {rn |
  1
<0:;8: {rn rn {rn {nn {h {rn {nm 90-(>-; {j {rn |
  1
<0:;8: {rn rn {rn {h {nn {rn {nl 90-(>-; {j {rn |
  1
:;8: {rn rn {rn {nk o {nj oqnfffffjfffffffffhng {h {ni 90-(>-; _h *1410(1 |
  1
<0:;8: {rn rn {rn {f {g {rn {nh 90-(>-; {j {rn |
  1
:;8: {rn rn {rn {nj o {ng oqiikffhlffffffffjnih {g {nf 90-(>-; _h *1410(1 |
  1
:;8: {rn rn {rn {mo o {nk oqiikffhlffffffffgkfh {f {mn 90-(>-; _h *1410(1 |
  1
):-+:' {rn rn {rn {nl m {mm |
  1
):-+:' {rn rn {rn {nm m {ml |
  1
,+->687+r<*-): {rn rn {rn oqofffffhfffffffffffg rlqohjonoljfffffffglm o n o o V V |
  1
:;8: {rn rn {rn {ng o {mo oqnfffffjfffffffffhng {nn {mk 90-(>-; _h *1410(1 |
  1
):-+:' {rn rn {rn {nh m {mj |
  1
,+->687+r<*-): {rn rn {rn oqmffffflfffffffffhni rlqohjonoljfffffffglm o o rnqoooooooooooooookkk o V V |
  1
):-+:' {rn rn {rn {nl m {mi |
  1
,+->687+r<*-): {rn rn {rn oqofffffhfffffffffffg rlqhkooohhjfffffffign o o n o V V |
  1
/061+ {rn rn {rn oqofffffhfffffffffffg rlqohjonoljfffffffglm o |
  1
/061+ {rn rn {rn oqmffffflfffffffffhni rlqohjonoljfffffffglm o |
  1
,+->687+r<*-): {rn rn {rn oqmffffflfffffffffhni rlqhkooohhjfffffffign o rn o o V V |
  1
/061+ {rn rn {rn oqmffffflfffffffffhni rlqhkooohhjfffffffign o |
  1
/061+ {rn rn {rn oqofffffhfffffffffffg rlqhkooohhjfffffffign o |
  0
HATCH
  5
487
330
377
100
AcDbEntity
  8
TopPaste
 62
     8
100
AcDbHatch
 10
0.0
 20
0.0
 30
0.0
210
0.0
220
0.0
230
1.0
  2
SOLID
 70
     1
 71
     1
 91
        1
 92
        1
 93
        4
 72
     1
 10
0.0999998
 20
-3.075010359999999
 11
0.2999994
 21
-3.075010359999999
 72
     1
 10
0.2999994
 20
-3.075010359999999
 11
0.2999994
 21
-3.74000776
 72
     1
 10
0.2999994
 20
-3.74000776
 11
0.0999998
 21
-3.74000776
 72
     1
 10
0.0999998
 20
-3.74000776
 11
0.0999998
 21
-3.075010359999999
 97
        1
330
486
 75
     0
 76
     1
 98
        0
450
        0
451
        0
460
0.0
461
0.0
452
        0
462
0.0
453
        0
470

  0
REGION
  5
48C
102
{ACAD_REACTORS
330
48D
102
}
330
377
100
AcDbEntity
  8
TopPaste
 62
     8
100
AcDbModelerGeometry
 70
     1
  1
mnmoo mh m mi          
  1
ni ^ *+0;:,4 ^ *+0\^ [ mo ^ LR mmjqnqoqijjlj QK o  
  1
n fqfffffffffffffffjkh:roh nqooooooooooooooooli:rno 
  1
>,27:>;:- {rn rn _nl mmjqnqoqijjlj |
  1
=0;& {rn rn {rn {m {rn {rn |
  1
3*2/ {rn rn {rn {rn {l {n |
  1
,7:33 {rn rn {rn {rn {rn {k {rn {m |
  1
9><: {rn rn {rn {rn {j {l {rn {i 90-(>-; ;0*=3: 0*+ |
  1
300/ {rn rn {rn {rn {h {k |
  1
/3>1:r,*-9><: {rn rn {rn roqnfffffjfffffffffffi rlqkohjofojfffffffhji o o o rn rn o o 90-(>-;@) V V V V |
  1
<0:;8: {rn rn {rn {g {f {rn {no 90-(>-; {j {rn |
  1
<0:;8: {rn rn {rn {nn {h {rn {nm 90-(>-; {j {rn |
  1
<0:;8: {rn rn {rn {h {nn {rn {nl 90-(>-; {j {rn |
  1
:;8: {rn rn {rn {nk o {nj oqnfffffjfffffffffhng {h {ni 90-(>-; _h *1410(1 |
  1
<0:;8: {rn rn {rn {f {g {rn {nh 90-(>-; {j {rn |
  1
:;8: {rn rn {rn {nj o {ng oqiikffhlffffffffjnih {g {nf 90-(>-; _h *1410(1 |
  1
:;8: {rn rn {rn {mo o {nk oqiikffhlffffffffgkfh {f {mn 90-(>-; _h *1410(1 |
  1
):-+:' {rn rn {rn {nl m {mm |
  1
):-+:' {rn rn {rn {nm m {ml |
  1
,+->687+r<*-): {rn rn {rn roqmffffflfffffffffhni rlqohjonoljfffffffglm o n o o V V |
  1
:;8: {rn rn {rn {ng o {mo oqnfffffjfffffffffhng {nn {mk 90-(>-; _h *1410(1 |
  1
):-+:' {rn rn {rn {nh m {mj |
  1
,+->687+r<*-): {rn rn {rn roqofffffhfffffffffffg rlqohjonoljfffffffglm o o rnqoooooooooooooookkk o V V |
  1
):-+:' {rn rn {rn {nl m {mi |
  1
,+->687+r<*-): {rn rn {rn roqmffffflfffffffffhni rlqhkooohhjfffffffign o o n o V V |
  1
/061+ {rn rn {rn roqmffffflfffffffffhni rlqohjonoljfffffffglm o |
  1
/061+ {rn rn {rn roqofffffhfffffffffffg rlqohjonoljfffffffglm o |
  1
,+->687+r<*-): {rn rn {rn roqofffffhfffffffffffg rlqhkooohhjfffffffign o rn o o V V |
  1
/061+ {rn rn {rn roqofffffhfffffffffffg rlqhkooohhjfffffffign o |
  1
/061+ {rn rn {rn roqmffffflfffffffffhni rlqhkooohhjfffffffign o |
  0
HATCH
  5
48D
330
377
100
AcDbEntity
  8
TopPaste
 62
     8
100
AcDbHatch
 10
0.0
 20
0.0
 30
0.0
210
0.0
220
0.0
230
1.0
  2
SOLID
 70
     1
 71
     1
 91
        1
 92
        1
 93
        4
 72
     1
 10
-0.2999994
 20
-3.075010359999999
 11
-0.0999998
 21
-3.075010359999999
 72
     1
 10
-0.0999998
 20
-3.075010359999999
 11
-0.0999998
 21
-3.74000776
 72
     1
 10
-0.0999998
 20
-3.74000776
 11
-0.2999994
 21
-3.74000776
 72
     1
 10
-0.2999994
 20
-3.74000776
 11
-0.2999994
 21
-3.075010359999999
 97
        1
330
48C
 75
     0
 76
     1
 98
        0
450
        0
451
        0
460
0.0
461
0.0
452
        0
462
0.0
453
        0
470

  0
REGION
  5
492
102
{ACAD_REACTORS
330
493
102
}
330
377
100
AcDbEntity
  8
TopPaste
 62
     8
100
AcDbModelerGeometry
 70
     1
  1
mnmoo mh m mi          
  1
ni ^ *+0;:,4 ^ *+0\^ [ mo ^ LR mmjqnqoqijjlj QK o  
  1
n fqfffffffffffffffjkh:roh nqooooooooooooooooli:rno 
  1
>,27:>;:- {rn rn _nl mmjqnqoqijjlj |
  1
=0;& {rn rn {rn {m {rn {rn |
  1
3*2/ {rn rn {rn {rn {l {n |
  1
,7:33 {rn rn {rn {rn {rn {k {rn {m |
  1
9><: {rn rn {rn {rn {j {l {rn {i 90-(>-; ;0*=3: 0*+ |
  1
300/ {rn rn {rn {rn {h {k |
  1
/3>1:r,*-9><: {rn rn {rn roqjffffghfffffffffkll rlqkohjofojfffffffhji o o o rn rn o o 90-(>-;@) V V V V |
  1
<0:;8: {rn rn {rn {g {f {rn {no 90-(>-; {j {rn |
  1
<0:;8: {rn rn {rn {nn {h {rn {nm 90-(>-; {j {rn |
  1
<0:;8: {rn rn {rn {h {nn {rn {nl 90-(>-; {j {rn |
  1
:;8: {rn rn {rn {nk o {nj oqnfffffjffffffffgggi {h {ni 90-(>-; _h *1410(1 |
  1
<0:;8: {rn rn {rn {f {g {rn {nh 90-(>-; {j {rn |
  1
:;8: {rn rn {rn {nj o {ng oqiikffhlffffffffjnih {g {nf 90-(>-; _h *1410(1 |
  1
:;8: {rn rn {rn {mo o {nk oqiikffhlffffffffgkfh {f {mn 90-(>-; _h *1410(1 |
  1
):-+:' {rn rn {rn {nl m {mm |
  1
):-+:' {rn rn {rn {nm m {ml |
  1
,+->687+r<*-): {rn rn {rn roqiffffgjfffffffffnjl rlqohjonoljfffffffglm o n o o V V |
  1
:;8: {rn rn {rn {ng o {mo oqnfffffjffffffffgggi {nn {mk 90-(>-; _h *1410(1 |
  1
):-+:' {rn rn {rn {nh m {mj |
  1
,+->687+r<*-): {rn rn {rn roqkfffffoooooooooomig rlqohjonoljfffffffglm o o rnqoooooooooooooookkk o V V |
  1
):-+:' {rn rn {rn {nl m {mi |
  1
,+->687+r<*-): {rn rn {rn roqiffffgjfffffffffnjl rlqhkooohhjfffffffign o o n o V V |
  1
/061+ {rn rn {rn roqiffffgjfffffffffnjl rlqohjonoljfffffffglm o |
  1
/061+ {rn rn {rn roqkfffffoooooooooomig rlqohjonoljfffffffglm o |
  1
,+->687+r<*-): {rn rn {rn roqkfffffoooooooooomig rlqhkooohhjfffffffign o rn o o V V |
  1
/061+ {rn rn {rn roqkfffffoooooooooomig rlqhkooohhjfffffffign o |
  1
/061+ {rn rn {rn roqiffffgjfffffffffnjl rlqhkooohhjfffffffign o |
  0
HATCH
  5
493
330
377
100
AcDbEntity
  8
TopPaste
 62
     8
100
AcDbHatch
 10
0.0
 20
0.0
 30
0.0
210
0.0
220
0.0
230
1.0
  2
SOLID
 70
     1
 71
     1
 91
        1
 92
        1
 93
        4
 72
     1
 10
-0.6999985999999999
 20
-3.075010359999999
 11
-0.499999
 21
-3.075010359999999
 72
     1
 10
-0.499999
 20
-3.075010359999999
 11
-0.499999
 21
-3.74000776
 72
     1
 10
-0.499999
 20
-3.74000776
 11
-0.6999985999999999
 21
-3.74000776
 72
     1
 10
-0.6999985999999999
 20
-3.74000776
 11
-0.6999985999999999
 21
-3.075010359999999
 97
        1
330
492
 75
     0
 76
     1
 98
        0
450
        0
451
        0
460
0.0
461
0.0
452
        0
462
0.0
453
        0
470

  0
REGION
  5
498
102
{ACAD_REACTORS
330
499
102
}
330
377
100
AcDbEntity
  8
TopPaste
 62
     8
100
AcDbModelerGeometry
 70
     1
  1
mnmoo mh m mi          
  1
ni ^ *+0;:,4 ^ *+0\^ [ mo ^ LR mmjqnqoqijjlj QK o  
  1
n fqfffffffffffffffjkh:roh nqooooooooooooooooli:rno 
  1
>,27:>;:- {rn rn _nl mmjqnqoqijjlj |
  1
=0;& {rn rn {rn {m {rn {rn |
  1
3*2/ {rn rn {rn {rn {l {n |
  1
,7:33 {rn rn {rn {rn {rn {k {rn {m |
  1
9><: {rn rn {rn {rn {j {l {rn {i 90-(>-; ;0*=3: 0*+ |
  1
300/ {rn rn {rn {rn {h {k |
  1
/3>1:r,*-9><: {rn rn {rn roqfffffhffffffffffkmj rlqkohjofojfffffffhji o o o rn rn o o 90-(>-;@) V V V V |
  1
<0:;8: {rn rn {rn {g {f {rn {no 90-(>-; {j {rn |
  1
<0:;8: {rn rn {rn {nn {h {rn {nm 90-(>-; {j {rn |
  1
<0:;8: {rn rn {rn {h {nn {rn {nl 90-(>-; {j {rn |
  1
:;8: {rn rn {rn {nk o {nj oqnfffffjfffffffffkkn {h {ni 90-(>-; _h *1410(1 |
  1
<0:;8: {rn rn {rn {f {g {rn {nh 90-(>-; {j {rn |
  1
:;8: {rn rn {rn {nj o {ng oqiikffhlffffffffjnih {g {nf 90-(>-; _h *1410(1 |
  1
:;8: {rn rn {rn {mo o {nk oqiikffhlffffffffgkfh {f {mn 90-(>-; _h *1410(1 |
  1
):-+:' {rn rn {rn {nl m {mm |
  1
):-+:' {rn rn {rn {nm m {ml |
  1
,+->687+r<*-): {rn rn {rn rnqoffffhhfffffffffnj rlqohjonoljfffffffglm o n o o V V |
  1
:;8: {rn rn {rn {ng o {mo oqnfffffjfffffffffkkn {nn {mk 90-(>-; _h *1410(1 |
  1
):-+:' {rn rn {rn {nh m {mj |
  1
,+->687+r<*-): {rn rn {rn roqgffffgnfffffffffhok rlqohjonoljfffffffglm o o rnqoooooooooooooookkk o V V |
  1
):-+:' {rn rn {rn {nl m {mi |
  1
,+->687+r<*-): {rn rn {rn rnqoffffhhfffffffffnj rlqhkooohhjfffffffign o o n o V V |
  1
/061+ {rn rn {rn rnqoffffhhfffffffffnj rlqohjonoljfffffffglm o |
  1
/061+ {rn rn {rn roqgffffgnfffffffffhok rlqohjonoljfffffffglm o |
  1
,+->687+r<*-): {rn rn {rn roqgffffgnfffffffffhok rlqhkooohhjfffffffign o rn o o V V |
  1
/061+ {rn rn {rn roqgffffgnfffffffffhok rlqhkooohhjfffffffign o |
  1
/061+ {rn rn {rn rnqoffffhhfffffffffnj rlqhkooohhjfffffffign o |
  0
HATCH
  5
499
330
377
100
AcDbEntity
  8
TopPaste
 62
     8
100
AcDbHatch
 10
0.0
 20
0.0
 30
0.0
210
0.0
220
0.0
230
1.0
  2
SOLID
 70
     1
 71
     1
 91
        1
 92
        1
 93
        4
 72
     1
 10
-1.0999978
 20
-3.075010359999999
 11
-0.8999981999999999
 21
-3.075010359999999
 72
     1
 10
-0.8999981999999999
 20
-3.075010359999999
 11
-0.8999981999999999
 21
-3.74000776
 72
     1
 10
-0.8999981999999999
 20
-3.74000776
 11
-1.0999978
 21
-3.74000776
 72
     1
 10
-1.0999978
 20
-3.74000776
 11
-1.0999978
 21
-3.075010359999999
 97
        1
330
498
 75
     0
 76
     1
 98
        0
450
        0
451
        0
460
0.0
461
0.0
452
        0
462
0.0
453
        0
470

  0
REGION
  5
49E
102
{ACAD_REACTORS
330
49F
102
}
330
377
100
AcDbEntity
  8
TopPaste
 62
     8
100
AcDbModelerGeometry
 70
     1
  1
mnmoo mh m mi          
  1
ni ^ *+0;:,4 ^ *+0\^ [ mo ^ LR mmjqnqoqijjlj QK o  
  1
n fqfffffffffffffffjkh:roh nqooooooooooooooooli:rno 
  1
>,27:>;:- {rn rn _nl mmjqnqoqijjlj |
  1
=0;& {rn rn {rn {m {rn {rn |
  1
3*2/ {rn rn {rn {rn {l {n |
  1
,7:33 {rn rn {rn {rn {rn {k {rn {m |
  1
9><: {rn rn {rn {rn {j {l {rn {i 90-(>-; ;0*=3: 0*+ |
  1
300/ {rn rn {rn {rn {h {k |
  1
/3>1:r,*-9><: {rn rn {rn rnqlffffhmooooooooojl rlqkohjofojfffffffhji o o o rn rn o o 90-(>-;@) V V V V |
  1
<0:;8: {rn rn {rn {g {f {rn {no 90-(>-; {j {rn |
  1
<0:;8: {rn rn {rn {nn {h {rn {nm 90-(>-; {j {rn |
  1
<0:;8: {rn rn {rn {h {nn {rn {nl 90-(>-; {j {rn |
  1
:;8: {rn rn {rn {nk o {nj oqnfffffiooooooooniin {h {ni 90-(>-; _h *1410(1 |
  1
<0:;8: {rn rn {rn {f {g {rn {nh 90-(>-; {j {rn |
  1
:;8: {rn rn {rn {nj o {ng oqiikffhlffffffffjnih {g {nf 90-(>-; _h *1410(1 |
  1
:;8: {rn rn {rn {mo o {nk oqiikffhlffffffffgkfh {f {mn 90-(>-; _h *1410(1 |
  1
):-+:' {rn rn {rn {nl m {mm |
  1
):-+:' {rn rn {rn {nm m {ml |
  1
,+->687+r<*-): {rn rn {rn rnqkffffhoooooooooomj rlqohjonoljfffffffglm o n o o V V |
  1
:;8: {rn rn {rn {ng o {mo oqnfffffioooooooommni {nn {mk 90-(>-; _h *1410(1 |
  1
):-+:' {rn rn {rn {nh m {mj |
  1
,+->687+r<*-): {rn rn {rn rnqmffffhlffffffffgjf rlqohjonoljfffffffglm o o rnqoooooooooooooookkk o V V |
  1
):-+:' {rn rn {rn {nl m {mi |
  1
,+->687+r<*-): {rn rn {rn rnqkffffhoooooooooomj rlqhkooohhjfffffffign o o n o V V |
  1
/061+ {rn rn {rn rnqkffffhoooooooooomj rlqohjonoljfffffffglm o |
  1
/061+ {rn rn {rn rnqmffffhlffffffffgjf rlqohjonoljfffffffglm o |
  1
,+->687+r<*-): {rn rn {rn rnqmffffhlffffffffgjf rlqhkooohhjfffffffign o roqfffffffffffffffhhg o o V V |
  1
/061+ {rn rn {rn rnqmffffhlffffffffgjf rlqhkooohhjfffffffign o |
  1
/061+ {rn rn {rn rnqkffffhoooooooooomj rlqhkooohhjfffffffign o |
  0
HATCH
  5
49F
330
377
100
AcDbEntity
  8
TopPaste
 62
     8
100
AcDbHatch
 10
0.0
 20
0.0
 30
0.0
210
0.0
220
0.0
230
1.0
  2
SOLID
 70
     1
 71
     1
 91
        1
 92
        1
 93
        4
 72
     1
 10
-1.499997
 20
-3.075010359999999
 11
-1.299997399999999
 21
-3.075010359999999
 72
     1
 10
-1.299997399999999
 20
-3.075010359999999
 11
-1.299997399999999
 21
-3.74000776
 72
     1
 10
-1.299997399999999
 20
-3.74000776
 11
-1.499997
 21
-3.74000776
 72
     1
 10
-1.499997
 20
-3.74000776
 11
-1.499997
 21
-3.075010359999999
 97
        1
330
49E
 75
     0
 76
     1
 98
        0
450
        0
451
        0
460
0.0
461
0.0
452
        0
462
0.0
453
        0
470

  0
REGION
  5
4A4
102
{ACAD_REACTORS
330
4A5
102
}
330
377
100
AcDbEntity
  8
TopPaste
 62
     8
100
AcDbModelerGeometry
 70
     1
  1
mnmoo mh m mi          
  1
ni ^ *+0;:,4 ^ *+0\^ [ mo ^ LR mmjqnqoqijjlj QK o  
  1
n fqfffffffffffffffjkh:roh nqooooooooooooooooli:rno 
  1
>,27:>;:- {rn rn _nl mmjqnqoqijjlj |
  1
=0;& {rn rn {rn {m {rn {rn |
  1
3*2/ {rn rn {rn {rn {l {n |
  1
,7:33 {rn rn {rn {rn {rn {k {rn {m |
  1
9><: {rn rn {rn {rn {j {l {rn {i 90-(>-; ;0*=3: 0*+ |
  1
300/ {rn rn {rn {rn {h {k |
  1
/3>1:r,*-9><: {rn rn {rn rnqhffffilfffffffffkn rlqkohjofojfffffffhji o o o rn rn o o 90-(>-;@) V V V V |
  1
<0:;8: {rn rn {rn {g {f {rn {no 90-(>-; {j {rn |
  1
<0:;8: {rn rn {rn {nn {h {rn {nm 90-(>-; {j {rn |
  1
<0:;8: {rn rn {rn {h {nn {rn {nl 90-(>-; {j {rn |
  1
:;8: {rn rn {rn {nk o {nj oqnfffffjffffffffhmm {h {ni 90-(>-; _h *1410(1 |
  1
<0:;8: {rn rn {rn {f {g {rn {nh 90-(>-; {j {rn |
  1
:;8: {rn rn {rn {nj o {ng oqiikffhlffffffffjnih {g {nf 90-(>-; _h *1410(1 |
  1
:;8: {rn rn {rn {mo o {nk oqiikffhlffffffffgkfh {f {mn 90-(>-; _h *1410(1 |
  1
):-+:' {rn rn {rn {nl m {mm |
  1
):-+:' {rn rn {rn {nm m {ml |
  1
,+->687+r<*-): {rn rn {rn rnqgffffinffffffffifn rlqohjonoljfffffffglm o n o o V V |
  1
:;8: {rn rn {rn {ng o {mo oqnfffffjffffffffhmm {nn {mk 90-(>-; _h *1410(1 |
  1
):-+:' {rn rn {rn {nh m {mj |
  1
,+->687+r<*-): {rn rn {rn rnqiffffijfffffffffif rlqohjonoljfffffffglm o o rnqoooooooooooooookkk o V V |
  1
):-+:' {rn rn {rn {nl m {mi |
  1
,+->687+r<*-): {rn rn {rn rnqgffffinffffffffifn rlqhkooohhjfffffffign o o n o V V |
  1
/061+ {rn rn {rn rnqgffffinffffffffifn rlqohjonoljfffffffglm o |
  1
/061+ {rn rn {rn rnqiffffijfffffffffif rlqohjonoljfffffffglm o |
  1
,+->687+r<*-): {rn rn {rn rnqiffffijfffffffffif rlqhkooohhjfffffffign o rn o o V V |
  1
/061+ {rn rn {rn rnqiffffijfffffffffif rlqhkooohhjfffffffign o |
  1
/061+ {rn rn {rn rnqgffffinffffffffifn rlqhkooohhjfffffffign o |
  0
HATCH
  5
4A5
330
377
100
AcDbEntity
  8
TopPaste
 62
     8
100
AcDbHatch
 10
0.0
 20
0.0
 30
0.0
210
0.0
220
0.0
230
1.0
  2
SOLID
 70
     1
 71
     1
 91
        1
 92
        1
 93
        4
 72
     1
 10
-1.8999962
 20
-3.075010359999999
 11
-1.699996599999999
 21
-3.075010359999999
 72
     1
 10
-1.699996599999999
 20
-3.075010359999999
 11
-1.699996599999999
 21
-3.74000776
 72
     1
 10
-1.699996599999999
 20
-3.74000776
 11
-1.8999962
 21
-3.74000776
 72
     1
 10
-1.8999962
 20
-3.74000776
 11
-1.8999962
 21
-3.075010359999999
 97
        1
330
4A4
 75
     0
 76
     1
 98
        0
450
        0
451
        0
460
0.0
461
0.0
452
        0
462
0.0
453
        0
470

  0
REGION
  5
4AA
102
{ACAD_REACTORS
330
4AB
102
}
330
377
100
AcDbEntity
  8
TopPaste
 62
     8
100
AcDbModelerGeometry
 70
     1
  1
mnmoo mh m mi          
  1
ni ^ *+0;:,4 ^ *+0\^ [ mo ^ LR mmjqnqoqijjlj QK o  
  1
n fqfffffffffffffffjkh:roh nqooooooooooooooooli:rno 
  1
>,27:>;:- {rn rn _nl mmjqnqoqijjlj |
  1
=0;& {rn rn {rn {m {rn {rn |
  1
3*2/ {rn rn {rn {rn {l {n |
  1
,7:33 {rn rn {rn {rn {rn {k {rn {m |
  1
9><: {rn rn {rn {rn {j {l {rn {i 90-(>-; ;0*=3: 0*+ |
  1
300/ {rn rn {rn {rn {h {k |
  1
/3>1:r,*-9><: {rn rn {rn rmqnffffjioooooooomhl rlqkohjofojfffffffhji o o o rn rn o o 90-(>-;@) V V V V |
  1
<0:;8: {rn rn {rn {g {f {rn {no 90-(>-; {j {rn |
  1
<0:;8: {rn rn {rn {nn {h {rn {nm 90-(>-; {j {rn |
  1
<0:;8: {rn rn {rn {h {nn {rn {nl 90-(>-; {j {rn |
  1
:;8: {rn rn {rn {nk o {nj oqnfffffioooooooolggm {h {ni 90-(>-; _h *1410(1 |
  1
<0:;8: {rn rn {rn {f {g {rn {nh 90-(>-; {j {rn |
  1
:;8: {rn rn {rn {nj o {ng oqiikffhlffffffffjnih {g {nf 90-(>-; _h *1410(1 |
  1
:;8: {rn rn {rn {mo o {nk oqiikffhlffffffffgkfh {f {mn 90-(>-; _h *1410(1 |
  1
):-+:' {rn rn {rn {nl m {mm |
  1
):-+:' {rn rn {rn {nm m {ml |
  1
,+->687+r<*-): {rn rn {rn rmqmffffjkoooooooomkj rlqohjonoljfffffffglm o n o o V V |
  1
:;8: {rn rn {rn {ng o {mo oqnfffffioooooooolggm {nn {mk 90-(>-; _h *1410(1 |
  1
):-+:' {rn rn {rn {nh m {mj |
  1
,+->687+r<*-): {rn rn {rn rmqoffffjhffffffffgjh rlqohjonoljfffffffglm o o rnqoooooooooooooookkk o V V |
  1
):-+:' {rn rn {rn {nl m {mi |
  1
,+->687+r<*-): {rn rn {rn rmqmffffjkoooooooomkj rlqhkooohhjfffffffign o o n o V V |
  1
/061+ {rn rn {rn rmqmffffjkoooooooomkj rlqohjonoljfffffffglm o |
  1
/061+ {rn rn {rn rmqoffffjhffffffffgjh rlqohjonoljfffffffglm o |
  1
,+->687+r<*-): {rn rn {rn rmqoffffjhffffffffgjh rlqhkooohhjfffffffign o rn o o V V |
  1
/061+ {rn rn {rn rmqoffffjhffffffffgjh rlqhkooohhjfffffffign o |
  1
/061+ {rn rn {rn rmqmffffjkoooooooomkj rlqhkooohhjfffffffign o |
  0
HATCH
  5
4AB
330
377
100
AcDbEntity
  8
TopPaste
 62
     8
100
AcDbHatch
 10
0.0
 20
0.0
 30
0.0
210
0.0
220
0.0
230
1.0
  2
SOLID
 70
     1
 71
     1
 91
        1
 92
        1
 93
        4
 72
     1
 10
-2.299995399999999
 20
-3.075010359999999
 11
-2.099995799999999
 21
-3.075010359999999
 72
     1
 10
-2.099995799999999
 20
-3.075010359999999
 11
-2.099995799999999
 21
-3.74000776
 72
     1
 10
-2.099995799999999
 20
-3.74000776
 11
-2.299995399999999
 21
-3.74000776
 72
     1
 10
-2.299995399999999
 20
-3.74000776
 11
-2.299995399999999
 21
-3.075010359999999
 97
        1
330
4AA
 75
     0
 76
     1
 98
        0
450
        0
451
        0
460
0.0
461
0.0
452
        0
462
0.0
453
        0
470

  0
REGION
  5
4B0
102
{ACAD_REACTORS
330
4B1
102
}
330
377
100
AcDbEntity
  8
TopPaste
 62
     8
100
AcDbModelerGeometry
 70
     1
  1
mnmoo mh m mi          
  1
ni ^ *+0;:,4 ^ *+0\^ [ mo ^ LR mmjqnqoqijjlj QK o  
  1
n fqfffffffffffffffjkh:roh nqooooooooooooooooli:rno 
  1
>,27:>;:- {rn rn _nl mmjqnqoqijjlj |
  1
=0;& {rn rn {rn {m {rn {rn |
  1
3*2/ {rn rn {rn {rn {l {n |
  1
,7:33 {rn rn {rn {rn {rn {k {rn {m |
  1
9><: {rn rn {rn {rn {j {l {rn {i 90-(>-; ;0*=3: 0*+ |
  1
300/ {rn rn {rn {rn {h {k |
  1
/3>1:r,*-9><: {rn rn {rn rmqjffffkgoooooooonin rlqkohjofojfffffffhji o o o rn rn o o 90-(>-;@) V V V V |
  1
<0:;8: {rn rn {rn {g {f {rn {no 90-(>-; {j {rn |
  1
<0:;8: {rn rn {rn {nn {h {rn {nm 90-(>-; {j {rn |
  1
<0:;8: {rn rn {rn {h {nn {rn {nl 90-(>-; {j {rn |
  1
:;8: {rn rn {rn {nk o {nj oqnfffffioooooooolggm {h {ni 90-(>-; _h *1410(1 |
  1
<0:;8: {rn rn {rn {f {g {rn {nh 90-(>-; {j {rn |
  1
:;8: {rn rn {rn {nj o {ng oqiikffhlffffffffjnih {g {nf 90-(>-; _h *1410(1 |
  1
:;8: {rn rn {rn {mo o {nk oqiikffhlffffffffgkfh {f {mn 90-(>-; _h *1410(1 |
  1
):-+:' {rn rn {rn {nl m {mm |
  1
):-+:' {rn rn {rn {nm m {ml |
  1
,+->687+r<*-): {rn rn {rn rmqiffffkioooooooonll rlqohjonoljfffffffglm o n o o V V |
  1
:;8: {rn rn {rn {ng o {mo oqnfffffioooooooolggm {nn {mk 90-(>-; _h *1410(1 |
  1
):-+:' {rn rn {rn {nh m {mj |
  1
,+->687+r<*-): {rn rn {rn rmqkffffkfffffffffhkj rlqohjonoljfffffffglm o o rnqoooooooooooooookkk o V V |
  1
):-+:' {rn rn {rn {nl m {mi |
  1
,+->687+r<*-): {rn rn {rn rmqiffffkioooooooonll rlqhkooohhjfffffffign o o n o V V |
  1
/061+ {rn rn {rn rmqiffffkioooooooonll rlqohjonoljfffffffglm o |
  1
/061+ {rn rn {rn rmqkffffkfffffffffhkj rlqohjonoljfffffffglm o |
  1
,+->687+r<*-): {rn rn {rn rmqkffffkfffffffffhkj rlqhkooohhjfffffffign o rn o o V V |
  1
/061+ {rn rn {rn rmqkffffkfffffffffhkj rlqhkooohhjfffffffign o |
  1
/061+ {rn rn {rn rmqiffffkioooooooonll rlqhkooohhjfffffffign o |
  0
HATCH
  5
4B1
330
377
100
AcDbEntity
  8
TopPaste
 62
     8
100
AcDbHatch
 10
0.0
 20
0.0
 30
0.0
210
0.0
220
0.0
230
1.0
  2
SOLID
 70
     1
 71
     1
 91
        1
 92
        1
 93
        4
 72
     1
 10
-2.6999946
 20
-3.075010359999999
 11
-2.499995
 21
-3.075010359999999
 72
     1
 10
-2.499995
 20
-3.075010359999999
 11
-2.499995
 21
-3.74000776
 72
     1
 10
-2.499995
 20
-3.74000776
 11
-2.6999946
 21
-3.74000776
 72
     1
 10
-2.6999946
 20
-3.74000776
 11
-2.6999946
 21
-3.075010359999999
 97
        1
330
4B0
 75
     0
 76
     1
 98
        0
450
        0
451
        0
460
0.0
461
0.0
452
        0
462
0.0
453
        0
470

  0
REGION
  5
4B6
102
{ACAD_REACTORS
330
4B7
102
}
330
377
100
AcDbEntity
  8
TopPaste
 62
     8
100
AcDbModelerGeometry
 70
     1
  1
mnmoo mh m mi          
  1
ni ^ *+0;:,4 ^ *+0\^ [ mo ^ LR mmjqnqoqijjlj QK o  
  1
n fqfffffffffffffffjkh:roh nqooooooooooooooooli:rno 
  1
>,27:>;:- {rn rn _nl mmjqnqoqijjlj |
  1
=0;& {rn rn {rn {m {rn {rn |
  1
3*2/ {rn rn {rn {rn {l {n |
  1
,7:33 {rn rn {rn {rn {rn {k {rn {m |
  1
9><: {rn rn {rn {rn {j {l {rn {i 90-(>-; ;0*=3: 0*+ |
  1
300/ {rn rn {rn {rn {h {k |
  1
/3>1:r,*-9><: {rn rn {rn rlqkohjnnjffffffffgil rmqkffffmkjfffffffilf o o o rn rn o o 90-(>-;@) V V V V |
  1
<0:;8: {rn rn {rn {g {f {rn {no 90-(>-; {j {rn |
  1
<0:;8: {rn rn {rn {nn {h {rn {nm 90-(>-; {j {rn |
  1
<0:;8: {rn rn {rn {h {nn {rn {nl 90-(>-; {j {rn |
  1
:;8: {rn rn {rn {nk o {nj oqiikffhlffffffffgkfh {h {ni 90-(>-; _h *1410(1 |
  1
<0:;8: {rn rn {rn {f {g {rn {nh 90-(>-; {j {rn |
  1
:;8: {rn rn {rn {nj o {ng oqnfffffioooooooolggm {g {nf 90-(>-; _h *1410(1 |
  1
:;8: {rn rn {rn {mo o {nk oqnfffffioooooooolggm {f {mn 90-(>-; _h *1410(1 |
  1
):-+:' {rn rn {rn {nl m {mm |
  1
):-+:' {rn rn {rn {nm m {ml |
  1
,+->687+r<*-): {rn rn {rn rlqhkoonomffffffffhgg rmqkffffmkjfffffffilf o n o o V V |
  1
:;8: {rn rn {rn {ng o {mo oqiikffhlffffffffgkfh {nn {mk 90-(>-; _h *1410(1 |
  1
):-+:' {rn rn {rn {nh m {mj |
  1
,+->687+r<*-): {rn rn {rn rlqohjonmgffffffffflg rmqkffffmkjfffffffilf o o rn o V V |
  1
):-+:' {rn rn {rn {nl m {mi |
  1
,+->687+r<*-): {rn rn {rn rlqhkoonomffffffffhgg rmqiffffmoioooooooomh o o n o V V |
  1
/061+ {rn rn {rn rlqhkoonomffffffffhgg rmqkffffmkjfffffffilf o |
  1
/061+ {rn rn {rn rlqohjonmgffffffffflg rmqkffffmkjfffffffilf o |
  1
,+->687+r<*-): {rn rn {rn rlqohjonmgffffffffflg rmqiffffmoioooooooomh o rn o o V V |
  1
/061+ {rn rn {rn rlqohjonmgffffffffflg rmqiffffmoioooooooomh o |
  1
/061+ {rn rn {rn rlqhkoonomffffffffhgg rmqiffffmoioooooooomh o |
  0
HATCH
  5
4B7
330
377
100
AcDbEntity
  8
TopPaste
 62
     8
100
AcDbHatch
 10
0.0
 20
0.0
 30
0.0
210
0.0
220
0.0
230
1.0
  2
SOLID
 70
     1
 71
     1
 91
        1
 92
        1
 93
        4
 72
     1
 10
-3.740010299999999
 20
-2.49999246
 11
-3.075012899999999
 21
-2.49999246
 72
     1
 10
-3.075012899999999
 20
-2.49999246
 11
-3.075012899999999
 21
-2.69999206
 72
     1
 10
-3.075012899999999
 20
-2.69999206
 11
-3.740010299999999
 21
-2.69999206
 72
     1
 10
-3.740010299999999
 20
-2.69999206
 11
-3.740010299999999
 21
-2.49999246
 97
        1
330
4B6
 75
     0
 76
     1
 98
        0
450
        0
451
        0
460
0.0
461
0.0
452
        0
462
0.0
453
        0
470

  0
REGION
  5
4BC
102
{ACAD_REACTORS
330
4BD
102
}
330
377
100
AcDbEntity
  8
TopPaste
 62
     8
100
AcDbModelerGeometry
 70
     1
  1
mnmoo mh m mi          
  1
ni ^ *+0;:,4 ^ *+0\^ [ mo ^ LR mmjqnqoqijjlj QK o  
  1
n fqfffffffffffffffjkh:roh nqooooooooooooooooli:rno 
  1
>,27:>;:- {rn rn _nl mmjqnqoqijjlj |
  1
=0;& {rn rn {rn {m {rn {rn |
  1
3*2/ {rn rn {rn {rn {l {n |
  1
,7:33 {rn rn {rn {rn {rn {k {rn {m |
  1
9><: {rn rn {rn {rn {j {l {rn {i 90-(>-; ;0*=3: 0*+ |
  1
300/ {rn rn {rn {rn {h {k |
  1
/3>1:r,*-9><: {rn rn {rn rlqkohjnnjffffffffgil rmqofffflmjfffffffhjn o o o rn rn o o 90-(>-;@) V V V V |
  1
<0:;8: {rn rn {rn {g {f {rn {no 90-(>-; {j {rn |
  1
<0:;8: {rn rn {rn {nn {h {rn {nm 90-(>-; {j {rn |
  1
<0:;8: {rn rn {rn {h {nn {rn {nl 90-(>-; {j {rn |
  1
:;8: {rn rn {rn {nk o {nj oqiikffhlffffffffgkfh {h {ni 90-(>-; _h *1410(1 |
  1
<0:;8: {rn rn {rn {f {g {rn {nh 90-(>-; {j {rn |
  1
:;8: {rn rn {rn {nj o {ng oqnfffffioooooooolggm {g {nf 90-(>-; _h *1410(1 |
  1
:;8: {rn rn {rn {mo o {nk oqnfffffioooooooolggm {f {mn 90-(>-; _h *1410(1 |
  1
):-+:' {rn rn {rn {nl m {mm |
  1
):-+:' {rn rn {rn {nm m {ml |
  1
,+->687+r<*-): {rn rn {rn rlqhkoonomffffffffhgg rmqofffflmjfffffffhjn o n o o V V |
  1
:;8: {rn rn {rn {ng o {mo oqiikffhlffffffffgkfh {nn {mk 90-(>-; _h *1410(1 |
  1
):-+:' {rn rn {rn {nh m {mj |
  1
,+->687+r<*-): {rn rn {rn rlqohjonmgffffffffflg rmqofffflmjfffffffhjn o o rn o V V |
  1
):-+:' {rn rn {rn {nl m {mi |
  1
,+->687+r<*-): {rn rn {rn rlqhkoonomffffffffhgg rmqmffffmgiooooooonlf o o n o V V |
  1
/061+ {rn rn {rn rlqhkoonomffffffffhgg rmqofffflmjfffffffhjn o |
  1
/061+ {rn rn {rn rlqohjonmgffffffffflg rmqofffflmjfffffffhjn o |
  1
,+->687+r<*-): {rn rn {rn rlqohjonmgffffffffflg rmqmffffmgiooooooonlf o rn o o V V |
  1
/061+ {rn rn {rn rlqohjonmgffffffffflg rmqmffffmgiooooooonlf o |
  1
/061+ {rn rn {rn rlqhkoonomffffffffhgg rmqmffffmgiooooooonlf o |
  0
HATCH
  5
4BD
330
377
100
AcDbEntity
  8
TopPaste
 62
     8
100
AcDbHatch
 10
0.0
 20
0.0
 30
0.0
210
0.0
220
0.0
230
1.0
  2
SOLID
 70
     1
 71
     1
 91
        1
 92
        1
 93
        4
 72
     1
 10
-3.740010299999999
 20
-2.09999326
 11
-3.075012899999999
 21
-2.09999326
 72
     1
 10
-3.075012899999999
 20
-2.09999326
 11
-3.075012899999999
 21
-2.29999286
 72
     1
 10
-3.075012899999999
 20
-2.29999286
 11
-3.740010299999999
 21
-2.29999286
 72
     1
 10
-3.740010299999999
 20
-2.29999286
 11
-3.740010299999999
 21
-2.09999326
 97
        1
330
4BC
 75
     0
 76
     1
 98
        0
450
        0
451
        0
460
0.0
461
0.0
452
        0
462
0.0
453
        0
470

  0
REGION
  5
4C2
102
{ACAD_REACTORS
330
4C3
102
}
330
377
100
AcDbEntity
  8
TopPaste
 62
     8
100
AcDbModelerGeometry
 70
     1
  1
mnmoo mh m mi          
  1
ni ^ *+0;:,4 ^ *+0\^ [ mo ^ LR mmjqnqoqijjlj QK o  
  1
n fqfffffffffffffffjkh:roh nqooooooooooooooooli:rno 
  1
>,27:>;:- {rn rn _nl mmjqnqoqijjlj |
  1
=0;& {rn rn {rn {m {rn {rn |
  1
3*2/ {rn rn {rn {rn {l {n |
  1
,7:33 {rn rn {rn {rn {rn {k {rn {m |
  1
9><: {rn rn {rn {rn {j {l {rn {i 90-(>-; ;0*=3: 0*+ |
  1
300/ {rn rn {rn {rn {h {k |
  1
/3>1:r,*-9><: {rn rn {rn rlqkohjnnjffffffffgil rnqiffffkojfffffffgim o o o rn rn o o 90-(>-;@) V V V V |
  1
<0:;8: {rn rn {rn {g {f {rn {no 90-(>-; {j {rn |
  1
<0:;8: {rn rn {rn {nn {h {rn {nm 90-(>-; {j {rn |
  1
<0:;8: {rn rn {rn {h {nn {rn {nl 90-(>-; {j {rn |
  1
:;8: {rn rn {rn {nk o {nj oqiikffhlffffffffgkfh {h {ni 90-(>-; _h *1410(1 |
  1
<0:;8: {rn rn {rn {f {g {rn {nh 90-(>-; {j {rn |
  1
:;8: {rn rn {rn {nj o {ng oqnfffffiooooooooniin {g {nf 90-(>-; _h *1410(1 |
  1
:;8: {rn rn {rn {mo o {nk oqnfffffiooooooooniin {f {mn 90-(>-; _h *1410(1 |
  1
):-+:' {rn rn {rn {nl m {mm |
  1
):-+:' {rn rn {rn {nm m {ml |
  1
,+->687+r<*-): {rn rn {rn rlqhkoonomffffffffhgg rnqiffffkojfffffffgim o n o o V V |
  1
:;8: {rn rn {rn {ng o {mo oqiikffhlffffffffgkfh {nn {mk 90-(>-; _h *1410(1 |
  1
):-+:' {rn rn {rn {nh m {mj |
  1
,+->687+r<*-): {rn rn {rn rlqohjonmgffffffffflg rnqiffffkojfffffffgim o o rn o V V |
  1
):-+:' {rn rn {rn {nl m {mi |
  1
,+->687+r<*-): {rn rn {rn rlqhkoonomffffffffhgg rnqgffffliioooooooomf o o n o V V |
  1
/061+ {rn rn {rn rlqhkoonomffffffffhgg rnqiffffkojfffffffgim o |
  1
/061+ {rn rn {rn rlqohjonmgffffffffflg rnqiffffkojfffffffgim o |
  1
,+->687+r<*-): {rn rn {rn rlqohjonmgffffffffflg rnqgffffliioooooooomf o rn o o V V |
  1
/061+ {rn rn {rn rlqohjonmgffffffffflg rnqgffffliioooooooomf o |
  1
/061+ {rn rn {rn rlqhkoonomffffffffhgg rnqgffffliioooooooomf o |
  0
HATCH
  5
4C3
330
377
100
AcDbEntity
  8
TopPaste
 62
     8
100
AcDbHatch
 10
0.0
 20
0.0
 30
0.0
210
0.0
220
0.0
230
1.0
  2
SOLID
 70
     1
 71
     1
 91
        1
 92
        1
 93
        4
 72
     1
 10
-3.740010299999999
 20
-1.69999406
 11
-3.075012899999999
 21
-1.69999406
 72
     1
 10
-3.075012899999999
 20
-1.69999406
 11
-3.075012899999999
 21
-1.899993659999999
 72
     1
 10
-3.075012899999999
 20
-1.899993659999999
 11
-3.740010299999999
 21
-1.899993659999999
 72
     1
 10
-3.740010299999999
 20
-1.899993659999999
 11
-3.740010299999999
 21
-1.69999406
 97
        1
330
4C2
 75
     0
 76
     1
 98
        0
450
        0
451
        0
460
0.0
461
0.0
452
        0
462
0.0
453
        0
470

  0
REGION
  5
4C8
102
{ACAD_REACTORS
330
4C9
102
}
330
377
100
AcDbEntity
  8
TopPaste
 62
     8
100
AcDbModelerGeometry
 70
     1
  1
mnmoo mh m mi          
  1
ni ^ *+0;:,4 ^ *+0\^ [ mo ^ LR mmjqnqoqijjlj QK o  
  1
n fqfffffffffffffffjkh:roh nqooooooooooooooooli:rno 
  1
>,27:>;:- {rn rn _nl mmjqnqoqijjlj |
  1
=0;& {rn rn {rn {m {rn {rn |
  1
3*2/ {rn rn {rn {rn {l {n |
  1
,7:33 {rn rn {rn {rn {rn {k {rn {m |
  1
9><: {rn rn {rn {rn {j {l {rn {i 90-(>-; ;0*=3: 0*+ |
  1
300/ {rn rn {rn {rn {h {k |
  1
/3>1:r,*-9><: {rn rn {rn rlqkohjnnjffffffffgil rnqmffffkgjffffffffhk o o o rn rn o o 90-(>-;@) V V V V |
  1
<0:;8: {rn rn {rn {g {f {rn {no 90-(>-; {j {rn |
  1
<0:;8: {rn rn {rn {nn {h {rn {nm 90-(>-; {j {rn |
  1
<0:;8: {rn rn {rn {h {nn {rn {nl 90-(>-; {j {rn |
  1
:;8: {rn rn {rn {nk o {nj oqiikffhlffffffffgkfh {h {ni 90-(>-; _h *1410(1 |
  1
<0:;8: {rn rn {rn {f {g {rn {nh 90-(>-; {j {rn |
  1
:;8: {rn rn {rn {nj o {ng oqnfffffjfffffffffkkn {g {nf 90-(>-; _h *1410(1 |
  1
:;8: {rn rn {rn {mo o {nk oqnfffffjfffffffffkkn {f {mn 90-(>-; _h *1410(1 |
  1
):-+:' {rn rn {rn {nl m {mm |
  1
):-+:' {rn rn {rn {nm m {ml |
  1
,+->687+r<*-): {rn rn {rn rlqhkoonomffffffffhgg rnqmffffkgjffffffffhk o n o o V V |
  1
:;8: {rn rn {rn {ng o {mo oqiikffhlffffffffgkfh {nn {mk 90-(>-; _h *1410(1 |
  1
):-+:' {rn rn {rn {nh m {mj |
  1
,+->687+r<*-): {rn rn {rn rlqohjonmgffffffffflg rnqmffffkgjffffffffhk o o rn o V V |
  1
):-+:' {rn rn {rn {nl m {mi |
  1
,+->687+r<*-): {rn rn {rn rlqhkoonomffffffffhgg rnqkffffkkjffffffffng o o n o V V |
  1
/061+ {rn rn {rn rlqhkoonomffffffffhgg rnqmffffkgjffffffffhk o |
  1
/061+ {rn rn {rn rlqohjonmgffffffffflg rnqmffffkgjffffffffhk o |
  1
,+->687+r<*-): {rn rn {rn rlqohjonmgffffffffflg rnqkffffkkjffffffffng o rn o o V V |
  1
/061+ {rn rn {rn rlqohjonmgffffffffflg rnqkffffkkjffffffffng o |
  1
/061+ {rn rn {rn rlqhkoonomffffffffhgg rnqkffffkkjffffffffng o |
  0
HATCH
  5
4C9
330
377
100
AcDbEntity
  8
TopPaste
 62
     8
100
AcDbHatch
 10
0.0
 20
0.0
 30
0.0
210
0.0
220
0.0
230
1.0
  2
SOLID
 70
     1
 71
     1
 91
        1
 92
        1
 93
        4
 72
     1
 10
-3.740010299999999
 20
-1.299994859999999
 11
-3.075012899999999
 21
-1.299994859999999
 72
     1
 10
-3.075012899999999
 20
-1.299994859999999
 11
-3.075012899999999
 21
-1.499994459999999
 72
     1
 10
-3.075012899999999
 20
-1.499994459999999
 11
-3.740010299999999
 21
-1.499994459999999
 72
     1
 10
-3.740010299999999
 20
-1.499994459999999
 11
-3.740010299999999
 21
-1.299994859999999
 97
        1
330
4C8
 75
     0
 76
     1
 98
        0
450
        0
451
        0
460
0.0
461
0.0
452
        0
462
0.0
453
        0
470

  0
REGION
  5
4CE
102
{ACAD_REACTORS
330
4CF
102
}
330
377
100
AcDbEntity
  8
TopPaste
 62
     8
100
AcDbModelerGeometry
 70
     1
  1
mnmoo mh m mi          
  1
ni ^ *+0;:,4 ^ *+0\^ [ mo ^ LR mmjqnqoqijjlj QK o  
  1
n fqfffffffffffffffjkh:roh nqooooooooooooooooli:rno 
  1
>,27:>;:- {rn rn _nl mmjqnqoqijjlj |
  1
=0;& {rn rn {rn {m {rn {rn |
  1
3*2/ {rn rn {rn {rn {l {n |
  1
,7:33 {rn rn {rn {rn {rn {k {rn {m |
  1
9><: {rn rn {rn {rn {j {l {rn {i 90-(>-; ;0*=3: 0*+ |
  1
300/ {rn rn {rn {rn {h {k |
  1
/3>1:r,*-9><: {rn rn {rn rlqkohjnnjffffffffgil roqgffffjiioooooooogin o o o rn rn o o 90-(>-;@) V V V V |
  1
<0:;8: {rn rn {rn {g {f {rn {no 90-(>-; {j {rn |
  1
<0:;8: {rn rn {rn {nn {h {rn {nm 90-(>-; {j {rn |
  1
<0:;8: {rn rn {rn {h {nn {rn {nl 90-(>-; {j {rn |
  1
:;8: {rn rn {rn {nk o {nj oqiikffhlffffffffgkfh {h {ni 90-(>-; _h *1410(1 |
  1
<0:;8: {rn rn {rn {f {g {rn {nh 90-(>-; {j {rn |
  1
:;8: {rn rn {rn {nj o {ng oqnfffffjfffffffffkkn {g {nf 90-(>-; _h *1410(1 |
  1
:;8: {rn rn {rn {mo o {nk oqnfffffjfffffffffkkn {f {mn 90-(>-; _h *1410(1 |
  1
):-+:' {rn rn {rn {nl m {mm |
  1
):-+:' {rn rn {rn {nm m {ml |
  1
,+->687+r<*-): {rn rn {rn rlqhkoonomffffffffhgg roqgffffjiioooooooogin o n o o V V |
  1
:;8: {rn rn {rn {ng o {mo oqiikffhlffffffffgkfh {nn {mk 90-(>-; _h *1410(1 |
  1
):-+:' {rn rn {rn {nh m {mj |
  1
,+->687+r<*-): {rn rn {rn rlqohjonmgffffffffflg roqgffffjiioooooooogin o o rn o V V |
  1
):-+:' {rn rn {rn {nl m {mi |
  1
,+->687+r<*-): {rn rn {rn rlqhkoonomffffffffhgg rnqoffffjmiooooooool o o n o V V |
  1
/061+ {rn rn {rn rlqhkoonomffffffffhgg roqgffffjiioooooooogin o |
  1
/061+ {rn rn {rn rlqohjonmgffffffffflg roqgffffjiioooooooogin o |
  1
,+->687+r<*-): {rn rn {rn rlqohjonmgffffffffflg rnqoffffjmiooooooool o rn o o V V |
  1
/061+ {rn rn {rn rlqohjonmgffffffffflg rnqoffffjmiooooooool o |
  1
/061+ {rn rn {rn rlqhkoonomffffffffhgg rnqoffffjmiooooooool o |
  0
HATCH
  5
4CF
330
377
100
AcDbEntity
  8
TopPaste
 62
     8
100
AcDbHatch
 10
0.0
 20
0.0
 30
0.0
210
0.0
220
0.0
230
1.0
  2
SOLID
 70
     1
 71
     1
 91
        1
 92
        1
 93
        4
 72
     1
 10
-3.740010299999999
 20
-0.89999566
 11
-3.075012899999999
 21
-0.89999566
 72
     1
 10
-3.075012899999999
 20
-0.89999566
 11
-3.075012899999999
 21
-1.09999526
 72
     1
 10
-3.075012899999999
 20
-1.09999526
 11
-3.740010299999999
 21
-1.09999526
 72
     1
 10
-3.740010299999999
 20
-1.09999526
 11
-3.740010299999999
 21
-0.89999566
 97
        1
330
4CE
 75
     0
 76
     1
 98
        0
450
        0
451
        0
460
0.0
461
0.0
452
        0
462
0.0
453
        0
470

  0
REGION
  5
4D4
102
{ACAD_REACTORS
330
4D5
102
}
330
377
100
AcDbEntity
  8
TopPaste
 62
     8
100
AcDbModelerGeometry
 70
     1
  1
mnmoo mh m mi          
  1
ni ^ *+0;:,4 ^ *+0\^ [ mo ^ LR mmjqnqoqijjlj QK o  
  1
n fqfffffffffffffffjkh:roh nqooooooooooooooooli:rno 
  1
>,27:>;:- {rn rn _nl mmjqnqoqijjlj |
  1
=0;& {rn rn {rn {m {rn {rn |
  1
3*2/ {rn rn {rn {rn {l {n |
  1
,7:33 {rn rn {rn {rn {rn {k {rn {m |
  1
9><: {rn rn {rn {rn {j {l {rn {i 90-(>-; ;0*=3: 0*+ |
  1
300/ {rn rn {rn {rn {h {k |
  1
/3>1:r,*-9><: {rn rn {rn rlqkohjnnjffffffffgil roqkffffikioooooooolnk o o o rn rn o o 90-(>-;@) V V V V |
  1
<0:;8: {rn rn {rn {g {f {rn {no 90-(>-; {j {rn |
  1
<0:;8: {rn rn {rn {nn {h {rn {nm 90-(>-; {j {rn |
  1
<0:;8: {rn rn {rn {h {nn {rn {nl 90-(>-; {j {rn |
  1
:;8: {rn rn {rn {nk o {nj oqiikffhlffffffffgkfh {h {ni 90-(>-; _h *1410(1 |
  1
<0:;8: {rn rn {rn {f {g {rn {nh 90-(>-; {j {rn |
  1
:;8: {rn rn {rn {nj o {ng oqnfffffjfffffffffffi {g {nf 90-(>-; _h *1410(1 |
  1
:;8: {rn rn {rn {mo o {nk oqnfffffjfffffffffffi {f {mn 90-(>-; _h *1410(1 |
  1
):-+:' {rn rn {rn {nl m {mm |
  1
):-+:' {rn rn {rn {nm m {ml |
  1
,+->687+r<*-): {rn rn {rn rlqhkoonomffffffffhgg roqkffffikioooooooolnk o n o o V V |
  1
:;8: {rn rn {rn {ng o {mo oqiikffhlffffffffgkfh {nn {mk 90-(>-; _h *1410(1 |
  1
):-+:' {rn rn {rn {nh m {mj |
  1
,+->687+r<*-): {rn rn {rn rlqohjonmgffffffffflg roqkffffikioooooooolnk o o rn o V V |
  1
):-+:' {rn rn {rn {nl m {mi |
  1
,+->687+r<*-): {rn rn {rn rlqhkoonomffffffffhgg roqiffffioiooooooooln o o n o V V |
  1
/061+ {rn rn {rn rlqhkoonomffffffffhgg roqkffffikioooooooolnk o |
  1
/061+ {rn rn {rn rlqohjonmgffffffffflg roqkffffikioooooooolnk o |
  1
,+->687+r<*-): {rn rn {rn rlqohjonmgffffffffflg roqiffffioiooooooooln o rn o o V V |
  1
/061+ {rn rn {rn rlqohjonmgffffffffflg roqiffffioiooooooooln o |
  1
/061+ {rn rn {rn rlqhkoonomffffffffhgg roqiffffioiooooooooln o |
  0
HATCH
  5
4D5
330
377
100
AcDbEntity
  8
TopPaste
 62
     8
100
AcDbHatch
 10
0.0
 20
0.0
 30
0.0
210
0.0
220
0.0
230
1.0
  2
SOLID
 70
     1
 71
     1
 91
        1
 92
        1
 93
        4
 72
     1
 10
-3.740010299999999
 20
-0.4999964600000001
 11
-3.075012899999999
 21
-0.4999964600000001
 72
     1
 10
-3.075012899999999
 20
-0.4999964600000001
 11
-3.075012899999999
 21
-0.6999960600000001
 72
     1
 10
-3.075012899999999
 20
-0.6999960600000001
 11
-3.740010299999999
 21
-0.6999960600000001
 72
     1
 10
-3.740010299999999
 20
-0.6999960600000001
 11
-3.740010299999999
 21
-0.4999964600000001
 97
        1
330
4D4
 75
     0
 76
     1
 98
        0
450
        0
451
        0
460
0.0
461
0.0
452
        0
462
0.0
453
        0
470

  0
REGION
  5
4DA
102
{ACAD_REACTORS
330
4DB
102
}
330
377
100
AcDbEntity
  8
TopPaste
 62
     8
100
AcDbModelerGeometry
 70
     1
  1
mnmoo mh m mi          
  1
ni ^ *+0;:,4 ^ *+0\^ [ mo ^ LR mmjqnqoqijjlj QK o  
  1
n fqfffffffffffffffjkh:roh nqooooooooooooooooli:rno 
  1
>,27:>;:- {rn rn _nl mmjqnqoqijjlj |
  1
=0;& {rn rn {rn {m {rn {rn |
  1
3*2/ {rn rn {rn {rn {l {n |
  1
,7:33 {rn rn {rn {rn {rn {k {rn {m |
  1
9><: {rn rn {rn {rn {j {l {rn {i 90-(>-; ;0*=3: 0*+ |
  1
300/ {rn rn {rn {rn {h {k |
  1
/3>1:r,*-9><: {rn rn {rn rlqkohjnnjffffffffgil roqoffffhmjfffffffffoi o o o rn rn o o 90-(>-;@) V V V V |
  1
<0:;8: {rn rn {rn {g {f {rn {no 90-(>-; {j {rn |
  1
<0:;8: {rn rn {rn {nn {h {rn {nm 90-(>-; {j {rn |
  1
<0:;8: {rn rn {rn {h {nn {rn {nl 90-(>-; {j {rn |
  1
:;8: {rn rn {rn {nk o {nj oqiikffhlffffffffgkfh {h {ni 90-(>-; _h *1410(1 |
  1
<0:;8: {rn rn {rn {f {g {rn {nh 90-(>-; {j {rn |
  1
:;8: {rn rn {rn {nj o {ng oqnfffffjfffffffffffi {g {nf 90-(>-; _h *1410(1 |
  1
:;8: {rn rn {rn {mo o {nk oqnfffffjfffffffffffi {f {mn 90-(>-; _h *1410(1 |
  1
):-+:' {rn rn {rn {nl m {mm |
  1
):-+:' {rn rn {rn {nm m {ml |
  1
,+->687+r<*-): {rn rn {rn rlqhkoonomffffffffhgg roqoffffhmjfffffffffoi o n o o V V |
  1
:;8: {rn rn {rn {ng o {mo oqiikffhlffffffffgkfh {nn {mk 90-(>-; _h *1410(1 |
  1
):-+:' {rn rn {rn {nh m {mj |
  1
,+->687+r<*-): {rn rn {rn rlqohjonmgffffffffflg roqoffffhmjfffffffffoi o o rn o V V |
  1
):-+:' {rn rn {rn {nl m {mi |
  1
,+->687+r<*-): {rn rn {rn rlqhkoonomffffffffhgg roqmffffigjffffffffhil o o n o V V |
  1
/061+ {rn rn {rn rlqhkoonomffffffffhgg roqoffffhmjfffffffffoi o |
  1
/061+ {rn rn {rn rlqohjonmgffffffffflg roqoffffhmjfffffffffoi o |
  1
,+->687+r<*-): {rn rn {rn rlqohjonmgffffffffflg roqmffffigjffffffffhil o rn o o V V |
  1
/061+ {rn rn {rn rlqohjonmgffffffffflg roqmffffigjffffffffhil o |
  1
/061+ {rn rn {rn rlqhkoonomffffffffhgg roqmffffigjffffffffhil o |
  0
HATCH
  5
4DB
330
377
100
AcDbEntity
  8
TopPaste
 62
     8
100
AcDbHatch
 10
0.0
 20
0.0
 30
0.0
210
0.0
220
0.0
230
1.0
  2
SOLID
 70
     1
 71
     1
 91
        1
 92
        1
 93
        4
 72
     1
 10
-3.740010299999999
 20
-0.09999726
 11
-3.075012899999999
 21
-0.09999726
 72
     1
 10
-3.075012899999999
 20
-0.09999726
 11
-3.075012899999999
 21
-0.29999686
 72
     1
 10
-3.075012899999999
 20
-0.29999686
 11
-3.740010299999999
 21
-0.29999686
 72
     1
 10
-3.740010299999999
 20
-0.29999686
 11
-3.740010299999999
 21
-0.09999726
 97
        1
330
4DA
 75
     0
 76
     1
 98
        0
450
        0
451
        0
460
0.0
461
0.0
452
        0
462
0.0
453
        0
470

  0
REGION
  5
4E0
102
{ACAD_REACTORS
330
4E1
102
}
330
377
100
AcDbEntity
  8
TopPaste
 62
     8
100
AcDbModelerGeometry
 70
     1
  1
mnmoo mh m mi          
  1
ni ^ *+0;:,4 ^ *+0\^ [ mo ^ LR mmjqnqoqijjlj QK o  
  1
n fqfffffffffffffffjkh:roh nqooooooooooooooooli:rno 
  1
>,27:>;:- {rn rn _nl mmjqnqoqijjlj |
  1
=0;& {rn rn {rn {m {rn {rn |
  1
3*2/ {rn rn {rn {rn {l {n |
  1
,7:33 {rn rn {rn {rn {rn {k {rn {m |
  1
9><: {rn rn {rn {rn {j {l {rn {i 90-(>-; ;0*=3: 0*+ |
  1
300/ {rn rn {rn {rn {h {k |
  1
/3>1:r,*-9><: {rn rn {rn rlqkohjnnjffffffffgil oqloooonflffffffffih o o o rn rn o o 90-(>-;@) V V V V |
  1
<0:;8: {rn rn {rn {g {f {rn {no 90-(>-; {j {rn |
  1
<0:;8: {rn rn {rn {nn {h {rn {nm 90-(>-; {j {rn |
  1
<0:;8: {rn rn {rn {h {nn {rn {nl 90-(>-; {j {rn |
  1
:;8: {rn rn {rn {nk o {nj oqiikffhlffffffffgkfh {h {ni 90-(>-; _h *1410(1 |
  1
<0:;8: {rn rn {rn {f {g {rn {nh 90-(>-; {j {rn |
  1
:;8: {rn rn {rn {nj o {ng oqnfffffjfffffffffhng {g {nf 90-(>-; _h *1410(1 |
  1
:;8: {rn rn {rn {mo o {nk oqnfffffjfffffffffhng {f {mn 90-(>-; _h *1410(1 |
  1
):-+:' {rn rn {rn {nl m {mm |
  1
):-+:' {rn rn {rn {nm m {ml |
  1
,+->687+r<*-): {rn rn {rn rlqhkoonomffffffffhgg oqloooonflffffffffih o n o o V V |
  1
:;8: {rn rn {rn {ng o {mo oqiikffhlffffffffgkfh {nn {mk 90-(>-; _h *1410(1 |
  1
):-+:' {rn rn {rn {nh m {mj |
  1
,+->687+r<*-): {rn rn {rn rlqohjonmgffffffffflg oqloooonflffffffffih o o rn o V V |
  1
):-+:' {rn rn {rn {nl m {mi |
  1
,+->687+r<*-): {rn rn {rn rlqhkoonomffffffffhgg oqnoooomllfffffffffjn o o n o V V |
  1
/061+ {rn rn {rn rlqhkoonomffffffffhgg oqloooonflffffffffih o |
  1
/061+ {rn rn {rn rlqohjonmgffffffffflg oqloooonflffffffffih o |
  1
,+->687+r<*-): {rn rn {rn rlqohjonmgffffffffflg oqnoooomllfffffffffjn o rn o o V V |
  1
/061+ {rn rn {rn rlqohjonmgffffffffflg oqnoooomllfffffffffjn o |
  1
/061+ {rn rn {rn rlqhkoonomffffffffhgg oqnoooomllfffffffffjn o |
  0
HATCH
  5
4E1
330
377
100
AcDbEntity
  8
TopPaste
 62
     8
100
AcDbHatch
 10
0.0
 20
0.0
 30
0.0
210
0.0
220
0.0
230
1.0
  2
SOLID
 70
     1
 71
     1
 91
        1
 92
        1
 93
        4
 72
     1
 10
-3.740010299999999
 20
0.30000194
 11
-3.075012899999999
 21
0.30000194
 72
     1
 10
-3.075012899999999
 20
0.30000194
 11
-3.075012899999999
 21
0.10000234
 72
     1
 10
-3.075012899999999
 20
0.10000234
 11
-3.740010299999999
 21
0.10000234
 72
     1
 10
-3.740010299999999
 20
0.10000234
 11
-3.740010299999999
 21
0.30000194
 97
        1
330
4E0
 75
     0
 76
     1
 98
        0
450
        0
451
        0
460
0.0
461
0.0
452
        0
462
0.0
453
        0
470

  0
REGION
  5
4E6
102
{ACAD_REACTORS
330
4E7
102
}
330
377
100
AcDbEntity
  8
TopPaste
 62
     8
100
AcDbModelerGeometry
 70
     1
  1
mnmoo mh m mi          
  1
ni ^ *+0;:,4 ^ *+0\^ [ mo ^ LR mmjqnqoqijjlj QK o  
  1
n fqfffffffffffffffjkh:roh nqooooooooooooooooli:rno 
  1
>,27:>;:- {rn rn _nl mmjqnqoqijjlj |
  1
=0;& {rn rn {rn {m {rn {rn |
  1
3*2/ {rn rn {rn {rn {l {n |
  1
,7:33 {rn rn {rn {rn {rn {k {rn {m |
  1
9><: {rn rn {rn {rn {j {l {rn {i 90-(>-; ;0*=3: 0*+ |
  1
300/ {rn rn {rn {rn {h {k |
  1
/3>1:r,*-9><: {rn rn {rn rlqkohjnnjffffffffgil oqhoooonnlffffffffnoh o o o rn rn o o 90-(>-;@) V V V V |
  1
<0:;8: {rn rn {rn {g {f {rn {no 90-(>-; {j {rn |
  1
<0:;8: {rn rn {rn {nn {h {rn {nm 90-(>-; {j {rn |
  1
<0:;8: {rn rn {rn {h {nn {rn {nl 90-(>-; {j {rn |
  1
:;8: {rn rn {rn {nk o {nj oqiikffhlffffffffgkfh {h {ni 90-(>-; _h *1410(1 |
  1
<0:;8: {rn rn {rn {f {g {rn {nh 90-(>-; {j {rn |
  1
:;8: {rn rn {rn {nj o {ng oqnfffffjfffffffffkkn {g {nf 90-(>-; _h *1410(1 |
  1
:;8: {rn rn {rn {mo o {nk oqnfffffjfffffffffkkn {f {mn 90-(>-; _h *1410(1 |
  1
):-+:' {rn rn {rn {nl m {mm |
  1
):-+:' {rn rn {rn {nm m {ml |
  1
,+->687+r<*-): {rn rn {rn rlqhkoonomffffffffhgg oqhoooonnlffffffffnoh o n o o V V |
  1
:;8: {rn rn {rn {ng o {mo oqiikffhlffffffffgkfh {nn {mk 90-(>-; _h *1410(1 |
  1
):-+:' {rn rn {rn {nh m {mj |
  1
,+->687+r<*-): {rn rn {rn rlqohjonmgffffffffflg oqhoooonnlffffffffnoh o o rn o V V |
  1
):-+:' {rn rn {rn {nl m {mi |
  1
,+->687+r<*-): {rn rn {rn rlqhkoonomffffffffhgg oqjoooonjlffffffffiii o o n o V V |
  1
/061+ {rn rn {rn rlqhkoonomffffffffhgg oqhoooonnlffffffffnoh o |
  1
/061+ {rn rn {rn rlqohjonmgffffffffflg oqhoooonnlffffffffnoh o |
  1
,+->687+r<*-): {rn rn {rn rlqohjonmgffffffffflg oqjoooonjlffffffffiii o rn o o V V |
  1
/061+ {rn rn {rn rlqohjonmgffffffffflg oqjoooonjlffffffffiii o |
  1
/061+ {rn rn {rn rlqhkoonomffffffffhgg oqjoooonjlffffffffiii o |
  0
HATCH
  5
4E7
330
377
100
AcDbEntity
  8
TopPaste
 62
     8
100
AcDbHatch
 10
0.0
 20
0.0
 30
0.0
210
0.0
220
0.0
230
1.0
  2
SOLID
 70
     1
 71
     1
 91
        1
 92
        1
 93
        4
 72
     1
 10
-3.740010299999999
 20
0.7000011399999999
 11
-3.075012899999999
 21
0.7000011399999999
 72
     1
 10
-3.075012899999999
 20
0.7000011399999999
 11
-3.075012899999999
 21
0.50000154
 72
     1
 10
-3.075012899999999
 20
0.50000154
 11
-3.740010299999999
 21
0.50000154
 72
     1
 10
-3.740010299999999
 20
0.50000154
 11
-3.740010299999999
 21
0.7000011399999999
 97
        1
330
4E6
 75
     0
 76
     1
 98
        0
450
        0
451
        0
460
0.0
461
0.0
452
        0
462
0.0
453
        0
470

  0
REGION
  5
4EC
102
{ACAD_REACTORS
330
4ED
102
}
330
377
100
AcDbEntity
  8
TopPaste
 62
     8
100
AcDbModelerGeometry
 70
     1
  1
mnmoo mh m mi          
  1
ni ^ *+0;:,4 ^ *+0\^ [ mo ^ LR mmjqnqoqijjlj QK o  
  1
n fqfffffffffffffffjkh:roh nqooooooooooooooooli:rno 
  1
>,27:>;:- {rn rn _nl mmjqnqoqijjlj |
  1
=0;& {rn rn {rn {m {rn {rn |
  1
3*2/ {rn rn {rn {rn {l {n |
  1
,7:33 {rn rn {rn {rn {rn {k {rn {m |
  1
9><: {rn rn {rn {rn {j {l {rn {i 90-(>-; ;0*=3: 0*+ |
  1
300/ {rn rn {rn {rn {h {k |
  1
/3>1:r,*-9><: {rn rn {rn rlqkohjnnjffffffffgil nqnooooolkoooooooomn o o o rn rn o o 90-(>-;@) V V V V |
  1
<0:;8: {rn rn {rn {g {f {rn {no 90-(>-; {j {rn |
  1
<0:;8: {rn rn {rn {nn {h {rn {nm 90-(>-; {j {rn |
  1
<0:;8: {rn rn {rn {h {nn {rn {nl 90-(>-; {j {rn |
  1
:;8: {rn rn {rn {nk o {nj oqiikffhlffffffffgkfh {h {ni 90-(>-; _h *1410(1 |
  1
<0:;8: {rn rn {rn {f {g {rn {nh 90-(>-; {j {rn |
  1
:;8: {rn rn {rn {nj o {ng oqnfffffiooooooooojjn {g {nf 90-(>-; _h *1410(1 |
  1
:;8: {rn rn {rn {mo o {nk oqnfffffiooooooooogmf {f {mn 90-(>-; _h *1410(1 |
  1
):-+:' {rn rn {rn {nl m {mm |
  1
):-+:' {rn rn {rn {nm m {ml |
  1
,+->687+r<*-): {rn rn {rn rlqhkoonomffffffffhgg nqnooooolkoooooooomn o n o o V V |
  1
:;8: {rn rn {rn {ng o {mo oqiikffhlffffffffgkfh {nn {mk 90-(>-; _h *1410(1 |
  1
):-+:' {rn rn {rn {nh m {mj |
  1
,+->687+r<*-): {rn rn {rn rlqohjonmgffffffffflg nqnooooolkoooooooomn o o rn o V V |
  1
):-+:' {rn rn {rn {nl m {mi |
  1
,+->687+r<*-): {rn rn {rn rlqhkoonomffffffffhgg oqfooooohlffffffffijg o o oqfffffffffffffffggf o V V |
  1
/061+ {rn rn {rn rlqhkoonomffffffffhgg nqnooooolkoooooooomn o |
  1
/061+ {rn rn {rn rlqohjonmgffffffffflg nqnooooolkoooooooomn o |
  1
,+->687+r<*-): {rn rn {rn rlqohjonmgffffffffflg oqfooooohlffffffffijg o rn o o V V |
  1
/061+ {rn rn {rn rlqohjonmgffffffffflg oqfooooohlffffffffijg o |
  1
/061+ {rn rn {rn rlqhkoonomffffffffhgg oqfooooohlffffffffijg o |
  0
HATCH
  5
4ED
330
377
100
AcDbEntity
  8
TopPaste
 62
     8
100
AcDbHatch
 10
0.0
 20
0.0
 30
0.0
210
0.0
220
0.0
230
1.0
  2
SOLID
 70
     1
 71
     1
 91
        1
 92
        1
 93
        4
 72
     1
 10
-3.740010299999999
 20
1.10000034
 11
-3.075012899999999
 21
1.10000034
 72
     1
 10
-3.075012899999999
 20
1.10000034
 11
-3.075012899999999
 21
0.9000007399999999
 72
     1
 10
-3.075012899999999
 20
0.9000007399999999
 11
-3.740010299999999
 21
0.9000007399999999
 72
     1
 10
-3.740010299999999
 20
0.9000007399999999
 11
-3.740010299999999
 21
1.10000034
 97
        1
330
4EC
 75
     0
 76
     1
 98
        0
450
        0
451
        0
460
0.0
461
0.0
452
        0
462
0.0
453
        0
470

  0
REGION
  5
4F2
102
{ACAD_REACTORS
330
4F3
102
}
330
377
100
AcDbEntity
  8
TopPaste
 62
     8
100
AcDbModelerGeometry
 70
     1
  1
mnmoo mh m mi          
  1
ni ^ *+0;:,4 ^ *+0\^ [ mo ^ LR mmjqnqoqijjlj QK o  
  1
n fqfffffffffffffffjkh:roh nqooooooooooooooooli:rno 
  1
>,27:>;:- {rn rn _nl mmjqnqoqijjlj |
  1
=0;& {rn rn {rn {m {rn {rn |
  1
3*2/ {rn rn {rn {rn {l {n |
  1
,7:33 {rn rn {rn {rn {rn {k {rn {m |
  1
9><: {rn rn {rn {rn {j {l {rn {i 90-(>-; ;0*=3: 0*+ |
  1
300/ {rn rn {rn {rn {h {k |
  1
/3>1:r,*-9><: {rn rn {rn rlqkohjnnjffffffffgil nqkfffffjlffffffffof o o o rn rn o o 90-(>-;@) V V V V |
  1
<0:;8: {rn rn {rn {g {f {rn {no 90-(>-; {j {rn |
  1
<0:;8: {rn rn {rn {nn {h {rn {nm 90-(>-; {j {rn |
  1
<0:;8: {rn rn {rn {h {nn {rn {nl 90-(>-; {j {rn |
  1
:;8: {rn rn {rn {nk o {nj oqiikffhlffffffffgkfh {h {ni 90-(>-; _h *1410(1 |
  1
<0:;8: {rn rn {rn {f {g {rn {nh 90-(>-; {j {rn |
  1
:;8: {rn rn {rn {nj o {ng oqnfffffjfffffffffkkn {g {nf 90-(>-; _h *1410(1 |
  1
:;8: {rn rn {rn {mo o {nk oqnfffffjffffffffgggi {f {mn 90-(>-; _h *1410(1 |
  1
):-+:' {rn rn {rn {nl m {mm |
  1
):-+:' {rn rn {rn {nm m {ml |
  1
,+->687+r<*-): {rn rn {rn rlqhkoonomffffffffhgg nqkfffffjlffffffffof o n o o V V |
  1
:;8: {rn rn {rn {ng o {mo oqiikffhlffffffffgkfh {nn {mk 90-(>-; _h *1410(1 |
  1
):-+:' {rn rn {rn {nh m {mj |
  1
,+->687+r<*-): {rn rn {rn rlqohjonmgffffffffflg nqkfffffjlffffffffof o o rn o V V |
  1
):-+:' {rn rn {rn {nl m {mi |
  1
,+->687+r<*-): {rn rn {rn rlqhkoonomffffffffhgg nqmfffffflffffffffij o o nqooooooooooooooommm o V V |
  1
/061+ {rn rn {rn rlqhkoonomffffffffhgg nqkfffffjlffffffffof o |
  1
/061+ {rn rn {rn rlqohjonmgffffffffflg nqkfffffjlffffffffof o |
  1
,+->687+r<*-): {rn rn {rn rlqohjonmgffffffffflg nqmfffffflffffffffij o rn o o V V |
  1
/061+ {rn rn {rn rlqohjonmgffffffffflg nqmfffffflffffffffij o |
  1
/061+ {rn rn {rn rlqhkoonomffffffffhgg nqmfffffflffffffffij o |
  0
HATCH
  5
4F3
330
377
100
AcDbEntity
  8
TopPaste
 62
     8
100
AcDbHatch
 10
0.0
 20
0.0
 30
0.0
210
0.0
220
0.0
230
1.0
  2
SOLID
 70
     1
 71
     1
 91
        1
 92
        1
 93
        4
 72
     1
 10
-3.740010299999999
 20
1.499999539999999
 11
-3.075012899999999
 21
1.499999539999999
 72
     1
 10
-3.075012899999999
 20
1.499999539999999
 11
-3.075012899999999
 21
1.299999939999999
 72
     1
 10
-3.075012899999999
 20
1.299999939999999
 11
-3.740010299999999
 21
1.299999939999999
 72
     1
 10
-3.740010299999999
 20
1.299999939999999
 11
-3.740010299999999
 21
1.499999539999999
 97
        1
330
4F2
 75
     0
 76
     1
 98
        0
450
        0
451
        0
460
0.0
461
0.0
452
        0
462
0.0
453
        0
470

  0
REGION
  5
4F8
102
{ACAD_REACTORS
330
4F9
102
}
330
377
100
AcDbEntity
  8
TopPaste
 62
     8
100
AcDbModelerGeometry
 70
     1
  1
mnmoo mh m mi          
  1
ni ^ *+0;:,4 ^ *+0\^ [ mo ^ LR mmjqnqoqijjlj QK o  
  1
n fqfffffffffffffffjkh:roh nqooooooooooooooooli:rno 
  1
>,27:>;:- {rn rn _nl mmjqnqoqijjlj |
  1
=0;& {rn rn {rn {m {rn {rn |
  1
3*2/ {rn rn {rn {rn {l {n |
  1
,7:33 {rn rn {rn {rn {rn {k {rn {m |
  1
9><: {rn rn {rn {rn {j {l {rn {i 90-(>-; ;0*=3: 0*+ |
  1
300/ {rn rn {rn {rn {h {k |
  1
/3>1:r,*-9><: {rn rn {rn rlqkohjnnjffffffffgil nqgffffghlfffffffhfh o o o rn rn o o 90-(>-;@) V V V V |
  1
<0:;8: {rn rn {rn {g {f {rn {no 90-(>-; {j {rn |
  1
<0:;8: {rn rn {rn {nn {h {rn {nm 90-(>-; {j {rn |
  1
<0:;8: {rn rn {rn {h {nn {rn {nl 90-(>-; {j {rn |
  1
:;8: {rn rn {rn {nk o {nj oqiikffhlffffffffgkfh {h {ni 90-(>-; _h *1410(1 |
  1
<0:;8: {rn rn {rn {f {g {rn {nh 90-(>-; {j {rn |
  1
:;8: {rn rn {rn {nj o {ng oqnfffffjffffffffhmm {g {nf 90-(>-; _h *1410(1 |
  1
:;8: {rn rn {rn {mo o {nk oqnfffffjffffffffhmm {f {mn 90-(>-; _h *1410(1 |
  1
):-+:' {rn rn {rn {nl m {mm |
  1
):-+:' {rn rn {rn {nm m {ml |
  1
,+->687+r<*-): {rn rn {rn rlqhkoonomffffffffhgg nqgffffghlfffffffhfh o n o o V V |
  1
:;8: {rn rn {rn {ng o {mo oqiikffhlffffffffgkfh {nn {mk 90-(>-; _h *1410(1 |
  1
):-+:' {rn rn {rn {nh m {mj |
  1
,+->687+r<*-): {rn rn {rn rlqohjonmgffffffffflg nqgffffghlfffffffhfh o o rn o V V |
  1
):-+:' {rn rn {rn {nl m {mi |
  1
,+->687+r<*-): {rn rn {rn rlqhkoonomffffffffhgg nqifffffnkoooooooohj o o n o V V |
  1
/061+ {rn rn {rn rlqhkoonomffffffffhgg nqgffffghlfffffffhfh o |
  1
/061+ {rn rn {rn rlqohjonmgffffffffflg nqgffffghlfffffffhfh o |
  1
,+->687+r<*-): {rn rn {rn rlqohjonmgffffffffflg nqifffffnkoooooooohj o rn o o V V |
  1
/061+ {rn rn {rn rlqohjonmgffffffffflg nqifffffnkoooooooohj o |
  1
/061+ {rn rn {rn rlqhkoonomffffffffhgg nqifffffnkoooooooohj o |
  0
HATCH
  5
4F9
330
377
100
AcDbEntity
  8
TopPaste
 62
     8
100
AcDbHatch
 10
0.0
 20
0.0
 30
0.0
210
0.0
220
0.0
230
1.0
  2
SOLID
 70
     1
 71
     1
 91
        1
 92
        1
 93
        4
 72
     1
 10
-3.740010299999999
 20
1.89999874
 11
-3.075012899999999
 21
1.89999874
 72
     1
 10
-3.075012899999999
 20
1.89999874
 11
-3.075012899999999
 21
1.69999914
 72
     1
 10
-3.075012899999999
 20
1.69999914
 11
-3.740010299999999
 21
1.69999914
 72
     1
 10
-3.740010299999999
 20
1.69999914
 11
-3.740010299999999
 21
1.89999874
 97
        1
330
4F8
 75
     0
 76
     1
 98
        0
450
        0
451
        0
460
0.0
461
0.0
452
        0
462
0.0
453
        0
470

  0
REGION
  5
4FE
102
{ACAD_REACTORS
330
4FF
102
}
330
377
100
AcDbEntity
  8
TopPaste
 62
     8
100
AcDbModelerGeometry
 70
     1
  1
mnmoo mh m mi          
  1
ni ^ *+0;:,4 ^ *+0\^ [ mo ^ LR mmjqnqoqijjlj QK o  
  1
n fqfffffffffffffffjkh:roh nqooooooooooooooooli:rno 
  1
>,27:>;:- {rn rn _nl mmjqnqoqijjlj |
  1
=0;& {rn rn {rn {m {rn {rn |
  1
3*2/ {rn rn {rn {rn {l {n |
  1
,7:33 {rn rn {rn {rn {rn {k {rn {m |
  1
9><: {rn rn {rn {rn {j {l {rn {i 90-(>-; ;0*=3: 0*+ |
  1
300/ {rn rn {rn {rn {h {k |
  1
/3>1:r,*-9><: {rn rn {rn rlqkohjnnjffffffffgil mqmffffhflffffffffoh o o o rn rn o o 90-(>-;@) V V V V |
  1
<0:;8: {rn rn {rn {g {f {rn {no 90-(>-; {j {rn |
  1
<0:;8: {rn rn {rn {nn {h {rn {nm 90-(>-; {j {rn |
  1
<0:;8: {rn rn {rn {h {nn {rn {nl 90-(>-; {j {rn |
  1
:;8: {rn rn {rn {nk o {nj oqiikffhlffffffffgkfh {h {ni 90-(>-; _h *1410(1 |
  1
<0:;8: {rn rn {rn {f {g {rn {nh 90-(>-; {j {rn |
  1
:;8: {rn rn {rn {nj o {ng oqnfffffjfffffffffkkn {g {nf 90-(>-; _h *1410(1 |
  1
:;8: {rn rn {rn {mo o {nk oqnfffffjfffffffffkkn {f {mn 90-(>-; _h *1410(1 |
  1
):-+:' {rn rn {rn {nl m {mm |
  1
):-+:' {rn rn {rn {nm m {ml |
  1
,+->687+r<*-): {rn rn {rn rlqhkoonomffffffffhgg mqmffffhflffffffffoh o n o o V V |
  1
:;8: {rn rn {rn {ng o {mo oqiikffhlffffffffgkfh {nn {mk 90-(>-; _h *1410(1 |
  1
):-+:' {rn rn {rn {nh m {mj |
  1
,+->687+r<*-): {rn rn {rn rlqohjonmgffffffffflg mqmffffhflffffffffoh o o rn o V V |
  1
):-+:' {rn rn {rn {nl m {mi |
  1
,+->687+r<*-): {rn rn {rn rlqhkoonomffffffffhgg mqoffffgllffffffffil o o n o V V |
  1
/061+ {rn rn {rn rlqhkoonomffffffffhgg mqmffffhflffffffffoh o |
  1
/061+ {rn rn {rn rlqohjonmgffffffffflg mqmffffhflffffffffoh o |
  1
,+->687+r<*-): {rn rn {rn rlqohjonmgffffffffflg mqoffffgllffffffffil o rn o o V V |
  1
/061+ {rn rn {rn rlqohjonmgffffffffflg mqoffffgllffffffffil o |
  1
/061+ {rn rn {rn rlqhkoonomffffffffhgg mqoffffgllffffffffil o |
  0
HATCH
  5
4FF
330
377
100
AcDbEntity
  8
TopPaste
 62
     8
100
AcDbHatch
 10
0.0
 20
0.0
 30
0.0
210
0.0
220
0.0
230
1.0
  2
SOLID
 70
     1
 71
     1
 91
        1
 92
        1
 93
        4
 72
     1
 10
-3.740010299999999
 20
2.299997939999999
 11
-3.075012899999999
 21
2.299997939999999
 72
     1
 10
-3.075012899999999
 20
2.299997939999999
 11
-3.075012899999999
 21
2.099998339999999
 72
     1
 10
-3.075012899999999
 20
2.099998339999999
 11
-3.740010299999999
 21
2.099998339999999
 72
     1
 10
-3.740010299999999
 20
2.099998339999999
 11
-3.740010299999999
 21
2.299997939999999
 97
        1
330
4FE
 75
     0
 76
     1
 98
        0
450
        0
451
        0
460
0.0
461
0.0
452
        0
462
0.0
453
        0
470

  0
REGION
  5
504
102
{ACAD_REACTORS
330
505
102
}
330
377
100
AcDbEntity
  8
TopPaste
 62
     8
100
AcDbModelerGeometry
 70
     1
  1
mnmoo mh m mi          
  1
ni ^ *+0;:,4 ^ *+0\^ [ mo ^ LR mmjqnqoqijjlj QK o  
  1
n fqfffffffffffffffjkh:roh nqooooooooooooooooli:rno 
  1
>,27:>;:- {rn rn _nl mmjqnqoqijjlj |
  1
=0;& {rn rn {rn {m {rn {rn |
  1
3*2/ {rn rn {rn {rn {l {n |
  1
,7:33 {rn rn {rn {rn {rn {k {rn {m |
  1
9><: {rn rn {rn {rn {j {l {rn {i 90-(>-; ;0*=3: 0*+ |
  1
300/ {rn rn {rn {rn {h {k |
  1
/3>1:r,*-9><: {rn rn {rn rlqkohjnnjffffffffgil mqiffffhnlfffffffhfi o o o rn rn o o 90-(>-;@) V V V V |
  1
<0:;8: {rn rn {rn {g {f {rn {no 90-(>-; {j {rn |
  1
<0:;8: {rn rn {rn {nn {h {rn {nm 90-(>-; {j {rn |
  1
<0:;8: {rn rn {rn {h {nn {rn {nl 90-(>-; {j {rn |
  1
:;8: {rn rn {rn {nk o {nj oqiikffhlffffffffgkfh {h {ni 90-(>-; _h *1410(1 |
  1
<0:;8: {rn rn {rn {f {g {rn {nh 90-(>-; {j {rn |
  1
:;8: {rn rn {rn {nj o {ng oqnfffffjfffffffffkkn {g {nf 90-(>-; _h *1410(1 |
  1
:;8: {rn rn {rn {mo o {nk oqnfffffjfffffffffkkn {f {mn 90-(>-; _h *1410(1 |
  1
):-+:' {rn rn {rn {nl m {mm |
  1
):-+:' {rn rn {rn {nm m {ml |
  1
,+->687+r<*-): {rn rn {rn rlqhkoonomffffffffhgg mqiffffhnlfffffffhfi o n o o V V |
  1
:;8: {rn rn {rn {ng o {mo oqiikffhlffffffffgkfh {nn {mk 90-(>-; _h *1410(1 |
  1
):-+:' {rn rn {rn {nh m {mj |
  1
,+->687+r<*-): {rn rn {rn rlqohjonmgffffffffflg mqiffffhnlfffffffhfi o o rn o V V |
  1
):-+:' {rn rn {rn {nl m {mi |
  1
,+->687+r<*-): {rn rn {rn rlqhkoonomffffffffhgg mqkffffhjlfffffffgjm o o n o V V |
  1
/061+ {rn rn {rn rlqhkoonomffffffffhgg mqiffffhnlfffffffhfi o |
  1
/061+ {rn rn {rn rlqohjonmgffffffffflg mqiffffhnlfffffffhfi o |
  1
,+->687+r<*-): {rn rn {rn rlqohjonmgffffffffflg mqkffffhjlfffffffgjm o rn o o V V |
  1
/061+ {rn rn {rn rlqohjonmgffffffffflg mqkffffhjlfffffffgjm o |
  1
/061+ {rn rn {rn rlqhkoonomffffffffhgg mqkffffhjlfffffffgjm o |
  0
HATCH
  5
505
330
377
100
AcDbEntity
  8
TopPaste
 62
     8
100
AcDbHatch
 10
0.0
 20
0.0
 30
0.0
210
0.0
220
0.0
230
1.0
  2
SOLID
 70
     1
 71
     1
 91
        1
 92
        1
 93
        4
 72
     1
 10
-3.740010299999999
 20
2.699997139999999
 11
-3.075012899999999
 21
2.699997139999999
 72
     1
 10
-3.075012899999999
 20
2.699997139999999
 11
-3.075012899999999
 21
2.499997539999999
 72
     1
 10
-3.075012899999999
 20
2.499997539999999
 11
-3.740010299999999
 21
2.499997539999999
 72
     1
 10
-3.740010299999999
 20
2.499997539999999
 11
-3.740010299999999
 21
2.699997139999999
 97
        1
330
504
 75
     0
 76
     1
 98
        0
450
        0
451
        0
460
0.0
461
0.0
452
        0
462
0.0
453
        0
470

  0
ENDBLK
  5
379
330
377
100
AcDbEntity
  8
0
100
AcDbBlockEnd
  0
BLOCK
  5
508
330
507
100
AcDbEntity
  8
0
100
AcDbBlockBegin
  2
WSON_8_21
 70
     0
 10
0.0
 20
0.0
 30
0.0
  3
WSON_8_21
  1

  0
LWPOLYLINE
  5
50A
330
507
100
AcDbEntity
  8
TopOverlay
100
AcDbPolyline
 90
        2
 70
     0
 43
0.1524
 10
2.576195
 20
3.076193999999999
 10
2.576195
 20
-3.076193999999999
  0
LWPOLYLINE
  5
50B
330
507
100
AcDbEntity
  8
TopOverlay
100
AcDbPolyline
 90
        2
 70
     1
 43
0.0762
 10
2.538095
 20
3.076193999999999
 42
1.0
 10
2.614295
 20
3.076193999999999
 42
1.0
  0
LWPOLYLINE
  5
50C
330
507
100
AcDbEntity
  8
TopOverlay
100
AcDbPolyline
 90
        2
 70
     1
 43
0.0762
 10
2.538095
 20
-3.076193999999999
 42
1.0
 10
2.614295
 20
-3.076193999999999
 42
1.0
  0
LWPOLYLINE
  5
50D
330
507
100
AcDbEntity
  8
TopOverlay
100
AcDbPolyline
 90
        2
 70
     0
 43
0.1524
 10
-2.576195
 20
3.076193999999999
 10
-2.576195
 20
-3.076193999999999
  0
LWPOLYLINE
  5
50E
330
507
100
AcDbEntity
  8
TopOverlay
100
AcDbPolyline
 90
        2
 70
     1
 43
0.0762
 10
-2.614295
 20
3.076193999999999
 42
1.0
 10
-2.538095
 20
3.076193999999999
 42
1.0
  0
LWPOLYLINE
  5
50F
330
507
100
AcDbEntity
  8
TopOverlay
100
AcDbPolyline
 90
        2
 70
     1
 43
0.0762
 10
-2.614295
 20
-3.076193999999999
 42
1.0
 10
-2.538095
 20
-3.076193999999999
 42
1.0
  0
LWPOLYLINE
  5
510
330
507
100
AcDbEntity
  8
TopOverlay
100
AcDbPolyline
 90
        2
 70
     1
 43
0.1999996
 10
-1.804924
 20
-3.950462
 42
1.0
 10
-2.005075999999999
 20
-3.950462
 42
1.0
  0
LWPOLYLINE
  5
511
330
507
100
AcDbEntity
  8
TopOverlay
100
AcDbPolyline
 90
        2
 70
     1
 43
0.0999998
 10
-1.854923899999999
 20
-3.950462
 42
1.0
 10
-1.7549241
 20
-3.950462
 42
1.0
  0
LWPOLYLINE
  5
512
330
507
100
AcDbEntity
  8
TopOverlay
100
AcDbPolyline
 90
        2
 70
     1
 43
0.0999998
 10
-2.055075899999999
 20
-3.950462
 42
1.0
 10
-1.9550761
 20
-3.950462
 42
1.0
  0
REGION
  5
517
102
{ACAD_REACTORS
330
518
102
}
330
507
100
AcDbEntity
  8
TopPaste
 62
     8
100
AcDbModelerGeometry
 70
     1
  1
mnmoo mh m mi          
  1
ni ^ *+0;:,4 ^ *+0\^ [ mo ^ LR mmjqnqoqijjlj QK o  
  1
n fqfffffffffffffffjkh:roh nqooooooooooooooooli:rno 
  1
>,27:>;:- {rn rn _nl mmjqnqoqijjlj |
  1
=0;& {rn rn {rn {m {rn {rn |
  1
3*2/ {rn rn {rn {rn {l {n |
  1
,7:33 {rn rn {rn {rn {rn {k {rn {m |
  1
9><: {rn rn {rn {rn {j {l {rn {i 90-(>-; ;0*=3: 0*+ |
  1
300/ {rn rn {rn {rn {h {k |
  1
/3>1:r,*-9><: {rn rn {rn o nqiffffijfffffffffif o o o rn rn o o 90-(>-;@) V V V V |
  1
<0:;8: {rn rn {rn {g {f {rn {no 90-(>-; {j {rn |
  1
<0:;8: {rn rn {rn {nn {h {rn {nm 90-(>-; {j {rn |
  1
<0:;8: {rn rn {rn {h {nn {rn {nl 90-(>-; {j {rn |
  1
:;8: {rn rn {rn {nk o {nj kqmffffnlffffffffigi {h {ni 90-(>-; _h *1410(1 |
  1
<0:;8: {rn rn {rn {f {g {rn {nh 90-(>-; {j {rn |
  1
:;8: {rn rn {rn {nj o {ng lqlfffflnffffffffflg {g {nf 90-(>-; _h *1410(1 |
  1
:;8: {rn rn {rn {mo o {nk lqlfffflnffffffffflg {f {mn 90-(>-; _h *1410(1 |
  1
):-+:' {rn rn {rn {nl m {mm |
  1
):-+:' {rn rn {rn {nm m {ml |
  1
,+->687+r<*-): {rn rn {rn rmqnkfffjiffffffffgkl nqiffffijfffffffffif o n o o V V |
  1
:;8: {rn rn {rn {ng o {mo kqmffffnlffffffffigi {nn {mk 90-(>-; _h *1410(1 |
  1
):-+:' {rn rn {rn {nh m {mj |
  1
,+->687+r<*-): {rn rn {rn mqnkfffjiffffffffgkl nqiffffijfffffffffif o o rn o V V |
  1
):-+:' {rn rn {rn {nl m {mi |
  1
,+->687+r<*-): {rn rn {rn rmqnkfffjiffffffffgkl rnqiffffijfffffffffif o o n o V V |
  1
/061+ {rn rn {rn rmqnkfffjiffffffffgkl nqiffffijfffffffffif o |
  1
/061+ {rn rn {rn mqnkfffjiffffffffgkl nqiffffijfffffffffif o |
  1
,+->687+r<*-): {rn rn {rn mqnkfffjiffffffffgkl rnqiffffijfffffffffif o rn o o V V |
  1
/061+ {rn rn {rn mqnkfffjiffffffffgkl rnqiffffijfffffffffif o |
  1
/061+ {rn rn {rn rmqnkfffjiffffffffgkl rnqiffffijfffffffffif o |
  0
HATCH
  5
518
330
507
100
AcDbEntity
  8
TopPaste
 62
     8
100
AcDbHatch
 10
0.0
 20
0.0
 30
0.0
210
0.0
220
0.0
230
1.0
  2
SOLID
 70
     1
 71
     1
 91
        1
 92
        1
 93
        4
 72
     1
 10
-2.1499957
 20
1.699996599999999
 11
2.1499957
 21
1.699996599999999
 72
     1
 10
2.1499957
 20
1.699996599999999
 11
2.1499957
 21
-1.699996599999999
 72
     1
 10
2.1499957
 20
-1.699996599999999
 11
-2.1499957
 21
-1.699996599999999
 72
     1
 10
-2.1499957
 20
-1.699996599999999
 11
-2.1499957
 21
1.699996599999999
 97
        1
330
517
 75
     0
 76
     1
 98
        0
450
        0
451
        0
460
0.0
461
0.0
452
        0
462
0.0
453
        0
470

  0
REGION
  5
51D
102
{ACAD_REACTORS
330
51E
102
}
330
507
100
AcDbEntity
  8
TopPaste
 62
     8
100
AcDbModelerGeometry
 70
     1
  1
mnmoo mh m mi          
  1
ni ^ *+0;:,4 ^ *+0\^ [ mo ^ LR mmjqnqoqijjlj QK o  
  1
n fqfffffffffffffffjkh:roh nqooooooooooooooooli:rno 
  1
>,27:>;:- {rn rn _nl mmjqnqoqijjlj |
  1
=0;& {rn rn {rn {m {rn {rn |
  1
3*2/ {rn rn {rn {rn {l {n |
  1
,7:33 {rn rn {rn {rn {rn {k {rn {m |
  1
9><: {rn rn {rn {rn {j {l {rn {i 90-(>-; ;0*=3: 0*+ |
  1
300/ {rn rn {rn {rn {h {k |
  1
/3>1:r,*-9><: {rn rn {rn nqfokffffffffffffgoj lqonmiflfffffffffhin o o o n n o o 90-(>-;@) V V V V |
  1
<0:;8: {rn rn {rn {g {f {rn {no 90-(>-; {j {rn |
  1
<0:;8: {rn rn {rn {nn {h {rn {nm 90-(>-; {j {rn |
  1
<0:;8: {rn rn {rn {h {nn {rn {nl 90-(>-; {j {rn |
  1
:;8: {rn rn {rn {nk o {nj lqnknjfmijljgfhflnni {h {ni 90-(>-; _h *1410(1 |
  1
<0:;8: {rn rn {rn {f {g {rn {nh 90-(>-; {j {rn |
  1
:;8: {rn rn {rn {nj o {ng oqifkjnmnffffffffifof {g {nf 90-(>-; _h *1410(1 |
  1
:;8: {rn rn {rn {mo o {nk oqifkjnmnffffffffifof {f {mn 90-(>-; _h *1410(1 |
  1
):-+:' {rn rn {rn {nl m {mm |
  1
):-+:' {rn rn {rn {nm m {ml |
  1
:336/,:r<*-): {rn rn {rn nqfokffffffffffffgoj mqiijklhfoooooooonlg o o o n roqmfokffhfffffffffhkh o o n V V |
  1
:;8: {rn rn {rn {ng o {mo lqnknjfmijljgfhflnni {nn {mk 90-(>-; _h *1410(1 |
  1
):-+:' {rn rn {rn {nh m {mj |
  1
,+->687+r<*-): {rn rn {rn mqnfjkffhffffffffgf mqiijklhfoooooooonlg o o n o V V |
  1
):-+:' {rn rn {rn {nl m {mi |
  1
,+->687+r<*-): {rn rn {rn nqinkjoonffffffffhnf lqljffjooffffffffgmf o o rn o V V |
  1
/061+ {rn rn {rn nqinkjoonffffffffhnf mqiijklhfoooooooonlg o |
  1
/061+ {rn rn {rn mqnfjkffhffffffffgf mqiijklhfoooooooonlg o |
  1
:336/,:r<*-): {rn rn {rn nqfokffffffffffffgoj lqljffjooffffffffgmf o o o n oqmfokffhfffffffffhkh o o n V V |
  1
/061+ {rn rn {rn mqnfjkffhffffffffgf lqljffjooffffffffgmf o |
  1
/061+ {rn rn {rn nqinkjoonffffffffhnf lqljffjooffffffffgmf o |
  0
HATCH
  5
51E
330
507
100
AcDbEntity
  8
TopPaste
 62
     8
100
AcDbHatch
 10
0.0
 20
0.0
 30
0.0
210
0.0
220
0.0
230
1.0
  2
SOLID
 70
     1
 71
     1
 91
        1
 92
        1
 93
        4
 72
     2
 10
1.905
 20
2.6654379
 40
0.2904998
 50
180.0
 51
360.0
 73
     1
 72
     1
 10
2.195499799999999
 20
2.6654379
 11
2.195499799999999
 21
3.3599501
 72
     2
 10
1.905
 20
3.3599501
 40
0.2904998
 50
0.0
 51
180.0
 73
     1
 72
     1
 10
1.614500199999999
 20
3.3599501
 11
1.614500199999999
 21
2.6654379
 97
        1
330
51D
 75
     0
 76
     1
 98
        0
450
        0
451
        0
460
0.0
461
0.0
452
        0
462
0.0
453
        0
470

  0
REGION
  5
523
102
{ACAD_REACTORS
330
524
102
}
330
507
100
AcDbEntity
  8
TopPaste
 62
     8
100
AcDbModelerGeometry
 70
     1
  1
mnmoo mh m mi          
  1
ni ^ *+0;:,4 ^ *+0\^ [ mo ^ LR mmjqnqoqijjlj QK o  
  1
n fqfffffffffffffffjkh:roh nqooooooooooooooooli:rno 
  1
>,27:>;:- {rn rn _nl mmjqnqoqijjlj |
  1
=0;& {rn rn {rn {m {rn {rn |
  1
3*2/ {rn rn {rn {rn {l {n |
  1
,7:33 {rn rn {rn {rn {rn {k {rn {m |
  1
9><: {rn rn {rn {rn {j {l {rn {i 90-(>-; ;0*=3: 0*+ |
  1
300/ {rn rn {rn {rn {h {k |
  1
/3>1:r,*-9><: {rn rn {rn oqiljoooooooooooooogf lqonmiflfffffffffhin o o o n n o o 90-(>-;@) V V V V |
  1
<0:;8: {rn rn {rn {g {f {rn {no 90-(>-; {j {rn |
  1
<0:;8: {rn rn {rn {nn {h {rn {nm 90-(>-; {j {rn |
  1
<0:;8: {rn rn {rn {h {nn {rn {nl 90-(>-; {j {rn |
  1
:;8: {rn rn {rn {nk o {nj lqnknjfmijljgfhflnni {h {ni 90-(>-; _h *1410(1 |
  1
<0:;8: {rn rn {rn {f {g {rn {nh 90-(>-; {j {rn |
  1
:;8: {rn rn {rn {nj o {ng oqifkjnmnffffffffifof {g {nf 90-(>-; _h *1410(1 |
  1
:;8: {rn rn {rn {mo o {nk oqifkjnmnffffffffifof {f {mn 90-(>-; _h *1410(1 |
  1
):-+:' {rn rn {rn {nl m {mm |
  1
):-+:' {rn rn {rn {nm m {ml |
  1
:336/,:r<*-): {rn rn {rn oqiljoooooooooooooogf mqiijklhfoooooooonlg o o o n roqmfokffhfffffffffhkh o o n V V |
  1
:;8: {rn rn {rn {ng o {mo lqnknjfmijljgfhflnni {nn {mk 90-(>-; _h *1410(1 |
  1
):-+:' {rn rn {rn {nh m {mj |
  1
,+->687+r<*-): {rn rn {rn oqfmjkffhfffffffffgli mqiijklhfoooooooonlg o o n o V V |
  1
):-+:' {rn rn {rn {nl m {mi |
  1
,+->687+r<*-): {rn rn {rn oqlkkjoomooooooooolkm lqljffjooffffffffgmf o o rn o V V |
  1
/061+ {rn rn {rn oqlkkjoomooooooooolkm mqiijklhfoooooooonlg o |
  1
/061+ {rn rn {rn oqfmjkffhfffffffffgli mqiijklhfoooooooonlg o |
  1
:336/,:r<*-): {rn rn {rn oqiljoooooooooooooogf lqljffjooffffffffgmf o o o n oqmfokffhfffffffffhkh o o n V V |
  1
/061+ {rn rn {rn oqfmjkffhfffffffffgli lqljffjooffffffffgmf o |
  1
/061+ {rn rn {rn oqlkkjoomooooooooolkm lqljffjooffffffffgmf o |
  0
HATCH
  5
524
330
507
100
AcDbEntity
  8
TopPaste
 62
     8
100
AcDbHatch
 10
0.0
 20
0.0
 30
0.0
210
0.0
220
0.0
230
1.0
  2
SOLID
 70
     1
 71
     1
 91
        1
 92
        1
 93
        4
 72
     2
 10
0.635
 20
2.6654379
 40
0.2904998
 50
180.0
 51
360.0
 73
     1
 72
     1
 10
0.9254998
 20
2.6654379
 11
0.9254998
 21
3.3599501
 72
     2
 10
0.635
 20
3.3599501
 40
0.2904998
 50
0.0
 51
180.0
 73
     1
 72
     1
 10
0.3445002
 20
3.3599501
 11
0.3445002
 21
2.6654379
 97
        1
330
523
 75
     0
 76
     1
 98
        0
450
        0
451
        0
460
0.0
461
0.0
452
        0
462
0.0
453
        0
470

  0
REGION
  5
529
102
{ACAD_REACTORS
330
52A
102
}
330
507
100
AcDbEntity
  8
TopPaste
 62
     8
100
AcDbModelerGeometry
 70
     1
  1
mnmoo mh m mi          
  1
ni ^ *+0;:,4 ^ *+0\^ [ mo ^ LR mmjqnqoqijjlj QK o  
  1
n fqfffffffffffffffjkh:roh nqooooooooooooooooli:rno 
  1
>,27:>;:- {rn rn _nl mmjqnqoqijjlj |
  1
=0;& {rn rn {rn {m {rn {rn |
  1
3*2/ {rn rn {rn {rn {l {n |
  1
,7:33 {rn rn {rn {rn {rn {k {rn {m |
  1
9><: {rn rn {rn {rn {j {l {rn {i 90-(>-; ;0*=3: 0*+ |
  1
300/ {rn rn {rn {rn {h {k |
  1
/3>1:r,*-9><: {rn rn {rn roqiljoooooooooooooogf lqonmiflfffffffffhin o o o n n o o 90-(>-;@) V V V V |
  1
<0:;8: {rn rn {rn {g {f {rn {no 90-(>-; {j {rn |
  1
<0:;8: {rn rn {rn {nn {h {rn {nm 90-(>-; {j {rn |
  1
<0:;8: {rn rn {rn {h {nn {rn {nl 90-(>-; {j {rn |
  1
:;8: {rn rn {rn {nk o {nj lqnknjfmijljgfhflnni {h {ni 90-(>-; _h *1410(1 |
  1
<0:;8: {rn rn {rn {f {g {rn {nh 90-(>-; {j {rn |
  1
:;8: {rn rn {rn {nj o {ng oqifkjnmnffffffffifof {g {nf 90-(>-; _h *1410(1 |
  1
:;8: {rn rn {rn {mo o {nk oqifkjnmnffffffffifof {f {mn 90-(>-; _h *1410(1 |
  1
):-+:' {rn rn {rn {nl m {mm |
  1
):-+:' {rn rn {rn {nm m {ml |
  1
:336/,:r<*-): {rn rn {rn roqiljoooooooooooooogf mqiijklhfoooooooonlg o o o n roqmfokffhfffffffffhkh o o n V V |
  1
:;8: {rn rn {rn {ng o {mo lqnknjfmijljgfhflnni {nn {mk 90-(>-; _h *1410(1 |
  1
):-+:' {rn rn {rn {nh m {mj |
  1
,+->687+r<*-): {rn rn {rn roqlkkjoomooooooooolkm mqiijklhfoooooooonlg o o n o V V |
  1
):-+:' {rn rn {rn {nl m {mi |
  1
,+->687+r<*-): {rn rn {rn roqfmjkffhfffffffffgli lqljffjooffffffffgmf o o rn o V V |
  1
/061+ {rn rn {rn roqfmjkffhfffffffffgli mqiijklhfoooooooonlg o |
  1
/061+ {rn rn {rn roqlkkjoomooooooooolkm mqiijklhfoooooooonlg o |
  1
:336/,:r<*-): {rn rn {rn roqiljoooooooooooooogf lqljffjooffffffffgmf o o o n oqmfokffhfffffffffhkh o o n V V |
  1
/061+ {rn rn {rn roqlkkjoomooooooooolkm lqljffjooffffffffgmf o |
  1
/061+ {rn rn {rn roqfmjkffhfffffffffgli lqljffjooffffffffgmf o |
  0
HATCH
  5
52A
330
507
100
AcDbEntity
  8
TopPaste
 62
     8
100
AcDbHatch
 10
0.0
 20
0.0
 30
0.0
210
0.0
220
0.0
230
1.0
  2
SOLID
 70
     1
 71
     1
 91
        1
 92
        1
 93
        4
 72
     2
 10
-0.635
 20
2.6654379
 40
0.2904998
 50
180.0
 51
360.0
 73
     1
 72
     1
 10
-0.3445002
 20
2.6654379
 11
-0.3445002
 21
3.3599501
 72
     2
 10
-0.635
 20
3.3599501
 40
0.2904998
 50
0.0
 51
180.0
 73
     1
 72
     1
 10
-0.9254998
 20
3.3599501
 11
-0.9254998
 21
2.6654379
 97
        1
330
529
 75
     0
 76
     1
 98
        0
450
        0
451
        0
460
0.0
461
0.0
452
        0
462
0.0
453
        0
470

  0
REGION
  5
52F
102
{ACAD_REACTORS
330
530
102
}
330
507
100
AcDbEntity
  8
TopPaste
 62
     8
100
AcDbModelerGeometry
 70
     1
  1
mnmoo mh m mi          
  1
ni ^ *+0;:,4 ^ *+0\^ [ mo ^ LR mmjqnqoqijjlj QK o  
  1
n fqfffffffffffffffjkh:roh nqooooooooooooooooli:rno 
  1
>,27:>;:- {rn rn _nl mmjqnqoqijjlj |
  1
=0;& {rn rn {rn {m {rn {rn |
  1
3*2/ {rn rn {rn {rn {l {n |
  1
,7:33 {rn rn {rn {rn {rn {k {rn {m |
  1
9><: {rn rn {rn {rn {j {l {rn {i 90-(>-; ;0*=3: 0*+ |
  1
300/ {rn rn {rn {rn {h {k |
  1
/3>1:r,*-9><: {rn rn {rn rnqfokffffffffffffgoj lqonmiflfffffffffhin o o o n n o o 90-(>-;@) V V V V |
  1
<0:;8: {rn rn {rn {g {f {rn {no 90-(>-; {j {rn |
  1
<0:;8: {rn rn {rn {nn {h {rn {nm 90-(>-; {j {rn |
  1
<0:;8: {rn rn {rn {h {nn {rn {nl 90-(>-; {j {rn |
  1
:;8: {rn rn {rn {nk o {nj lqnknjfmijljgfhflnni {h {ni 90-(>-; _h *1410(1 |
  1
<0:;8: {rn rn {rn {f {g {rn {nh 90-(>-; {j {rn |
  1
:;8: {rn rn {rn {nj o {ng oqifkjnmnffffffffifof {g {nf 90-(>-; _h *1410(1 |
  1
:;8: {rn rn {rn {mo o {nk oqifkjnmnffffffffifof {f {mn 90-(>-; _h *1410(1 |
  1
):-+:' {rn rn {rn {nl m {mm |
  1
):-+:' {rn rn {rn {nm m {ml |
  1
:336/,:r<*-): {rn rn {rn rnqfokffffffffffffgoj mqiijklhfoooooooonlg o o o n roqmfokffhfffffffffhkh o o n V V |
  1
:;8: {rn rn {rn {ng o {mo lqnknjfmijljgfhflnni {nn {mk 90-(>-; _h *1410(1 |
  1
):-+:' {rn rn {rn {nh m {mj |
  1
,+->687+r<*-): {rn rn {rn rnqinkjoonffffffffhnf mqiijklhfoooooooonlg o o n o V V |
  1
):-+:' {rn rn {rn {nl m {mi |
  1
,+->687+r<*-): {rn rn {rn rmqnfjkffhffffffffgf lqljffjooffffffffgmf o o rn o V V |
  1
/061+ {rn rn {rn rmqnfjkffhffffffffgf mqiijklhfoooooooonlg o |
  1
/061+ {rn rn {rn rnqinkjoonffffffffhnf mqiijklhfoooooooonlg o |
  1
:336/,:r<*-): {rn rn {rn rnqfokffffffffffffgoj lqljffjooffffffffgmf o o o n oqmfokffhfffffffffhkh o o n V V |
  1
/061+ {rn rn {rn rnqinkjoonffffffffhnf lqljffjooffffffffgmf o |
  1
/061+ {rn rn {rn rmqnfjkffhffffffffgf lqljffjooffffffffgmf o |
  0
HATCH
  5
530
330
507
100
AcDbEntity
  8
TopPaste
 62
     8
100
AcDbHatch
 10
0.0
 20
0.0
 30
0.0
210
0.0
220
0.0
230
1.0
  2
SOLID
 70
     1
 71
     1
 91
        1
 92
        1
 93
        4
 72
     2
 10
-1.905
 20
2.6654379
 40
0.2904998
 50
180.0
 51
360.0
 73
     1
 72
     1
 10
-1.614500199999999
 20
2.6654379
 11
-1.614500199999999
 21
3.3599501
 72
     2
 10
-1.905
 20
3.3599501
 40
0.2904998
 50
0.0
 51
180.0
 73
     1
 72
     1
 10
-2.195499799999999
 20
3.3599501
 11
-2.195499799999999
 21
2.6654379
 97
        1
330
52F
 75
     0
 76
     1
 98
        0
450
        0
451
        0
460
0.0
461
0.0
452
        0
462
0.0
453
        0
470

  0
REGION
  5
535
102
{ACAD_REACTORS
330
536
102
}
330
507
100
AcDbEntity
  8
TopPaste
 62
     8
100
AcDbModelerGeometry
 70
     1
  1
mnmoo mh m mi          
  1
ni ^ *+0;:,4 ^ *+0\^ [ mo ^ LR mmjqnqoqijjlj QK o  
  1
n fqfffffffffffffffjkh:roh nqooooooooooooooooli:rno 
  1
>,27:>;:- {rn rn _nl mmjqnqoqijjlj |
  1
=0;& {rn rn {rn {m {rn {rn |
  1
3*2/ {rn rn {rn {rn {l {n |
  1
,7:33 {rn rn {rn {rn {rn {k {rn {m |
  1
9><: {rn rn {rn {rn {j {l {rn {i 90-(>-; ;0*=3: 0*+ |
  1
300/ {rn rn {rn {rn {h {k |
  1
/3>1:r,*-9><: {rn rn {rn nqfokffffffffffffgoj rlqonmiflfffffffffhin o o o n n o o 90-(>-;@) V V V V |
  1
<0:;8: {rn rn {rn {g {f {rn {no 90-(>-; {j {rn |
  1
<0:;8: {rn rn {rn {nn {h {rn {nm 90-(>-; {j {rn |
  1
<0:;8: {rn rn {rn {h {nn {rn {nl 90-(>-; {j {rn |
  1
:;8: {rn rn {rn {nk o {nj lqnknjfmijljgfhflnni {h {ni 90-(>-; _h *1410(1 |
  1
<0:;8: {rn rn {rn {f {g {rn {nh 90-(>-; {j {rn |
  1
:;8: {rn rn {rn {nj o {ng oqifkjnmnffffffffifof {g {nf 90-(>-; _h *1410(1 |
  1
:;8: {rn rn {rn {mo o {nk oqifkjnmnffffffffifof {f {mn 90-(>-; _h *1410(1 |
  1
):-+:' {rn rn {rn {nl m {mm |
  1
):-+:' {rn rn {rn {nm m {ml |
  1
:336/,:r<*-): {rn rn {rn nqfokffffffffffffgoj rlqljffjooffffffffgmf o o o n roqmfokffhfffffffffhkh o o n V V |
  1
:;8: {rn rn {rn {ng o {mo lqnknjfmijljgfhflnni {nn {mk 90-(>-; _h *1410(1 |
  1
):-+:' {rn rn {rn {nh m {mj |
  1
,+->687+r<*-): {rn rn {rn mqnfjkffhffffffffgf rlqljffjooffffffffgmf o o n o V V |
  1
):-+:' {rn rn {rn {nl m {mi |
  1
,+->687+r<*-): {rn rn {rn nqinkjoonffffffffhnf rmqiijklhfoooooooonlg o o rn o V V |
  1
/061+ {rn rn {rn nqinkjoonffffffffhnf rlqljffjooffffffffgmf o |
  1
/061+ {rn rn {rn mqnfjkffhffffffffgf rlqljffjooffffffffgmf o |
  1
:336/,:r<*-): {rn rn {rn nqfokffffffffffffgoj rmqiijklhfoooooooonlg o o o n oqmfokffhfffffffffhkh o o n V V |
  1
/061+ {rn rn {rn mqnfjkffhffffffffgf rmqiijklhfoooooooonlg o |
  1
/061+ {rn rn {rn nqinkjoonffffffffhnf rmqiijklhfoooooooonlg o |
  0
HATCH
  5
536
330
507
100
AcDbEntity
  8
TopPaste
 62
     8
100
AcDbHatch
 10
0.0
 20
0.0
 30
0.0
210
0.0
220
0.0
230
1.0
  2
SOLID
 70
     1
 71
     1
 91
        1
 92
        1
 93
        4
 72
     2
 10
1.905
 20
-3.3599501
 40
0.2904998
 50
180.0
 51
360.0
 73
     1
 72
     1
 10
2.195499799999999
 20
-3.3599501
 11
2.195499799999999
 21
-2.6654379
 72
     2
 10
1.905
 20
-2.6654379
 40
0.2904998
 50
0.0
 51
180.0
 73
     1
 72
     1
 10
1.614500199999999
 20
-2.6654379
 11
1.614500199999999
 21
-3.3599501
 97
        1
330
535
 75
     0
 76
     1
 98
        0
450
        0
451
        0
460
0.0
461
0.0
452
        0
462
0.0
453
        0
470

  0
REGION
  5
53B
102
{ACAD_REACTORS
330
53C
102
}
330
507
100
AcDbEntity
  8
TopPaste
 62
     8
100
AcDbModelerGeometry
 70
     1
  1
mnmoo mh m mi          
  1
ni ^ *+0;:,4 ^ *+0\^ [ mo ^ LR mmjqnqoqijjlj QK o  
  1
n fqfffffffffffffffjkh:roh nqooooooooooooooooli:rno 
  1
>,27:>;:- {rn rn _nl mmjqnqoqijjlj |
  1
=0;& {rn rn {rn {m {rn {rn |
  1
3*2/ {rn rn {rn {rn {l {n |
  1
,7:33 {rn rn {rn {rn {rn {k {rn {m |
  1
9><: {rn rn {rn {rn {j {l {rn {i 90-(>-; ;0*=3: 0*+ |
  1
300/ {rn rn {rn {rn {h {k |
  1
/3>1:r,*-9><: {rn rn {rn oqiljoooooooooooooogf rlqonmiflfffffffffhin o o o n n o o 90-(>-;@) V V V V |
  1
<0:;8: {rn rn {rn {g {f {rn {no 90-(>-; {j {rn |
  1
<0:;8: {rn rn {rn {nn {h {rn {nm 90-(>-; {j {rn |
  1
<0:;8: {rn rn {rn {h {nn {rn {nl 90-(>-; {j {rn |
  1
:;8: {rn rn {rn {nk o {nj lqnknjfmijljgfhflnni {h {ni 90-(>-; _h *1410(1 |
  1
<0:;8: {rn rn {rn {f {g {rn {nh 90-(>-; {j {rn |
  1
:;8: {rn rn {rn {nj o {ng oqifkjnmnffffffffifof {g {nf 90-(>-; _h *1410(1 |
  1
:;8: {rn rn {rn {mo o {nk oqifkjnmnffffffffifof {f {mn 90-(>-; _h *1410(1 |
  1
):-+:' {rn rn {rn {nl m {mm |
  1
):-+:' {rn rn {rn {nm m {ml |
  1
:336/,:r<*-): {rn rn {rn oqiljoooooooooooooogf rlqljffjooffffffffgmf o o o n roqmfokffhfffffffffhkh o o n V V |
  1
:;8: {rn rn {rn {ng o {mo lqnknjfmijljgfhflnni {nn {mk 90-(>-; _h *1410(1 |
  1
):-+:' {rn rn {rn {nh m {mj |
  1
,+->687+r<*-): {rn rn {rn oqfmjkffhfffffffffgli rlqljffjooffffffffgmf o o n o V V |
  1
):-+:' {rn rn {rn {nl m {mi |
  1
,+->687+r<*-): {rn rn {rn oqlkkjoomooooooooolkm rmqiijklhfoooooooonlg o o rn o V V |
  1
/061+ {rn rn {rn oqlkkjoomooooooooolkm rlqljffjooffffffffgmf o |
  1
/061+ {rn rn {rn oqfmjkffhfffffffffgli rlqljffjooffffffffgmf o |
  1
:336/,:r<*-): {rn rn {rn oqiljoooooooooooooogf rmqiijklhfoooooooonlg o o o n oqmfokffhfffffffffhkh o o n V V |
  1
/061+ {rn rn {rn oqfmjkffhfffffffffgli rmqiijklhfoooooooonlg o |
  1
/061+ {rn rn {rn oqlkkjoomooooooooolkm rmqiijklhfoooooooonlg o |
  0
HATCH
  5
53C
330
507
100
AcDbEntity
  8
TopPaste
 62
     8
100
AcDbHatch
 10
0.0
 20
0.0
 30
0.0
210
0.0
220
0.0
230
1.0
  2
SOLID
 70
     1
 71
     1
 91
        1
 92
        1
 93
        4
 72
     2
 10
0.635
 20
-3.3599501
 40
0.2904998
 50
180.0
 51
360.0
 73
     1
 72
     1
 10
0.9254998
 20
-3.3599501
 11
0.9254998
 21
-2.6654379
 72
     2
 10
0.635
 20
-2.6654379
 40
0.2904998
 50
0.0
 51
180.0
 73
     1
 72
     1
 10
0.3445002
 20
-2.6654379
 11
0.3445002
 21
-3.3599501
 97
        1
330
53B
 75
     0
 76
     1
 98
        0
450
        0
451
        0
460
0.0
461
0.0
452
        0
462
0.0
453
        0
470

  0
REGION
  5
541
102
{ACAD_REACTORS
330
542
102
}
330
507
100
AcDbEntity
  8
TopPaste
 62
     8
100
AcDbModelerGeometry
 70
     1
  1
mnmoo mh m mi          
  1
ni ^ *+0;:,4 ^ *+0\^ [ mo ^ LR mmjqnqoqijjlj QK o  
  1
n fqfffffffffffffffjkh:roh nqooooooooooooooooli:rno 
  1
>,27:>;:- {rn rn _nl mmjqnqoqijjlj |
  1
=0;& {rn rn {rn {m {rn {rn |
  1
3*2/ {rn rn {rn {rn {l {n |
  1
,7:33 {rn rn {rn {rn {rn {k {rn {m |
  1
9><: {rn rn {rn {rn {j {l {rn {i 90-(>-; ;0*=3: 0*+ |
  1
300/ {rn rn {rn {rn {h {k |
  1
/3>1:r,*-9><: {rn rn {rn roqiljoooooooooooooogf rlqonmiflfffffffffhin o o o n n o o 90-(>-;@) V V V V |
  1
<0:;8: {rn rn {rn {g {f {rn {no 90-(>-; {j {rn |
  1
<0:;8: {rn rn {rn {nn {h {rn {nm 90-(>-; {j {rn |
  1
<0:;8: {rn rn {rn {h {nn {rn {nl 90-(>-; {j {rn |
  1
:;8: {rn rn {rn {nk o {nj lqnknjfmijljgfhflnni {h {ni 90-(>-; _h *1410(1 |
  1
<0:;8: {rn rn {rn {f {g {rn {nh 90-(>-; {j {rn |
  1
:;8: {rn rn {rn {nj o {ng oqifkjnmnffffffffifof {g {nf 90-(>-; _h *1410(1 |
  1
:;8: {rn rn {rn {mo o {nk oqifkjnmnffffffffifof {f {mn 90-(>-; _h *1410(1 |
  1
):-+:' {rn rn {rn {nl m {mm |
  1
):-+:' {rn rn {rn {nm m {ml |
  1
:336/,:r<*-): {rn rn {rn roqiljoooooooooooooogf rlqljffjooffffffffgmf o o o n roqmfokffhfffffffffhkh o o n V V |
  1
:;8: {rn rn {rn {ng o {mo lqnknjfmijljgfhflnni {nn {mk 90-(>-; _h *1410(1 |
  1
):-+:' {rn rn {rn {nh m {mj |
  1
,+->687+r<*-): {rn rn {rn roqlkkjoomooooooooolkm rlqljffjooffffffffgmf o o n o V V |
  1
):-+:' {rn rn {rn {nl m {mi |
  1
,+->687+r<*-): {rn rn {rn roqfmjkffhfffffffffgli rmqiijklhfoooooooonlg o o rn o V V |
  1
/061+ {rn rn {rn roqfmjkffhfffffffffgli rlqljffjooffffffffgmf o |
  1
/061+ {rn rn {rn roqlkkjoomooooooooolkm rlqljffjooffffffffgmf o |
  1
:336/,:r<*-): {rn rn {rn roqiljoooooooooooooogf rmqiijklhfoooooooonlg o o o n oqmfokffhfffffffffhkh o o n V V |
  1
/061+ {rn rn {rn roqlkkjoomooooooooolkm rmqiijklhfoooooooonlg o |
  1
/061+ {rn rn {rn roqfmjkffhfffffffffgli rmqiijklhfoooooooonlg o |
  0
HATCH
  5
542
330
507
100
AcDbEntity
  8
TopPaste
 62
     8
100
AcDbHatch
 10
0.0
 20
0.0
 30
0.0
210
0.0
220
0.0
230
1.0
  2
SOLID
 70
     1
 71
     1
 91
        1
 92
        1
 93
        4
 72
     2
 10
-0.635
 20
-3.3599501
 40
0.2904998
 50
180.0
 51
360.0
 73
     1
 72
     1
 10
-0.3445002
 20
-3.3599501
 11
-0.3445002
 21
-2.6654379
 72
     2
 10
-0.635
 20
-2.6654379
 40
0.2904998
 50
0.0
 51
180.0
 73
     1
 72
     1
 10
-0.9254998
 20
-2.6654379
 11
-0.9254998
 21
-3.3599501
 97
        1
330
541
 75
     0
 76
     1
 98
        0
450
        0
451
        0
460
0.0
461
0.0
452
        0
462
0.0
453
        0
470

  0
REGION
  5
547
102
{ACAD_REACTORS
330
548
102
}
330
507
100
AcDbEntity
  8
TopPaste
 62
     8
100
AcDbModelerGeometry
 70
     1
  1
mnmoo mh m mi          
  1
ni ^ *+0;:,4 ^ *+0\^ [ mo ^ LR mmjqnqoqijjlj QK o  
  1
n fqfffffffffffffffjkh:roh nqooooooooooooooooli:rno 
  1
>,27:>;:- {rn rn _nl mmjqnqoqijjlj |
  1
=0;& {rn rn {rn {m {rn {rn |
  1
3*2/ {rn rn {rn {rn {l {n |
  1
,7:33 {rn rn {rn {rn {rn {k {rn {m |
  1
9><: {rn rn {rn {rn {j {l {rn {i 90-(>-; ;0*=3: 0*+ |
  1
300/ {rn rn {rn {rn {h {k |
  1
/3>1:r,*-9><: {rn rn {rn rnqfokffffffffffffgoj rlqonmiflfffffffffhin o o o n n o o 90-(>-;@) V V V V |
  1
<0:;8: {rn rn {rn {g {f {rn {no 90-(>-; {j {rn |
  1
<0:;8: {rn rn {rn {nn {h {rn {nm 90-(>-; {j {rn |
  1
<0:;8: {rn rn {rn {h {nn {rn {nl 90-(>-; {j {rn |
  1
:;8: {rn rn {rn {nk o {nj lqnknjfmijljgfhflnni {h {ni 90-(>-; _h *1410(1 |
  1
<0:;8: {rn rn {rn {f {g {rn {nh 90-(>-; {j {rn |
  1
:;8: {rn rn {rn {nj o {ng oqifkjnmnffffffffifof {g {nf 90-(>-; _h *1410(1 |
  1
:;8: {rn rn {rn {mo o {nk oqifkjnmnffffffffifof {f {mn 90-(>-; _h *1410(1 |
  1
):-+:' {rn rn {rn {nl m {mm |
  1
):-+:' {rn rn {rn {nm m {ml |
  1
:336/,:r<*-): {rn rn {rn rnqfokffffffffffffgoj rlqljffjooffffffffgmf o o o n roqmfokffhfffffffffhkh o o n V V |
  1
:;8: {rn rn {rn {ng o {mo lqnknjfmijljgfhflnni {nn {mk 90-(>-; _h *1410(1 |
  1
):-+:' {rn rn {rn {nh m {mj |
  1
,+->687+r<*-): {rn rn {rn rnqinkjoonffffffffhnf rlqljffjooffffffffgmf o o n o V V |
  1
):-+:' {rn rn {rn {nl m {mi |
  1
,+->687+r<*-): {rn rn {rn rmqnfjkffhffffffffgf rmqiijklhfoooooooonlg o o rn o V V |
  1
/061+ {rn rn {rn rmqnfjkffhffffffffgf rlqljffjooffffffffgmf o |
  1
/061+ {rn rn {rn rnqinkjoonffffffffhnf rlqljffjooffffffffgmf o |
  1
:336/,:r<*-): {rn rn {rn rnqfokffffffffffffgoj rmqiijklhfoooooooonlg o o o n oqmfokffhfffffffffhkh o o n V V |
  1
/061+ {rn rn {rn rnqinkjoonffffffffhnf rmqiijklhfoooooooonlg o |
  1
/061+ {rn rn {rn rmqnfjkffhffffffffgf rmqiijklhfoooooooonlg o |
  0
HATCH
  5
548
330
507
100
AcDbEntity
  8
TopPaste
 62
     8
100
AcDbHatch
 10
0.0
 20
0.0
 30
0.0
210
0.0
220
0.0
230
1.0
  2
SOLID
 70
     1
 71
     1
 91
        1
 92
        1
 93
        4
 72
     2
 10
-1.905
 20
-3.3599501
 40
0.2904998
 50
180.0
 51
360.0
 73
     1
 72
     1
 10
-1.614500199999999
 20
-3.3599501
 11
-1.614500199999999
 21
-2.6654379
 72
     2
 10
-1.905
 20
-2.6654379
 40
0.2904998
 50
0.0
 51
180.0
 73
     1
 72
     1
 10
-2.195499799999999
 20
-2.6654379
 11
-2.195499799999999
 21
-3.3599501
 97
        1
330
547
 75
     0
 76
     1
 98
        0
450
        0
451
        0
460
0.0
461
0.0
452
        0
462
0.0
453
        0
470

  0
ENDBLK
  5
509
330
507
100
AcDbEntity
  8
0
100
AcDbBlockEnd
  0
BLOCK
  5
54B
330
54A
100
AcDbEntity
  8
0
100
AcDbBlockBegin
  2
SMD_2016_22
 70
     0
 10
0.0
 20
0.0
 30
0.0
  3
SMD_2016_22
  1

  0
LWPOLYLINE
  5
54D
330
54A
100
AcDbEntity
  8
TopOverlay
100
AcDbPolyline
 90
        2
 70
     0
 43
0.1524
 10
1.20182132
 20
-0.8991574599999998
 10
1.20182132
 20
0.8991625399999998
  0
LWPOLYLINE
  5
54E
330
54A
100
AcDbEntity
  8
TopOverlay
100
AcDbPolyline
 90
        2
 70
     1
 43
0.0762
 10
1.16372132
 20
-0.8991574599999998
 42
1.0
 10
1.23992132
 20
-0.8991574599999998
 42
1.0
  0
LWPOLYLINE
  5
54F
330
54A
100
AcDbEntity
  8
TopOverlay
100
AcDbPolyline
 90
        2
 70
     1
 43
0.0762
 10
1.16372132
 20
0.8991625399999998
 42
1.0
 10
1.23992132
 20
0.8991625399999998
 42
1.0
  0
LWPOLYLINE
  5
550
330
54A
100
AcDbEntity
  8
TopOverlay
100
AcDbPolyline
 90
        2
 70
     0
 43
0.1524
 10
-1.09982
 20
0.8991625399999998
 10
1.20182132
 20
0.8991625399999998
  0
LWPOLYLINE
  5
551
330
54A
100
AcDbEntity
  8
TopOverlay
100
AcDbPolyline
 90
        2
 70
     1
 43
0.0762
 10
-1.13792
 20
0.8991625399999998
 42
1.0
 10
-1.061719999999999
 20
0.8991625399999998
 42
1.0
  0
LWPOLYLINE
  5
552
330
54A
100
AcDbEntity
  8
TopOverlay
100
AcDbPolyline
 90
        2
 70
     1
 43
0.0762
 10
1.16372132
 20
0.8991625399999998
 42
1.0
 10
1.23992132
 20
0.8991625399999998
 42
1.0
  0
LWPOLYLINE
  5
553
330
54A
100
AcDbEntity
  8
TopOverlay
100
AcDbPolyline
 90
        2
 70
     0
 43
0.1524
 10
-1.09982
 20
-0.8991574599999998
 10
1.20182132
 20
-0.8991574599999998
  0
LWPOLYLINE
  5
554
330
54A
100
AcDbEntity
  8
TopOverlay
100
AcDbPolyline
 90
        2
 70
     1
 43
0.0762
 10
-1.13792
 20
-0.8991574599999998
 42
1.0
 10
-1.061719999999999
 20
-0.8991574599999998
 42
1.0
  0
LWPOLYLINE
  5
555
330
54A
100
AcDbEntity
  8
TopOverlay
100
AcDbPolyline
 90
        2
 70
     1
 43
0.0762
 10
1.16372132
 20
-0.8991574599999998
 42
1.0
 10
1.23992132
 20
-0.8991574599999998
 42
1.0
  0
LWPOLYLINE
  5
556
330
54A
100
AcDbEntity
  8
TopOverlay
100
AcDbPolyline
 90
        2
 70
     0
 43
0.1524
 10
-1.09982
 20
-0.8991574599999998
 10
-1.09982
 20
-0.8508974599999998
  0
LWPOLYLINE
  5
557
330
54A
100
AcDbEntity
  8
TopOverlay
100
AcDbPolyline
 90
        2
 70
     1
 43
0.0762
 10
-1.13792
 20
-0.8991574599999998
 42
1.0
 10
-1.061719999999999
 20
-0.8991574599999998
 42
1.0
  0
LWPOLYLINE
  5
558
330
54A
100
AcDbEntity
  8
TopOverlay
100
AcDbPolyline
 90
        2
 70
     1
 43
0.0762
 10
-1.13792
 20
-0.8508974599999998
 42
1.0
 10
-1.061719999999999
 20
-0.8508974599999998
 42
1.0
  0
LWPOLYLINE
  5
559
330
54A
100
AcDbEntity
  8
TopOverlay
100
AcDbPolyline
 90
        2
 70
     0
 43
0.1524
 10
-1.09982
 20
-0.8508974599999998
 10
-1.09982
 20
0.8991625399999998
  0
LWPOLYLINE
  5
55A
330
54A
100
AcDbEntity
  8
TopOverlay
100
AcDbPolyline
 90
        2
 70
     1
 43
0.0762
 10
-1.13792
 20
-0.8508974599999998
 42
1.0
 10
-1.061719999999999
 20
-0.8508974599999998
 42
1.0
  0
LWPOLYLINE
  5
55B
330
54A
100
AcDbEntity
  8
TopOverlay
100
AcDbPolyline
 90
        2
 70
     1
 43
0.0762
 10
-1.13792
 20
0.8991625399999998
 42
1.0
 10
-1.061719999999999
 20
0.8991625399999998
 42
1.0
  0
LWPOLYLINE
  5
55C
330
54A
100
AcDbEntity
  8
TopOverlay
100
AcDbPolyline
 90
        2
 70
     0
 43
0.1524
 10
-1.34874
 20
-1.15061746
 10
-0.65024
 20
-1.15061746
  0
LWPOLYLINE
  5
55D
330
54A
100
AcDbEntity
  8
TopOverlay
100
AcDbPolyline
 90
        2
 70
     1
 43
0.0762
 10
-1.38684
 20
-1.15061746
 42
1.0
 10
-1.31064
 20
-1.15061746
 42
1.0
  0
LWPOLYLINE
  5
55E
330
54A
100
AcDbEntity
  8
TopOverlay
100
AcDbPolyline
 90
        2
 70
     1
 43
0.0762
 10
-0.68834
 20
-1.15061746
 42
1.0
 10
-0.6121400000000001
 20
-1.15061746
 42
1.0
  0
LWPOLYLINE
  5
55F
330
54A
100
AcDbEntity
  8
TopOverlay
100
AcDbPolyline
 90
        2
 70
     0
 43
0.1524
 10
-1.34874
 20
-1.15061746
 10
-1.34874
 20
-0.50037746
  0
LWPOLYLINE
  5
560
330
54A
100
AcDbEntity
  8
TopOverlay
100
AcDbPolyline
 90
        2
 70
     1
 43
0.0762
 10
-1.38684
 20
-1.15061746
 42
1.0
 10
-1.31064
 20
-1.15061746
 42
1.0
  0
LWPOLYLINE
  5
561
330
54A
100
AcDbEntity
  8
TopOverlay
100
AcDbPolyline
 90
        2
 70
     1
 43
0.0762
 10
-1.38684
 20
-0.50037746
 42
1.0
 10
-1.31064
 20
-0.50037746
 42
1.0
  0
REGION
  5
566
102
{ACAD_REACTORS
330
567
102
}
330
54A
100
AcDbEntity
  8
TopPaste
 62
     8
100
AcDbModelerGeometry
 70
     1
  1
mnmoo mh m mi          
  1
ni ^ *+0;:,4 ^ *+0\^ [ mo ^ LR mmjqnqoqijjlj QK o  
  1
n fqfffffffffffffffjkh:roh nqooooooooooooooooli:rno 
  1
>,27:>;:- {rn rn _nl mmjqnqoqijjlj |
  1
=0;& {rn rn {rn {m {rn {rn |
  1
3*2/ {rn rn {rn {rn {l {n |
  1
,7:33 {rn rn {rn {rn {rn {k {rn {m |
  1
9><: {rn rn {rn {rn {j {l {rn {i 90-(>-; ;0*=3: 0*+ |
  1
300/ {rn rn {rn {rn {h {k |
  1
/3>1:r,*-9><: {rn rn {rn roqjjnngooooooooooooll roqoffojhkjfffffffffffi o o o rn rn o o 90-(>-;@) V V V V |
  1
<0:;8: {rn rn {rn {g {f {rn {no 90-(>-; {j {rn |
  1
<0:;8: {rn rn {rn {nn {h {rn {nm 90-(>-; {j {rn |
  1
<0:;8: {rn rn {rn {h {nn {rn {nl 90-(>-; {j {rn |
  1
:;8: {rn rn {rn {nk o {nj oqhmgfhffffffffffgjol {h {ni 90-(>-; _h *1410(1 |
  1
<0:;8: {rn rn {rn {f {g {rn {nh 90-(>-; {j {rn |
  1
:;8: {rn rn {rn {nj o {ng oqjffklfffffffffffhmf {g {nf 90-(>-; _h *1410(1 |
  1
:;8: {rn rn {rn {mo o {nk oqjffklfffffffffffhmf {f {mn 90-(>-; _h *1410(1 |
  1
):-+:' {rn rn {rn {nl m {mm |
  1
):-+:' {rn rn {rn {nm m {ml |
  1
,+->687+r<*-): {rn rn {rn roqfnjiiffffffffffghmf roqoffojhkjfffffffffffi o n o o V V |
  1
:;8: {rn rn {rn {ng o {mo oqhmgfhffffffffffgjol {nn {mk 90-(>-; _h *1410(1 |
  1
):-+:' {rn rn {rn {nh m {mj |
  1
,+->687+r<*-): {rn rn {rn roqngiigffffffffffffkg roqoffojhkjfffffffffffi o o rn o V V |
  1
):-+:' {rn rn {rn {nl m {mi |
  1
,+->687+r<*-): {rn rn {rn roqfnjiiffffffffffghmf roqifgkfhkioooooooonkk o o n o V V |
  1
/061+ {rn rn {rn roqfnjiiffffffffffghmf roqoffojhkjfffffffffffi o |
  1
/061+ {rn rn {rn roqngiigffffffffffffkg roqoffojhkjfffffffffffi o |
  1
,+->687+r<*-): {rn rn {rn roqngiigffffffffffffkg roqifgkfhkioooooooonkk o rn o o V V |
  1
/061+ {rn rn {rn roqngiigffffffffffffkg roqifgkfhkioooooooonkk o |
  1
/061+ {rn rn {rn roqfnjiiffffffffffghmf roqifgkfhkioooooooonkk o |
  0
HATCH
  5
567
330
54A
100
AcDbEntity
  8
TopPaste
 62
     8
100
AcDbHatch
 10
0.0
 20
0.0
 30
0.0
210
0.0
220
0.0
230
1.0
  2
SOLID
 70
     1
 71
     1
 91
        1
 92
        1
 93
        4
 72
     1
 10
-0.91567
 20
-0.09905746
 11
-0.18669
 21
-0.09905746
 72
     1
 10
-0.18669
 20
-0.09905746
 11
-0.18669
 21
-0.6984974600000001
 72
     1
 10
-0.18669
 20
-0.6984974600000001
 11
-0.91567
 21
-0.6984974600000001
 72
     1
 10
-0.91567
 20
-0.6984974600000001
 11
-0.91567
 21
-0.0990574600000001
 97
        1
330
566
 75
     0
 76
     1
 98
        0
450
        0
451
        0
460
0.0
461
0.0
452
        0
462
0.0
453
        0
470

  0
REGION
  5
56C
102
{ACAD_REACTORS
330
56D
102
}
330
54A
100
AcDbEntity
  8
TopPaste
 62
     8
100
AcDbModelerGeometry
 70
     1
  1
mnmoo mh m mi          
  1
ni ^ *+0;:,4 ^ *+0\^ [ mo ^ LR mmjqnqoqijjlj QK o  
  1
n fqfffffffffffffffjkh:roh nqooooooooooooooooli:rno 
  1
>,27:>;:- {rn rn _nl mmjqnqoqijjlj |
  1
=0;& {rn rn {rn {m {rn {rn |
  1
3*2/ {rn rn {rn {rn {l {n |
  1
,7:33 {rn rn {rn {rn {rn {k {rn {m |
  1
9><: {rn rn {rn {rn {j {l {rn {i 90-(>-; ;0*=3: 0*+ |
  1
300/ {rn rn {rn {rn {h {k |
  1
/3>1:r,*-9><: {rn rn {rn oqijlngnlnfffffffgklm roqoffojhkjfffffffffffi o o o rn rn o o 90-(>-;@) V V V V |
  1
<0:;8: {rn rn {rn {g {f {rn {no 90-(>-; {j {rn |
  1
<0:;8: {rn rn {rn {nn {h {rn {nm 90-(>-; {j {rn |
  1
<0:;8: {rn rn {rn {h {nn {rn {nl 90-(>-; {j {rn |
  1
:;8: {rn rn {rn {nk o {nj oqhmgfhfffffffffffinl {h {ni 90-(>-; _h *1410(1 |
  1
<0:;8: {rn rn {rn {f {g {rn {nh 90-(>-; {j {rn |
  1
:;8: {rn rn {rn {nj o {ng oqjffklfffffffffffhmf {g {nf 90-(>-; _h *1410(1 |
  1
:;8: {rn rn {rn {mo o {nk oqjffklfffffffffffhmf {f {mn 90-(>-; _h *1410(1 |
  1
):-+:' {rn rn {rn {nl m {mm |
  1
):-+:' {rn rn {rn {nm m {ml |
  1
,+->687+r<*-): {rn rn {rn oqmggifnlnffffffffhlj roqoffojhkjfffffffffffi o oqfffffffffffffffggf o o V V |
  1
:;8: {rn rn {rn {ng o {mo oqhmgfhffffffffffgjol {nn {mk 90-(>-; _h *1410(1 |
  1
):-+:' {rn rn {rn {nh m {mj |
  1
,+->687+r<*-): {rn rn {rn nqonhihnlnfffffffgmk roqoffojhkjfffffffffffi o o rn o V V |
  1
):-+:' {rn rn {rn {nl m {mi |
  1
,+->687+r<*-): {rn rn {rn oqmggifnlnffffffffhlj roqifgkfhkioooooooonkk o o n o V V |
  1
/061+ {rn rn {rn oqmggifnlnffffffffhlj roqoffojhkjfffffffffffi o |
  1
/061+ {rn rn {rn nqonhihnlnfffffffgmk roqoffojhkjfffffffffffi o |
  1
,+->687+r<*-): {rn rn {rn nqonhihnlnfffffffgmk roqifgkfhkioooooooonkk o rn o o V V |
  1
/061+ {rn rn {rn nqonhihnlnfffffffgmk roqifgkfhkioooooooonkk o |
  1
/061+ {rn rn {rn oqmggifnlnffffffffhlj roqifgkfhkioooooooonkk o |
  0
HATCH
  5
56D
330
54A
100
AcDbEntity
  8
TopPaste
 62
     8
100
AcDbHatch
 10
0.0
 20
0.0
 30
0.0
210
0.0
220
0.0
230
1.0
  2
SOLID
 70
     1
 71
     1
 91
        1
 92
        1
 93
        4
 72
     1
 10
0.28869132
 20
-0.09905746
 11
1.01767132
 21
-0.09905746
 72
     1
 10
1.01767132
 20
-0.09905746
 11
1.01767132
 21
-0.6984974600000001
 72
     1
 10
1.01767132
 20
-0.6984974600000001
 11
0.28869132
 21
-0.6984974600000001
 72
     1
 10
0.28869132
 20
-0.6984974600000001
 11
0.28869132
 21
-0.0990574600000001
 97
        1
330
56C
 75
     0
 76
     1
 98
        0
450
        0
451
        0
460
0.0
461
0.0
452
        0
462
0.0
453
        0
470

  0
REGION
  5
572
102
{ACAD_REACTORS
330
573
102
}
330
54A
100
AcDbEntity
  8
TopPaste
 62
     8
100
AcDbModelerGeometry
 70
     1
  1
mnmoo mh m mi          
  1
ni ^ *+0;:,4 ^ *+0\^ [ mo ^ LR mmjqnqoqijjlj QK o  
  1
n fqfffffffffffffffjkh:roh nqooooooooooooooooli:rno 
  1
>,27:>;:- {rn rn _nl mmjqnqoqijjlj |
  1
=0;& {rn rn {rn {m {rn {rn |
  1
3*2/ {rn rn {rn {rn {l {n |
  1
,7:33 {rn rn {rn {rn {rn {k {rn {m |
  1
9><: {rn rn {rn {rn {j {l {rn {i 90-(>-; ;0*=3: 0*+ |
  1
300/ {rn rn {rn {rn {h {k |
  1
/3>1:r,*-9><: {rn rn {rn oqijlngnlnfffffffgklm oqifgjomjlfffffffgfkn o o o rn rn o o 90-(>-;@) V V V V |
  1
<0:;8: {rn rn {rn {g {f {rn {no 90-(>-; {j {rn |
  1
<0:;8: {rn rn {rn {nn {h {rn {nm 90-(>-; {j {rn |
  1
<0:;8: {rn rn {rn {h {nn {rn {nl 90-(>-; {j {rn |
  1
:;8: {rn rn {rn {nk o {nj oqhmgfhfffffffffffinl {h {ni 90-(>-; _h *1410(1 |
  1
<0:;8: {rn rn {rn {f {g {rn {nh 90-(>-; {j {rn |
  1
:;8: {rn rn {rn {nj o {ng oqjffklffffffffffging {g {nf 90-(>-; _h *1410(1 |
  1
:;8: {rn rn {rn {mo o {nk oqjffklffffffffffging {f {mn 90-(>-; _h *1410(1 |
  1
):-+:' {rn rn {rn {nl m {mm |
  1
):-+:' {rn rn {rn {nm m {ml |
  1
,+->687+r<*-): {rn rn {rn oqmggifnlnffffffffhlj oqifgjomjlfffffffgfkn o oqfffffffffffffffggf o o V V |
  1
:;8: {rn rn {rn {ng o {mo oqhmgfhffffffffffgjol {nn {mk 90-(>-; _h *1410(1 |
  1
):-+:' {rn rn {rn {nh m {mj |
  1
,+->687+r<*-): {rn rn {rn nqonhihnlnfffffffgmk oqifgjomjlfffffffgfkn o o rn o V V |
  1
):-+:' {rn rn {rn {nl m {mi |
  1
,+->687+r<*-): {rn rn {rn oqmggifnlnffffffffhlj oqoffoimjlfffffffffoi o o n o V V |
  1
/061+ {rn rn {rn oqmggifnlnffffffffhlj oqifgjomjlfffffffgfkn o |
  1
/061+ {rn rn {rn nqonhihnlnfffffffgmk oqifgjomjlfffffffgfkn o |
  1
,+->687+r<*-): {rn rn {rn nqonhihnlnfffffffgmk oqoffoimjlfffffffffoi o rn o o V V |
  1
/061+ {rn rn {rn nqonhihnlnfffffffgmk oqoffoimjlfffffffffoi o |
  1
/061+ {rn rn {rn oqmggifnlnffffffffhlj oqoffoimjlfffffffffoi o |
  0
HATCH
  5
573
330
54A
100
AcDbEntity
  8
TopPaste
 62
     8
100
AcDbHatch
 10
0.0
 20
0.0
 30
0.0
210
0.0
220
0.0
230
1.0
  2
SOLID
 70
     1
 71
     1
 91
        1
 92
        1
 93
        4
 72
     1
 10
0.28869132
 20
0.6985025399999999
 11
1.01767132
 21
0.6985025399999999
 72
     1
 10
1.01767132
 20
0.6985025399999999
 11
1.01767132
 21
0.0990625400000001
 72
     1
 10
1.01767132
 20
0.09906254
 11
0.28869132
 21
0.09906254
 72
     1
 10
0.28869132
 20
0.09906254
 11
0.28869132
 21
0.6985025399999999
 97
        1
330
572
 75
     0
 76
     1
 98
        0
450
        0
451
        0
460
0.0
461
0.0
452
        0
462
0.0
453
        0
470

  0
REGION
  5
578
102
{ACAD_REACTORS
330
579
102
}
330
54A
100
AcDbEntity
  8
TopPaste
 62
     8
100
AcDbModelerGeometry
 70
     1
  1
mnmoo mh m mi          
  1
ni ^ *+0;:,4 ^ *+0\^ [ mo ^ LR mmjqnqoqijjlj QK o  
  1
n fqfffffffffffffffjkh:roh nqooooooooooooooooli:rno 
  1
>,27:>;:- {rn rn _nl mmjqnqoqijjlj |
  1
=0;& {rn rn {rn {m {rn {rn |
  1
3*2/ {rn rn {rn {rn {l {n |
  1
,7:33 {rn rn {rn {rn {rn {k {rn {m |
  1
9><: {rn rn {rn {rn {j {l {rn {i 90-(>-; ;0*=3: 0*+ |
  1
300/ {rn rn {rn {rn {h {k |
  1
/3>1:r,*-9><: {rn rn {rn roqjjnngooooooooooooll oqifgjomjlfffffffgfkn o o o rn rn o o 90-(>-;@) V V V V |
  1
<0:;8: {rn rn {rn {g {f {rn {no 90-(>-; {j {rn |
  1
<0:;8: {rn rn {rn {nn {h {rn {nm 90-(>-; {j {rn |
  1
<0:;8: {rn rn {rn {h {nn {rn {nl 90-(>-; {j {rn |
  1
:;8: {rn rn {rn {nk o {nj oqhmgfhffffffffffgjol {h {ni 90-(>-; _h *1410(1 |
  1
<0:;8: {rn rn {rn {f {g {rn {nh 90-(>-; {j {rn |
  1
:;8: {rn rn {rn {nj o {ng oqjffklffffffffffging {g {nf 90-(>-; _h *1410(1 |
  1
:;8: {rn rn {rn {mo o {nk oqjffklffffffffffging {f {mn 90-(>-; _h *1410(1 |
  1
):-+:' {rn rn {rn {nl m {mm |
  1
):-+:' {rn rn {rn {nm m {ml |
  1
,+->687+r<*-): {rn rn {rn roqfnjiiffffffffffghmf oqifgjomjlfffffffgfkn o n o o V V |
  1
:;8: {rn rn {rn {ng o {mo oqhmgfhffffffffffgjol {nn {mk 90-(>-; _h *1410(1 |
  1
):-+:' {rn rn {rn {nh m {mj |
  1
,+->687+r<*-): {rn rn {rn roqngiigffffffffffffkg oqifgjomjlfffffffgfkn o o rn o V V |
  1
):-+:' {rn rn {rn {nl m {mi |
  1
,+->687+r<*-): {rn rn {rn roqfnjiiffffffffffghmf oqoffoimjlfffffffffoi o o n o V V |
  1
/061+ {rn rn {rn roqfnjiiffffffffffghmf oqifgjomjlfffffffgfkn o |
  1
/061+ {rn rn {rn roqngiigffffffffffffkg oqifgjomjlfffffffgfkn o |
  1
,+->687+r<*-): {rn rn {rn roqngiigffffffffffffkg oqoffoimjlfffffffffoi o rn o o V V |
  1
/061+ {rn rn {rn roqngiigffffffffffffkg oqoffoimjlfffffffffoi o |
  1
/061+ {rn rn {rn roqfnjiiffffffffffghmf oqoffoimjlfffffffffoi o |
  0
HATCH
  5
579
330
54A
100
AcDbEntity
  8
TopPaste
 62
     8
100
AcDbHatch
 10
0.0
 20
0.0
 30
0.0
210
0.0
220
0.0
230
1.0
  2
SOLID
 70
     1
 71
     1
 91
        1
 92
        1
 93
        4
 72
     1
 10
-0.91567
 20
0.6985025399999999
 11
-0.18669
 21
0.6985025399999999
 72
     1
 10
-0.18669
 20
0.6985025399999999
 11
-0.18669
 21
0.0990625400000001
 72
     1
 10
-0.18669
 20
0.09906254
 11
-0.91567
 21
0.09906254
 72
     1
 10
-0.91567
 20
0.09906254
 11
-0.91567
 21
0.6985025399999999
 97
        1
330
578
 75
     0
 76
     1
 98
        0
450
        0
451
        0
460
0.0
461
0.0
452
        0
462
0.0
453
        0
470

  0
ENDBLK
  5
54C
330
54A
100
AcDbEntity
  8
0
100
AcDbBlockEnd
  0
BLOCK
  5
57C
330
57B
100
AcDbEntity
  8
0
100
AcDbBlockBegin
  2
SOT23_5_B_23
 70
     0
 10
0.0
 20
0.0
 30
0.0
  3
SOT23_5_B_23
  1

  0
ENDBLK
  5
57D
330
57B
100
AcDbEntity
  8
0
100
AcDbBlockEnd
  0
BLOCK
  5
580
330
57F
100
AcDbEntity
  8
0
100
AcDbBlockBegin
  2
RES_0402_24
 70
     0
 10
0.0
 20
0.0
 30
0.0
  3
RES_0402_24
  1

  0
LWPOLYLINE
  5
582
330
57F
100
AcDbEntity
  8
TopOverlay
100
AcDbPolyline
 90
        2
 70
     0
 43
0.0254
 10
-0.1651
 20
-0.2413
 10
0.1651
 20
-0.2413
  0
LWPOLYLINE
  5
583
330
57F
100
AcDbEntity
  8
TopOverlay
100
AcDbPolyline
 90
        2
 70
     1
 43
0.0127
 10
-0.17145
 20
-0.2413
 42
1.0
 10
-0.15875
 20
-0.2413
 42
1.0
  0
LWPOLYLINE
  5
584
330
57F
100
AcDbEntity
  8
TopOverlay
100
AcDbPolyline
 90
        2
 70
     1
 43
0.0127
 10
0.15875
 20
-0.2413
 42
1.0
 10
0.17145
 20
-0.2413
 42
1.0
  0
LWPOLYLINE
  5
585
330
57F
100
AcDbEntity
  8
TopOverlay
100
AcDbPolyline
 90
        2
 70
     0
 43
0.0254
 10
-0.16509746
 20
-0.1524
 10
-0.1651
 20
-0.2413
  0
LWPOLYLINE
  5
586
330
57F
100
AcDbEntity
  8
TopOverlay
100
AcDbPolyline
 90
        2
 70
     1
 43
0.0127
 10
-0.17144746
 20
-0.1524
 42
1.0
 10
-0.15874746
 20
-0.1524
 42
1.0
  0
LWPOLYLINE
  5
587
330
57F
100
AcDbEntity
  8
TopOverlay
100
AcDbPolyline
 90
        2
 70
     1
 43
0.0127
 10
-0.17145
 20
-0.2413
 42
1.0
 10
-0.15875
 20
-0.2413
 42
1.0
  0
LWPOLYLINE
  5
588
330
57F
100
AcDbEntity
  8
TopOverlay
100
AcDbPolyline
 90
        2
 70
     0
 43
0.0254
 10
-0.16509746
 20
-0.1524
 10
0.16509746
 20
-0.1524
  0
LWPOLYLINE
  5
589
330
57F
100
AcDbEntity
  8
TopOverlay
100
AcDbPolyline
 90
        2
 70
     1
 43
0.0127
 10
-0.17144746
 20
-0.1524
 42
1.0
 10
-0.15874746
 20
-0.1524
 42
1.0
  0
LWPOLYLINE
  5
58A
330
57F
100
AcDbEntity
  8
TopOverlay
100
AcDbPolyline
 90
        2
 70
     1
 43
0.0127
 10
0.15874746
 20
-0.1524
 42
1.0
 10
0.17144746
 20
-0.1524
 42
1.0
  0
LWPOLYLINE
  5
58B
330
57F
100
AcDbEntity
  8
TopOverlay
100
AcDbPolyline
 90
        2
 70
     0
 43
0.0254
 10
0.16509746
 20
-0.1524
 10
0.1651
 20
-0.2413
  0
LWPOLYLINE
  5
58C
330
57F
100
AcDbEntity
  8
TopOverlay
100
AcDbPolyline
 90
        2
 70
     1
 43
0.0127
 10
0.15874746
 20
-0.1524
 42
1.0
 10
0.17144746
 20
-0.1524
 42
1.0
  0
LWPOLYLINE
  5
58D
330
57F
100
AcDbEntity
  8
TopOverlay
100
AcDbPolyline
 90
        2
 70
     1
 43
0.0127
 10
0.15875
 20
-0.2413
 42
1.0
 10
0.17145
 20
-0.2413
 42
1.0
  0
LWPOLYLINE
  5
58E
330
57F
100
AcDbEntity
  8
TopOverlay
100
AcDbPolyline
 90
        2
 70
     0
 43
0.0254
 10
-0.1651
 20
0.2413
 10
-0.1651
 20
0.1524
  0
LWPOLYLINE
  5
58F
330
57F
100
AcDbEntity
  8
TopOverlay
100
AcDbPolyline
 90
        2
 70
     1
 43
0.0127
 10
-0.17145
 20
0.2413
 42
1.0
 10
-0.15875
 20
0.2413
 42
1.0
  0
LWPOLYLINE
  5
590
330
57F
100
AcDbEntity
  8
TopOverlay
100
AcDbPolyline
 90
        2
 70
     1
 43
0.0127
 10
-0.17145
 20
0.1524
 42
1.0
 10
-0.15875
 20
0.1524
 42
1.0
  0
LWPOLYLINE
  5
591
330
57F
100
AcDbEntity
  8
TopOverlay
100
AcDbPolyline
 90
        2
 70
     0
 43
0.0254
 10
-0.1651
 20
0.1524
 10
0.1651
 20
0.1524
  0
LWPOLYLINE
  5
592
330
57F
100
AcDbEntity
  8
TopOverlay
100
AcDbPolyline
 90
        2
 70
     1
 43
0.0127
 10
-0.17145
 20
0.1524
 42
1.0
 10
-0.15875
 20
0.1524
 42
1.0
  0
LWPOLYLINE
  5
593
330
57F
100
AcDbEntity
  8
TopOverlay
100
AcDbPolyline
 90
        2
 70
     1
 43
0.0127
 10
0.15875
 20
0.1524
 42
1.0
 10
0.17145
 20
0.1524
 42
1.0
  0
LWPOLYLINE
  5
594
330
57F
100
AcDbEntity
  8
TopOverlay
100
AcDbPolyline
 90
        2
 70
     0
 43
0.0254
 10
0.1651
 20
0.2413
 10
0.1651
 20
0.1524
  0
LWPOLYLINE
  5
595
330
57F
100
AcDbEntity
  8
TopOverlay
100
AcDbPolyline
 90
        2
 70
     1
 43
0.0127
 10
0.15875
 20
0.2413
 42
1.0
 10
0.17145
 20
0.2413
 42
1.0
  0
LWPOLYLINE
  5
596
330
57F
100
AcDbEntity
  8
TopOverlay
100
AcDbPolyline
 90
        2
 70
     1
 43
0.0127
 10
0.15875
 20
0.1524
 42
1.0
 10
0.17145
 20
0.1524
 42
1.0
  0
LWPOLYLINE
  5
597
330
57F
100
AcDbEntity
  8
TopOverlay
100
AcDbPolyline
 90
        2
 70
     0
 43
0.0254
 10
-0.1651
 20
0.2413
 10
0.1651
 20
0.2413
  0
LWPOLYLINE
  5
598
330
57F
100
AcDbEntity
  8
TopOverlay
100
AcDbPolyline
 90
        2
 70
     1
 43
0.0127
 10
-0.17145
 20
0.2413
 42
1.0
 10
-0.15875
 20
0.2413
 42
1.0
  0
LWPOLYLINE
  5
599
330
57F
100
AcDbEntity
  8
TopOverlay
100
AcDbPolyline
 90
        2
 70
     1
 43
0.0127
 10
0.15875
 20
0.2413
 42
1.0
 10
0.17145
 20
0.2413
 42
1.0
  0
LINE
  5
59A
330
57F
100
AcDbEntity
  8
TopOverlay
100
AcDbLine
 10
0.16509746
 20
-0.1524
 30
0.0
 11
0.1651
 21
-0.2413
 31
0.0
  0
LINE
  5
59B
330
57F
100
AcDbEntity
  8
TopOverlay
100
AcDbLine
 10
0.1651
 20
-0.2413
 30
0.0
 11
-0.1651
 21
-0.2413
 31
0.0
  0
LINE
  5
59C
330
57F
100
AcDbEntity
  8
TopOverlay
100
AcDbLine
 10
-0.1651
 20
-0.2413
 30
0.0
 11
-0.16509746
 21
-0.1524
 31
0.0
  0
LINE
  5
59D
330
57F
100
AcDbEntity
  8
TopOverlay
100
AcDbLine
 10
-0.16509746
 20
-0.1524
 30
0.0
 11
0.16509746
 21
-0.1524
 31
0.0
  0
LINE
  5
59E
330
57F
100
AcDbEntity
  8
TopOverlay
100
AcDbLine
 10
-0.1651
 20
0.1524
 30
0.0
 11
-0.1651
 21
0.2413
 31
0.0
  0
LINE
  5
59F
330
57F
100
AcDbEntity
  8
TopOverlay
100
AcDbLine
 10
-0.1651
 20
0.2413
 30
0.0
 11
0.1651
 21
0.2413
 31
0.0
  0
LINE
  5
5A0
330
57F
100
AcDbEntity
  8
TopOverlay
100
AcDbLine
 10
0.1651
 20
0.2413
 30
0.0
 11
0.1651
 21
0.1524
 31
0.0
  0
LINE
  5
5A1
330
57F
100
AcDbEntity
  8
TopOverlay
100
AcDbLine
 10
0.1651
 20
0.1524
 30
0.0
 11
-0.1651
 21
0.1524
 31
0.0
  0
ENDBLK
  5
581
330
57F
100
AcDbEntity
  8
0
100
AcDbBlockEnd
  0
BLOCK
  5
5A4
330
5A3
100
AcDbEntity
  8
0
100
AcDbBlockBegin
  2
RES_0402_25
 70
     0
 10
0.0
 20
0.0
 30
0.0
  3
RES_0402_25
  1

  0
LWPOLYLINE
  5
5A6
330
5A3
100
AcDbEntity
  8
TopOverlay
100
AcDbPolyline
 90
        2
 70
     0
 43
0.0254
 10
0.1651
 20
-0.2413
 10
-0.1651
 20
-0.2413
  0
LWPOLYLINE
  5
5A7
330
5A3
100
AcDbEntity
  8
TopOverlay
100
AcDbPolyline
 90
        2
 70
     1
 43
0.0127
 10
0.15875
 20
-0.2413
 42
1.0
 10
0.17145
 20
-0.2413
 42
1.0
  0
LWPOLYLINE
  5
5A8
330
5A3
100
AcDbEntity
  8
TopOverlay
100
AcDbPolyline
 90
        2
 70
     1
 43
0.0127
 10
-0.17145
 20
-0.2413
 42
1.0
 10
-0.15875
 20
-0.2413
 42
1.0
  0
LWPOLYLINE
  5
5A9
330
5A3
100
AcDbEntity
  8
TopOverlay
100
AcDbPolyline
 90
        2
 70
     0
 43
0.0254
 10
-0.1651
 20
-0.2413
 10
-0.16509746
 20
-0.1524
  0
LWPOLYLINE
  5
5AA
330
5A3
100
AcDbEntity
  8
TopOverlay
100
AcDbPolyline
 90
        2
 70
     1
 43
0.0127
 10
-0.17145
 20
-0.2413
 42
1.0
 10
-0.15875
 20
-0.2413
 42
1.0
  0
LWPOLYLINE
  5
5AB
330
5A3
100
AcDbEntity
  8
TopOverlay
100
AcDbPolyline
 90
        2
 70
     1
 43
0.0127
 10
-0.17144746
 20
-0.1524
 42
1.0
 10
-0.15874746
 20
-0.1524
 42
1.0
  0
LWPOLYLINE
  5
5AC
330
5A3
100
AcDbEntity
  8
TopOverlay
100
AcDbPolyline
 90
        2
 70
     0
 43
0.0254
 10
0.16509746
 20
-0.1524
 10
-0.16509746
 20
-0.1524
  0
LWPOLYLINE
  5
5AD
330
5A3
100
AcDbEntity
  8
TopOverlay
100
AcDbPolyline
 90
        2
 70
     1
 43
0.0127
 10
0.15874746
 20
-0.1524
 42
1.0
 10
0.17144746
 20
-0.1524
 42
1.0
  0
LWPOLYLINE
  5
5AE
330
5A3
100
AcDbEntity
  8
TopOverlay
100
AcDbPolyline
 90
        2
 70
     1
 43
0.0127
 10
-0.17144746
 20
-0.1524
 42
1.0
 10
-0.15874746
 20
-0.1524
 42
1.0
  0
LWPOLYLINE
  5
5AF
330
5A3
100
AcDbEntity
  8
TopOverlay
100
AcDbPolyline
 90
        2
 70
     0
 43
0.0254
 10
0.1651
 20
-0.2413
 10
0.16509746
 20
-0.1524
  0
LWPOLYLINE
  5
5B0
330
5A3
100
AcDbEntity
  8
TopOverlay
100
AcDbPolyline
 90
        2
 70
     1
 43
0.0127
 10
0.15875
 20
-0.2413
 42
1.0
 10
0.17145
 20
-0.2413
 42
1.0
  0
LWPOLYLINE
  5
5B1
330
5A3
100
AcDbEntity
  8
TopOverlay
100
AcDbPolyline
 90
        2
 70
     1
 43
0.0127
 10
0.15874746
 20
-0.1524
 42
1.0
 10
0.17144746
 20
-0.1524
 42
1.0
  0
LWPOLYLINE
  5
5B2
330
5A3
100
AcDbEntity
  8
TopOverlay
100
AcDbPolyline
 90
        2
 70
     0
 43
0.0254
 10
-0.1651
 20
0.1524
 10
-0.1651
 20
0.2413
  0
LWPOLYLINE
  5
5B3
330
5A3
100
AcDbEntity
  8
TopOverlay
100
AcDbPolyline
 90
        2
 70
     1
 43
0.0127
 10
-0.17145
 20
0.1524
 42
1.0
 10
-0.15875
 20
0.1524
 42
1.0
  0
LWPOLYLINE
  5
5B4
330
5A3
100
AcDbEntity
  8
TopOverlay
100
AcDbPolyline
 90
        2
 70
     1
 43
0.0127
 10
-0.17145
 20
0.2413
 42
1.0
 10
-0.15875
 20
0.2413
 42
1.0
  0
LWPOLYLINE
  5
5B5
330
5A3
100
AcDbEntity
  8
TopOverlay
100
AcDbPolyline
 90
        2
 70
     0
 43
0.0254
 10
0.1651
 20
0.1524
 10
-0.1651
 20
0.1524
  0
LWPOLYLINE
  5
5B6
330
5A3
100
AcDbEntity
  8
TopOverlay
100
AcDbPolyline
 90
        2
 70
     1
 43
0.0127
 10
0.15875
 20
0.1524
 42
1.0
 10
0.17145
 20
0.1524
 42
1.0
  0
LWPOLYLINE
  5
5B7
330
5A3
100
AcDbEntity
  8
TopOverlay
100
AcDbPolyline
 90
        2
 70
     1
 43
0.0127
 10
-0.17145
 20
0.1524
 42
1.0
 10
-0.15875
 20
0.1524
 42
1.0
  0
LWPOLYLINE
  5
5B8
330
5A3
100
AcDbEntity
  8
TopOverlay
100
AcDbPolyline
 90
        2
 70
     0
 43
0.0254
 10
0.1651
 20
0.1524
 10
0.1651
 20
0.2413
  0
LWPOLYLINE
  5
5B9
330
5A3
100
AcDbEntity
  8
TopOverlay
100
AcDbPolyline
 90
        2
 70
     1
 43
0.0127
 10
0.15875
 20
0.1524
 42
1.0
 10
0.17145
 20
0.1524
 42
1.0
  0
LWPOLYLINE
  5
5BA
330
5A3
100
AcDbEntity
  8
TopOverlay
100
AcDbPolyline
 90
        2
 70
     1
 43
0.0127
 10
0.15875
 20
0.2413
 42
1.0
 10
0.17145
 20
0.2413
 42
1.0
  0
LWPOLYLINE
  5
5BB
330
5A3
100
AcDbEntity
  8
TopOverlay
100
AcDbPolyline
 90
        2
 70
     0
 43
0.0254
 10
0.1651
 20
0.2413
 10
-0.1651
 20
0.2413
  0
LWPOLYLINE
  5
5BC
330
5A3
100
AcDbEntity
  8
TopOverlay
100
AcDbPolyline
 90
        2
 70
     1
 43
0.0127
 10
0.15875
 20
0.2413
 42
1.0
 10
0.17145
 20
0.2413
 42
1.0
  0
LWPOLYLINE
  5
5BD
330
5A3
100
AcDbEntity
  8
TopOverlay
100
AcDbPolyline
 90
        2
 70
     1
 43
0.0127
 10
-0.17145
 20
0.2413
 42
1.0
 10
-0.15875
 20
0.2413
 42
1.0
  0
REGION
  5
5C6
102
{ACAD_REACTORS
330
5C7
102
}
330
5A3
100
AcDbEntity
  8
TopPaste
 62
     8
100
AcDbModelerGeometry
 70
     1
  1
mnmoo kh m mi          
  1
ni ^ *+0;:,4 ^ *+0\^ [ mo ^ LR mmjqnqoqijjlj QK o  
  1
n fqfffffffffffffffjkh:roh nqooooooooooooooooli:rno 
  1
>,27:>;:- {rn rn _nl mmjqnqoqijjlj |
  1
=0;& {rn rn {rn {m {rn {rn |
  1
3*2/ {rn rn {rn {rn {l {n |
  1
,7:33 {rn rn {rn {rn {rn {k {rn {m |
  1
9><: {rn rn {rn {rn {j {l {rn {i 90-(>-; ;0*=3: 0*+ |
  1
300/ {rn rn {rn {rn {h {k |
  1
/3>1:r,*-9><: {rn rn {rn oqjogoooooooooooooohn o o o o n n o o 90-(>-;@) V V V V |
  1
<0:;8: {rn rn {rn {g {f {rn {no 90-(>-; {j {rn |
  1
<0:;8: {rn rn {rn {nn {h {rn {nm 90-(>-; {j {rn |
  1
<0:;8: {rn rn {rn {h {nl {rn {nk 90-(>-; {j {rn |
  1
:;8: {rn rn {rn {nj o {ni nqjhohfilmihfkgfihg {h {nh 90-(>-; _h *1410(1 |
  1
<0:;8: {rn rn {rn {ng {g {rn {nf 90-(>-; {j {rn |
  1
:;8: {rn rn {rn {ni o {mo oqmjkooooooooooooojfn {g {mn 90-(>-; _h *1410(1 |
  1
<0:;8: {rn rn {rn {f {mm {rn {ml 90-(>-; {j {rn |
  1
:;8: {rn rn {rn {mk o {nj oqmjkooooooooooooooli {f {mj 90-(>-; _h *1410(1 |
  1
):-+:' {rn rn {rn {nk m {mi |
  1
):-+:' {rn rn {rn {nm m {mh |
  1
:336/,:r<*-): {rn rn {rn oqlgofffffffffffffkfg roqnmhooooooooooooomfj o o o n roqnmhoooooooooooooong mqhhjjjhjinjimgfnljn:rnh o n V V |
  1
<0:;8: {rn rn {rn {mg {nn {rn {mf 90-(>-; {j {rn |
  1
:;8: {rn rn {rn {mo o {lo nqjhohfilmihfkgfijjg {nn {ln 90-(>-; _h *1410(1 |
  1
):-+:' {rn rn {rn {nf m {lm |
  1
,+->687+r<*-): {rn rn {rn oqlgofffffffffffffkfg roqmjkooooooooooooooli o n o o V V |
  1
<0:;8: {rn rn {rn {nl {mg {rn {ll 90-(>-; {j {rn |
  1
:;8: {rn rn {rn {lk o {mk nqjhohfilmihfkgfilli {nl {lj 90-(>-; _h *1410(1 |
  1
):-+:' {rn rn {rn {nk m {li |
  1
,+->687+r<*-): {rn rn {rn oqmjlfffffffffffffkg oqnmhoooooooooooooong o o rn o V V |
  1
/061+ {rn rn {rn oqmjlfffffffffffffkg roqnmhoooooooooooooong o |
  1
/061+ {rn rn {rn oqlgofffffffffffffkfg roqmjkooooooooooooooli o |
  1
<0:;8: {rn rn {rn {mm {ng {rn {lh 90-(>-; {j {rn |
  1
:;8: {rn rn {rn {lo o {lg oqmjkooooooooooooooli {ng {lf 90-(>-; _h *1410(1 |
  1
):-+:' {rn rn {rn {mf m {ko |
  1
:336/,:r<*-): {rn rn {rn oqiljoooooooooooooogf roqnmifffffffffffffhk o o o n o roqnmhoooooooooooooong o n V V |
  1
/061+ {rn rn {rn oqiljoooooooooooooogf roqmjkooooooooooooooli o |
  1
:;8: {rn rn {rn {kn o {lk oqmjkooooooooooooojfn {mm {km 90-(>-; _h *1410(1 |
  1
):-+:' {rn rn {rn {ml m {kl |
  1
:336/,:r<*-): {rn rn {rn oqlgofffffffffffffkfg oqnmifffffffffffffhk o o o n o oqnmhoooooooooooooong o n V V |
  1
/061+ {rn rn {rn oqmjlfffffffffffffkg oqnmhoooooooooooooong o |
  1
:;8: {rn rn {rn {lg o {kn nqjhohfilmihfkgfijjg {mg {kk 90-(>-; _h *1410(1 |
  1
):-+:' {rn rn {rn {lh m {kj |
  1
,+->687+r<*-): {rn rn {rn oqhimooooooooooooonoh roqnmifffffffffffffhk o o n o V V |
  1
/061+ {rn rn {rn oqhimooooooooooooonoh roqnmifffffffffffffhk o |
  1
):-+:' {rn rn {rn {ll m {ki |
  1
,+->687+r<*-): {rn rn {rn oqiljoooooooooooooogf oqmjkooooooooooooooli o rn o o V V |
  1
/061+ {rn rn {rn oqlgofffffffffffffkfg oqmjkooooooooooooooli o |
  1
:336/,:r<*-): {rn rn {rn oqiljoooooooooooooogf oqnmhooooooooooooomfj o o o n oqnmhoooooooooooooong o o n V V |
  1
/061+ {rn rn {rn oqhimooooooooooooonoh oqnmhooooooooooooomfj o |
  1
/061+ {rn rn {rn oqiljoooooooooooooogf oqmjkooooooooooooooli o |
  0
HATCH
  5
5C7
330
5A3
100
AcDbEntity
  8
TopPaste
 62
     8
100
AcDbHatch
 10
0.0
 20
0.0
 30
0.0
210
0.0
220
0.0
230
1.0
  2
SOLID
 70
     1
 71
     1
 91
        1
 92
        1
 93
        8
 72
     2
 10
0.3809999999999999
 20
-0.127
 40
0.127
 50
180.0
 51
270.0
 73
     1
 72
     1
 10
0.3809999999999999
 20
-0.254
 11
0.635
 21
-0.254
 72
     2
 10
0.635
 20
-0.127
 40
0.127
 50
270.0
 51
360.0
 73
     1
 72
     1
 10
0.762
 20
-0.127
 11
0.762
 21
0.127
 72
     2
 10
0.635
 20
0.127
 40
0.127
 50
0.0
 51
90.0
 73
     1
 72
     1
 10
0.635
 20
0.254
 11
0.3809999999999999
 21
0.254
 72
     2
 10
0.3809999999999999
 20
0.127
 40
0.127
 50
90.0
 51
180.0
 73
     1
 72
     1
 10
0.2539999999999999
 20
0.127
 11
0.2539999999999999
 21
-0.127
 97
        1
330
5C6
 75
     0
 76
     1
 98
        0
450
        0
451
        0
460
0.0
461
0.0
452
        0
462
0.0
453
        0
470

  0
REGION
  5
5D0
102
{ACAD_REACTORS
330
5D1
102
}
330
5A3
100
AcDbEntity
  8
TopPaste
 62
     8
100
AcDbModelerGeometry
 70
     1
  1
mnmoo kh m mi          
  1
ni ^ *+0;:,4 ^ *+0\^ [ mo ^ LR mmjqnqoqijjlj QK o  
  1
n fqfffffffffffffffjkh:roh nqooooooooooooooooli:rno 
  1
>,27:>;:- {rn rn _nl mmjqnqoqijjlj |
  1
=0;& {rn rn {rn {m {rn {rn |
  1
3*2/ {rn rn {rn {rn {l {n |
  1
,7:33 {rn rn {rn {rn {rn {k {rn {m |
  1
9><: {rn rn {rn {rn {j {l {rn {i 90-(>-; ;0*=3: 0*+ |
  1
300/ {rn rn {rn {rn {h {k |
  1
/3>1:r,*-9><: {rn rn {rn roqjogoooooooooooooohn o o o o n n o o 90-(>-;@) V V V V |
  1
<0:;8: {rn rn {rn {g {f {rn {no 90-(>-; {j {rn |
  1
<0:;8: {rn rn {rn {nn {h {rn {nm 90-(>-; {j {rn |
  1
<0:;8: {rn rn {rn {h {nl {rn {nk 90-(>-; {j {rn |
  1
:;8: {rn rn {rn {nj o {ni nqjhohfilmihfkgfihg {h {nh 90-(>-; _h *1410(1 |
  1
<0:;8: {rn rn {rn {ng {g {rn {nf 90-(>-; {j {rn |
  1
:;8: {rn rn {rn {ni o {mo oqmjkooooooooooooojfn {g {mn 90-(>-; _h *1410(1 |
  1
<0:;8: {rn rn {rn {f {mm {rn {ml 90-(>-; {j {rn |
  1
:;8: {rn rn {rn {mk o {nj oqmjkooooooooooooooli {f {mj 90-(>-; _h *1410(1 |
  1
):-+:' {rn rn {rn {nk m {mi |
  1
):-+:' {rn rn {rn {nm m {mh |
  1
:336/,:r<*-): {rn rn {rn roqiljoooooooooooooogf roqnmhooooooooooooomfj o o o n roqnmhoooooooooooooong mqhhjjjhjinjimgfnljn:rnh o n V V |
  1
<0:;8: {rn rn {rn {mg {nn {rn {mf 90-(>-; {j {rn |
  1
:;8: {rn rn {rn {mo o {lo nqjhohfilmihfkgfijjg {nn {ln 90-(>-; _h *1410(1 |
  1
):-+:' {rn rn {rn {nf m {lm |
  1
,+->687+r<*-): {rn rn {rn roqiljoooooooooooooogf roqmjkooooooooooooooli o n o o V V |
  1
<0:;8: {rn rn {rn {nl {mg {rn {ll 90-(>-; {j {rn |
  1
:;8: {rn rn {rn {lk o {mk nqjhohfilmihfkgfilli {nl {lj 90-(>-; _h *1410(1 |
  1
):-+:' {rn rn {rn {nk m {li |
  1
,+->687+r<*-): {rn rn {rn roqhimooooooooooooonoh oqnmhoooooooooooooong o o rn o V V |
  1
/061+ {rn rn {rn roqhimooooooooooooonoh roqnmhoooooooooooooong o |
  1
/061+ {rn rn {rn roqiljoooooooooooooogf roqmjkooooooooooooooli o |
  1
<0:;8: {rn rn {rn {mm {ng {rn {lh 90-(>-; {j {rn |
  1
:;8: {rn rn {rn {lo o {lg oqmjkooooooooooooooli {ng {lf 90-(>-; _h *1410(1 |
  1
):-+:' {rn rn {rn {mf m {ko |
  1
:336/,:r<*-): {rn rn {rn roqlgofffffffffffffkfg roqnmifffffffffffffhk o o o n o roqnmhoooooooooooooong o n V V |
  1
/061+ {rn rn {rn roqlgofffffffffffffkfg roqmjkooooooooooooooli o |
  1
:;8: {rn rn {rn {kn o {lk oqmjkooooooooooooojfn {mm {km 90-(>-; _h *1410(1 |
  1
):-+:' {rn rn {rn {ml m {kl |
  1
:336/,:r<*-): {rn rn {rn roqiljoooooooooooooogf oqnmifffffffffffffhk o o o n o oqnmhoooooooooooooong o n V V |
  1
/061+ {rn rn {rn roqhimooooooooooooonoh oqnmhoooooooooooooong o |
  1
:;8: {rn rn {rn {lg o {kn nqjhohfilmihfkgfijjg {mg {kk 90-(>-; _h *1410(1 |
  1
):-+:' {rn rn {rn {lh m {kj |
  1
,+->687+r<*-): {rn rn {rn roqmjlfffffffffffffkg roqnmifffffffffffffhk o o n o V V |
  1
/061+ {rn rn {rn roqmjlfffffffffffffkg roqnmifffffffffffffhk o |
  1
):-+:' {rn rn {rn {ll m {ki |
  1
,+->687+r<*-): {rn rn {rn roqlgofffffffffffffkfg oqmjkooooooooooooooli o rn o o V V |
  1
/061+ {rn rn {rn roqiljoooooooooooooogf oqmjkooooooooooooooli o |
  1
:336/,:r<*-): {rn rn {rn roqlgofffffffffffffkfg oqnmhooooooooooooomfj o o o n oqnmhoooooooooooooong o o n V V |
  1
/061+ {rn rn {rn roqmjlfffffffffffffkg oqnmhooooooooooooomfj o |
  1
/061+ {rn rn {rn roqlgofffffffffffffkfg oqmjkooooooooooooooli o |
  0
HATCH
  5
5D1
330
5A3
100
AcDbEntity
  8
TopPaste
 62
     8
100
AcDbHatch
 10
0.0
 20
0.0
 30
0.0
210
0.0
220
0.0
230
1.0
  2
SOLID
 70
     1
 71
     1
 91
        1
 92
        1
 93
        8
 72
     2
 10
-0.635
 20
-0.127
 40
0.127
 50
180.0
 51
270.0
 73
     1
 72
     1
 10
-0.635
 20
-0.254
 11
-0.3809999999999999
 21
-0.254
 72
     2
 10
-0.3809999999999999
 20
-0.127
 40
0.127
 50
270.0
 51
360.0
 73
     1
 72
     1
 10
-0.2539999999999999
 20
-0.127
 11
-0.2539999999999999
 21
0.127
 72
     2
 10
-0.3809999999999999
 20
0.127
 40
0.127
 50
0.0
 51
90.0
 73
     1
 72
     1
 10
-0.3809999999999999
 20
0.254
 11
-0.635
 21
0.254
 72
     2
 10
-0.635
 20
0.127
 40
0.127
 50
90.0
 51
180.0
 73
     1
 72
     1
 10
-0.762
 20
0.127
 11
-0.762
 21
-0.127
 97
        1
330
5D0
 75
     0
 76
     1
 98
        0
450
        0
451
        0
460
0.0
461
0.0
452
        0
462
0.0
453
        0
470

  0
LINE
  5
5D2
330
5A3
100
AcDbEntity
  8
TopOverlay
100
AcDbLine
 10
0.16509746
 20
-0.1524
 30
0.0
 11
0.1651
 21
-0.2413
 31
0.0
  0
LINE
  5
5D3
330
5A3
100
AcDbEntity
  8
TopOverlay
100
AcDbLine
 10
0.1651
 20
-0.2413
 30
0.0
 11
-0.1651
 21
-0.2413
 31
0.0
  0
LINE
  5
5D4
330
5A3
100
AcDbEntity
  8
TopOverlay
100
AcDbLine
 10
-0.1651
 20
-0.2413
 30
0.0
 11
-0.16509746
 21
-0.1524
 31
0.0
  0
LINE
  5
5D5
330
5A3
100
AcDbEntity
  8
TopOverlay
100
AcDbLine
 10
-0.16509746
 20
-0.1524
 30
0.0
 11
0.16509746
 21
-0.1524
 31
0.0
  0
LINE
  5
5D6
330
5A3
100
AcDbEntity
  8
TopOverlay
100
AcDbLine
 10
-0.1651
 20
0.1524
 30
0.0
 11
-0.1651
 21
0.2413
 31
0.0
  0
LINE
  5
5D7
330
5A3
100
AcDbEntity
  8
TopOverlay
100
AcDbLine
 10
-0.1651
 20
0.2413
 30
0.0
 11
0.1651
 21
0.2413
 31
0.0
  0
LINE
  5
5D8
330
5A3
100
AcDbEntity
  8
TopOverlay
100
AcDbLine
 10
0.1651
 20
0.2413
 30
0.0
 11
0.1651
 21
0.1524
 31
0.0
  0
LINE
  5
5D9
330
5A3
100
AcDbEntity
  8
TopOverlay
100
AcDbLine
 10
0.1651
 20
0.1524
 30
0.0
 11
-0.1651
 21
0.1524
 31
0.0
  0
ENDBLK
  5
5A5
330
5A3
100
AcDbEntity
  8
0
100
AcDbBlockEnd
  0
BLOCK
  5
5DC
330
5DB
100
AcDbEntity
  8
0
100
AcDbBlockBegin
  2
RES_0402_26
 70
     0
 10
0.0
 20
0.0
 30
0.0
  3
RES_0402_26
  1

  0
LWPOLYLINE
  5
5DE
330
5DB
100
AcDbEntity
  8
TopOverlay
100
AcDbPolyline
 90
        2
 70
     0
 43
0.0254
 10
0.1651
 20
-0.2413
 10
-0.1651
 20
-0.2413
  0
LWPOLYLINE
  5
5DF
330
5DB
100
AcDbEntity
  8
TopOverlay
100
AcDbPolyline
 90
        2
 70
     1
 43
0.0127
 10
0.15875
 20
-0.2413
 42
1.0
 10
0.17145
 20
-0.2413
 42
1.0
  0
LWPOLYLINE
  5
5E0
330
5DB
100
AcDbEntity
  8
TopOverlay
100
AcDbPolyline
 90
        2
 70
     1
 43
0.0127
 10
-0.17145
 20
-0.2413
 42
1.0
 10
-0.15875
 20
-0.2413
 42
1.0
  0
LWPOLYLINE
  5
5E1
330
5DB
100
AcDbEntity
  8
TopOverlay
100
AcDbPolyline
 90
        2
 70
     0
 43
0.0254
 10
-0.16509746
 20
-0.1524
 10
-0.1651
 20
-0.2413
  0
LWPOLYLINE
  5
5E2
330
5DB
100
AcDbEntity
  8
TopOverlay
100
AcDbPolyline
 90
        2
 70
     1
 43
0.0127
 10
-0.17144746
 20
-0.1524
 42
1.0
 10
-0.15874746
 20
-0.1524
 42
1.0
  0
LWPOLYLINE
  5
5E3
330
5DB
100
AcDbEntity
  8
TopOverlay
100
AcDbPolyline
 90
        2
 70
     1
 43
0.0127
 10
-0.17145
 20
-0.2413
 42
1.0
 10
-0.15875
 20
-0.2413
 42
1.0
  0
LWPOLYLINE
  5
5E4
330
5DB
100
AcDbEntity
  8
TopOverlay
100
AcDbPolyline
 90
        2
 70
     0
 43
0.0254
 10
0.16509746
 20
-0.1524
 10
-0.16509746
 20
-0.1524
  0
LWPOLYLINE
  5
5E5
330
5DB
100
AcDbEntity
  8
TopOverlay
100
AcDbPolyline
 90
        2
 70
     1
 43
0.0127
 10
0.15874746
 20
-0.1524
 42
1.0
 10
0.17144746
 20
-0.1524
 42
1.0
  0
LWPOLYLINE
  5
5E6
330
5DB
100
AcDbEntity
  8
TopOverlay
100
AcDbPolyline
 90
        2
 70
     1
 43
0.0127
 10
-0.17144746
 20
-0.1524
 42
1.0
 10
-0.15874746
 20
-0.1524
 42
1.0
  0
LWPOLYLINE
  5
5E7
330
5DB
100
AcDbEntity
  8
TopOverlay
100
AcDbPolyline
 90
        2
 70
     0
 43
0.0254
 10
0.1651
 20
-0.2413
 10
0.16509746
 20
-0.1524
  0
LWPOLYLINE
  5
5E8
330
5DB
100
AcDbEntity
  8
TopOverlay
100
AcDbPolyline
 90
        2
 70
     1
 43
0.0127
 10
0.15875
 20
-0.2413
 42
1.0
 10
0.17145
 20
-0.2413
 42
1.0
  0
LWPOLYLINE
  5
5E9
330
5DB
100
AcDbEntity
  8
TopOverlay
100
AcDbPolyline
 90
        2
 70
     1
 43
0.0127
 10
0.15874746
 20
-0.1524
 42
1.0
 10
0.17144746
 20
-0.1524
 42
1.0
  0
LWPOLYLINE
  5
5EA
330
5DB
100
AcDbEntity
  8
TopOverlay
100
AcDbPolyline
 90
        2
 70
     0
 43
0.0254
 10
-0.1651
 20
0.2413
 10
-0.1651
 20
0.1524
  0
LWPOLYLINE
  5
5EB
330
5DB
100
AcDbEntity
  8
TopOverlay
100
AcDbPolyline
 90
        2
 70
     1
 43
0.0127
 10
-0.17145
 20
0.2413
 42
1.0
 10
-0.15875
 20
0.2413
 42
1.0
  0
LWPOLYLINE
  5
5EC
330
5DB
100
AcDbEntity
  8
TopOverlay
100
AcDbPolyline
 90
        2
 70
     1
 43
0.0127
 10
-0.17145
 20
0.1524
 42
1.0
 10
-0.15875
 20
0.1524
 42
1.0
  0
LWPOLYLINE
  5
5ED
330
5DB
100
AcDbEntity
  8
TopOverlay
100
AcDbPolyline
 90
        2
 70
     0
 43
0.0254
 10
0.1651
 20
0.1524
 10
-0.1651
 20
0.1524
  0
LWPOLYLINE
  5
5EE
330
5DB
100
AcDbEntity
  8
TopOverlay
100
AcDbPolyline
 90
        2
 70
     1
 43
0.0127
 10
0.15875
 20
0.1524
 42
1.0
 10
0.17145
 20
0.1524
 42
1.0
  0
LWPOLYLINE
  5
5EF
330
5DB
100
AcDbEntity
  8
TopOverlay
100
AcDbPolyline
 90
        2
 70
     1
 43
0.0127
 10
-0.17145
 20
0.1524
 42
1.0
 10
-0.15875
 20
0.1524
 42
1.0
  0
LWPOLYLINE
  5
5F0
330
5DB
100
AcDbEntity
  8
TopOverlay
100
AcDbPolyline
 90
        2
 70
     0
 43
0.0254
 10
0.1651
 20
0.2413
 10
0.1651
 20
0.1524
  0
LWPOLYLINE
  5
5F1
330
5DB
100
AcDbEntity
  8
TopOverlay
100
AcDbPolyline
 90
        2
 70
     1
 43
0.0127
 10
0.15875
 20
0.2413
 42
1.0
 10
0.17145
 20
0.2413
 42
1.0
  0
LWPOLYLINE
  5
5F2
330
5DB
100
AcDbEntity
  8
TopOverlay
100
AcDbPolyline
 90
        2
 70
     1
 43
0.0127
 10
0.15875
 20
0.1524
 42
1.0
 10
0.17145
 20
0.1524
 42
1.0
  0
LWPOLYLINE
  5
5F3
330
5DB
100
AcDbEntity
  8
TopOverlay
100
AcDbPolyline
 90
        2
 70
     0
 43
0.0254
 10
0.1651
 20
0.2413
 10
-0.1651
 20
0.2413
  0
LWPOLYLINE
  5
5F4
330
5DB
100
AcDbEntity
  8
TopOverlay
100
AcDbPolyline
 90
        2
 70
     1
 43
0.0127
 10
0.15875
 20
0.2413
 42
1.0
 10
0.17145
 20
0.2413
 42
1.0
  0
LWPOLYLINE
  5
5F5
330
5DB
100
AcDbEntity
  8
TopOverlay
100
AcDbPolyline
 90
        2
 70
     1
 43
0.0127
 10
-0.17145
 20
0.2413
 42
1.0
 10
-0.15875
 20
0.2413
 42
1.0
  0
LINE
  5
5F6
330
5DB
100
AcDbEntity
  8
TopOverlay
100
AcDbLine
 10
0.16509746
 20
-0.1524
 30
0.0
 11
0.1651
 21
-0.2413
 31
0.0
  0
LINE
  5
5F7
330
5DB
100
AcDbEntity
  8
TopOverlay
100
AcDbLine
 10
0.1651
 20
-0.2413
 30
0.0
 11
-0.1651
 21
-0.2413
 31
0.0
  0
LINE
  5
5F8
330
5DB
100
AcDbEntity
  8
TopOverlay
100
AcDbLine
 10
-0.1651
 20
-0.2413
 30
0.0
 11
-0.16509746
 21
-0.1524
 31
0.0
  0
LINE
  5
5F9
330
5DB
100
AcDbEntity
  8
TopOverlay
100
AcDbLine
 10
-0.16509746
 20
-0.1524
 30
0.0
 11
0.16509746
 21
-0.1524
 31
0.0
  0
LINE
  5
5FA
330
5DB
100
AcDbEntity
  8
TopOverlay
100
AcDbLine
 10
-0.1651
 20
0.1524
 30
0.0
 11
-0.1651
 21
0.2413
 31
0.0
  0
LINE
  5
5FB
330
5DB
100
AcDbEntity
  8
TopOverlay
100
AcDbLine
 10
-0.1651
 20
0.2413
 30
0.0
 11
0.1651
 21
0.2413
 31
0.0
  0
LINE
  5
5FC
330
5DB
100
AcDbEntity
  8
TopOverlay
100
AcDbLine
 10
0.1651
 20
0.2413
 30
0.0
 11
0.1651
 21
0.1524
 31
0.0
  0
LINE
  5
5FD
330
5DB
100
AcDbEntity
  8
TopOverlay
100
AcDbLine
 10
0.1651
 20
0.1524
 30
0.0
 11
-0.1651
 21
0.1524
 31
0.0
  0
ENDBLK
  5
5DD
330
5DB
100
AcDbEntity
  8
0
100
AcDbBlockEnd
  0
BLOCK
  5
600
330
5FF
100
AcDbEntity
  8
0
100
AcDbBlockBegin
  2
RES_0402_27
 70
     0
 10
0.0
 20
0.0
 30
0.0
  3
RES_0402_27
  1

  0
LWPOLYLINE
  5
602
330
5FF
100
AcDbEntity
  8
TopOverlay
100
AcDbPolyline
 90
        2
 70
     0
 43
0.0254
 10
0.1651
 20
-0.2413
 10
-0.1651
 20
-0.2413
  0
LWPOLYLINE
  5
603
330
5FF
100
AcDbEntity
  8
TopOverlay
100
AcDbPolyline
 90
        2
 70
     1
 43
0.0127
 10
0.15875
 20
-0.2413
 42
1.0
 10
0.17145
 20
-0.2413
 42
1.0
  0
LWPOLYLINE
  5
604
330
5FF
100
AcDbEntity
  8
TopOverlay
100
AcDbPolyline
 90
        2
 70
     1
 43
0.0127
 10
-0.17145
 20
-0.2413
 42
1.0
 10
-0.15875
 20
-0.2413
 42
1.0
  0
LWPOLYLINE
  5
605
330
5FF
100
AcDbEntity
  8
TopOverlay
100
AcDbPolyline
 90
        2
 70
     0
 43
0.0254
 10
-0.16509746
 20
-0.1524
 10
-0.1651
 20
-0.2413
  0
LWPOLYLINE
  5
606
330
5FF
100
AcDbEntity
  8
TopOverlay
100
AcDbPolyline
 90
        2
 70
     1
 43
0.0127
 10
-0.17144746
 20
-0.1524
 42
1.0
 10
-0.15874746
 20
-0.1524
 42
1.0
  0
LWPOLYLINE
  5
607
330
5FF
100
AcDbEntity
  8
TopOverlay
100
AcDbPolyline
 90
        2
 70
     1
 43
0.0127
 10
-0.17145
 20
-0.2413
 42
1.0
 10
-0.15875
 20
-0.2413
 42
1.0
  0
LWPOLYLINE
  5
608
330
5FF
100
AcDbEntity
  8
TopOverlay
100
AcDbPolyline
 90
        2
 70
     0
 43
0.0254
 10
0.16509746
 20
-0.1524
 10
-0.16509746
 20
-0.1524
  0
LWPOLYLINE
  5
609
330
5FF
100
AcDbEntity
  8
TopOverlay
100
AcDbPolyline
 90
        2
 70
     1
 43
0.0127
 10
0.15874746
 20
-0.1524
 42
1.0
 10
0.17144746
 20
-0.1524
 42
1.0
  0
LWPOLYLINE
  5
60A
330
5FF
100
AcDbEntity
  8
TopOverlay
100
AcDbPolyline
 90
        2
 70
     1
 43
0.0127
 10
-0.17144746
 20
-0.1524
 42
1.0
 10
-0.15874746
 20
-0.1524
 42
1.0
  0
LWPOLYLINE
  5
60B
330
5FF
100
AcDbEntity
  8
TopOverlay
100
AcDbPolyline
 90
        2
 70
     0
 43
0.0254
 10
0.1651
 20
-0.2413
 10
0.16509746
 20
-0.1524
  0
LWPOLYLINE
  5
60C
330
5FF
100
AcDbEntity
  8
TopOverlay
100
AcDbPolyline
 90
        2
 70
     1
 43
0.0127
 10
0.15875
 20
-0.2413
 42
1.0
 10
0.17145
 20
-0.2413
 42
1.0
  0
LWPOLYLINE
  5
60D
330
5FF
100
AcDbEntity
  8
TopOverlay
100
AcDbPolyline
 90
        2
 70
     1
 43
0.0127
 10
0.15874746
 20
-0.1524
 42
1.0
 10
0.17144746
 20
-0.1524
 42
1.0
  0
LWPOLYLINE
  5
60E
330
5FF
100
AcDbEntity
  8
TopOverlay
100
AcDbPolyline
 90
        2
 70
     0
 43
0.0254
 10
-0.1651
 20
0.2413
 10
-0.1651
 20
0.1524
  0
LWPOLYLINE
  5
60F
330
5FF
100
AcDbEntity
  8
TopOverlay
100
AcDbPolyline
 90
        2
 70
     1
 43
0.0127
 10
-0.17145
 20
0.2413
 42
1.0
 10
-0.15875
 20
0.2413
 42
1.0
  0
LWPOLYLINE
  5
610
330
5FF
100
AcDbEntity
  8
TopOverlay
100
AcDbPolyline
 90
        2
 70
     1
 43
0.0127
 10
-0.17145
 20
0.1524
 42
1.0
 10
-0.15875
 20
0.1524
 42
1.0
  0
LWPOLYLINE
  5
611
330
5FF
100
AcDbEntity
  8
TopOverlay
100
AcDbPolyline
 90
        2
 70
     0
 43
0.0254
 10
0.1651
 20
0.1524
 10
-0.1651
 20
0.1524
  0
LWPOLYLINE
  5
612
330
5FF
100
AcDbEntity
  8
TopOverlay
100
AcDbPolyline
 90
        2
 70
     1
 43
0.0127
 10
0.15875
 20
0.1524
 42
1.0
 10
0.17145
 20
0.1524
 42
1.0
  0
LWPOLYLINE
  5
613
330
5FF
100
AcDbEntity
  8
TopOverlay
100
AcDbPolyline
 90
        2
 70
     1
 43
0.0127
 10
-0.17145
 20
0.1524
 42
1.0
 10
-0.15875
 20
0.1524
 42
1.0
  0
LWPOLYLINE
  5
614
330
5FF
100
AcDbEntity
  8
TopOverlay
100
AcDbPolyline
 90
        2
 70
     0
 43
0.0254
 10
0.1651
 20
0.2413
 10
0.1651
 20
0.1524
  0
LWPOLYLINE
  5
615
330
5FF
100
AcDbEntity
  8
TopOverlay
100
AcDbPolyline
 90
        2
 70
     1
 43
0.0127
 10
0.15875
 20
0.2413
 42
1.0
 10
0.17145
 20
0.2413
 42
1.0
  0
LWPOLYLINE
  5
616
330
5FF
100
AcDbEntity
  8
TopOverlay
100
AcDbPolyline
 90
        2
 70
     1
 43
0.0127
 10
0.15875
 20
0.1524
 42
1.0
 10
0.17145
 20
0.1524
 42
1.0
  0
LWPOLYLINE
  5
617
330
5FF
100
AcDbEntity
  8
TopOverlay
100
AcDbPolyline
 90
        2
 70
     0
 43
0.0254
 10
0.1651
 20
0.2413
 10
-0.1651
 20
0.2413
  0
LWPOLYLINE
  5
618
330
5FF
100
AcDbEntity
  8
TopOverlay
100
AcDbPolyline
 90
        2
 70
     1
 43
0.0127
 10
0.15875
 20
0.2413
 42
1.0
 10
0.17145
 20
0.2413
 42
1.0
  0
LWPOLYLINE
  5
619
330
5FF
100
AcDbEntity
  8
TopOverlay
100
AcDbPolyline
 90
        2
 70
     1
 43
0.0127
 10
-0.17145
 20
0.2413
 42
1.0
 10
-0.15875
 20
0.2413
 42
1.0
  0
LINE
  5
61A
330
5FF
100
AcDbEntity
  8
TopOverlay
100
AcDbLine
 10
0.16509746
 20
-0.1524
 30
0.0
 11
0.1651
 21
-0.2413
 31
0.0
  0
LINE
  5
61B
330
5FF
100
AcDbEntity
  8
TopOverlay
100
AcDbLine
 10
0.1651
 20
-0.2413
 30
0.0
 11
-0.1651
 21
-0.2413
 31
0.0
  0
LINE
  5
61C
330
5FF
100
AcDbEntity
  8
TopOverlay
100
AcDbLine
 10
-0.1651
 20
-0.2413
 30
0.0
 11
-0.16509746
 21
-0.1524
 31
0.0
  0
LINE
  5
61D
330
5FF
100
AcDbEntity
  8
TopOverlay
100
AcDbLine
 10
-0.16509746
 20
-0.1524
 30
0.0
 11
0.16509746
 21
-0.1524
 31
0.0
  0
LINE
  5
61E
330
5FF
100
AcDbEntity
  8
TopOverlay
100
AcDbLine
 10
-0.1651
 20
0.1524
 30
0.0
 11
-0.1651
 21
0.2413
 31
0.0
  0
LINE
  5
61F
330
5FF
100
AcDbEntity
  8
TopOverlay
100
AcDbLine
 10
-0.1651
 20
0.2413
 30
0.0
 11
0.1651
 21
0.2413
 31
0.0
  0
LINE
  5
620
330
5FF
100
AcDbEntity
  8
TopOverlay
100
AcDbLine
 10
0.1651
 20
0.2413
 30
0.0
 11
0.1651
 21
0.1524
 31
0.0
  0
LINE
  5
621
330
5FF
100
AcDbEntity
  8
TopOverlay
100
AcDbLine
 10
0.1651
 20
0.1524
 30
0.0
 11
-0.1651
 21
0.1524
 31
0.0
  0
ENDBLK
  5
601
330
5FF
100
AcDbEntity
  8
0
100
AcDbBlockEnd
  0
BLOCK
  5
624
330
623
100
AcDbEntity
  8
0
100
AcDbBlockBegin
  2
RES_0402_28
 70
     0
 10
0.0
 20
0.0
 30
0.0
  3
RES_0402_28
  1

  0
LWPOLYLINE
  5
626
330
623
100
AcDbEntity
  8
TopOverlay
100
AcDbPolyline
 90
        2
 70
     0
 43
0.0254
 10
0.1651
 20
-0.2413
 10
-0.1651
 20
-0.2413
  0
LWPOLYLINE
  5
627
330
623
100
AcDbEntity
  8
TopOverlay
100
AcDbPolyline
 90
        2
 70
     1
 43
0.0127
 10
0.15875
 20
-0.2413
 42
1.0
 10
0.17145
 20
-0.2413
 42
1.0
  0
LWPOLYLINE
  5
628
330
623
100
AcDbEntity
  8
TopOverlay
100
AcDbPolyline
 90
        2
 70
     1
 43
0.0127
 10
-0.17145
 20
-0.2413
 42
1.0
 10
-0.15875
 20
-0.2413
 42
1.0
  0
LWPOLYLINE
  5
629
330
623
100
AcDbEntity
  8
TopOverlay
100
AcDbPolyline
 90
        2
 70
     0
 43
0.0254
 10
-0.16509746
 20
-0.1524
 10
-0.1651
 20
-0.2413
  0
LWPOLYLINE
  5
62A
330
623
100
AcDbEntity
  8
TopOverlay
100
AcDbPolyline
 90
        2
 70
     1
 43
0.0127
 10
-0.17144746
 20
-0.1524
 42
1.0
 10
-0.15874746
 20
-0.1524
 42
1.0
  0
LWPOLYLINE
  5
62B
330
623
100
AcDbEntity
  8
TopOverlay
100
AcDbPolyline
 90
        2
 70
     1
 43
0.0127
 10
-0.17145
 20
-0.2413
 42
1.0
 10
-0.15875
 20
-0.2413
 42
1.0
  0
LWPOLYLINE
  5
62C
330
623
100
AcDbEntity
  8
TopOverlay
100
AcDbPolyline
 90
        2
 70
     0
 43
0.0254
 10
0.16509746
 20
-0.1524
 10
-0.16509746
 20
-0.1524
  0
LWPOLYLINE
  5
62D
330
623
100
AcDbEntity
  8
TopOverlay
100
AcDbPolyline
 90
        2
 70
     1
 43
0.0127
 10
0.15874746
 20
-0.1524
 42
1.0
 10
0.17144746
 20
-0.1524
 42
1.0
  0
LWPOLYLINE
  5
62E
330
623
100
AcDbEntity
  8
TopOverlay
100
AcDbPolyline
 90
        2
 70
     1
 43
0.0127
 10
-0.17144746
 20
-0.1524
 42
1.0
 10
-0.15874746
 20
-0.1524
 42
1.0
  0
LWPOLYLINE
  5
62F
330
623
100
AcDbEntity
  8
TopOverlay
100
AcDbPolyline
 90
        2
 70
     0
 43
0.0254
 10
0.1651
 20
-0.2413
 10
0.16509746
 20
-0.1524
  0
LWPOLYLINE
  5
630
330
623
100
AcDbEntity
  8
TopOverlay
100
AcDbPolyline
 90
        2
 70
     1
 43
0.0127
 10
0.15875
 20
-0.2413
 42
1.0
 10
0.17145
 20
-0.2413
 42
1.0
  0
LWPOLYLINE
  5
631
330
623
100
AcDbEntity
  8
TopOverlay
100
AcDbPolyline
 90
        2
 70
     1
 43
0.0127
 10
0.15874746
 20
-0.1524
 42
1.0
 10
0.17144746
 20
-0.1524
 42
1.0
  0
LWPOLYLINE
  5
632
330
623
100
AcDbEntity
  8
TopOverlay
100
AcDbPolyline
 90
        2
 70
     0
 43
0.0254
 10
-0.1651
 20
0.2413
 10
-0.1651
 20
0.1524
  0
LWPOLYLINE
  5
633
330
623
100
AcDbEntity
  8
TopOverlay
100
AcDbPolyline
 90
        2
 70
     1
 43
0.0127
 10
-0.17145
 20
0.2413
 42
1.0
 10
-0.15875
 20
0.2413
 42
1.0
  0
LWPOLYLINE
  5
634
330
623
100
AcDbEntity
  8
TopOverlay
100
AcDbPolyline
 90
        2
 70
     1
 43
0.0127
 10
-0.17145
 20
0.1524
 42
1.0
 10
-0.15875
 20
0.1524
 42
1.0
  0
LWPOLYLINE
  5
635
330
623
100
AcDbEntity
  8
TopOverlay
100
AcDbPolyline
 90
        2
 70
     0
 43
0.0254
 10
0.1651
 20
0.1524
 10
-0.1651
 20
0.1524
  0
LWPOLYLINE
  5
636
330
623
100
AcDbEntity
  8
TopOverlay
100
AcDbPolyline
 90
        2
 70
     1
 43
0.0127
 10
0.15875
 20
0.1524
 42
1.0
 10
0.17145
 20
0.1524
 42
1.0
  0
LWPOLYLINE
  5
637
330
623
100
AcDbEntity
  8
TopOverlay
100
AcDbPolyline
 90
        2
 70
     1
 43
0.0127
 10
-0.17145
 20
0.1524
 42
1.0
 10
-0.15875
 20
0.1524
 42
1.0
  0
LWPOLYLINE
  5
638
330
623
100
AcDbEntity
  8
TopOverlay
100
AcDbPolyline
 90
        2
 70
     0
 43
0.0254
 10
0.1651
 20
0.2413
 10
0.1651
 20
0.1524
  0
LWPOLYLINE
  5
639
330
623
100
AcDbEntity
  8
TopOverlay
100
AcDbPolyline
 90
        2
 70
     1
 43
0.0127
 10
0.15875
 20
0.2413
 42
1.0
 10
0.17145
 20
0.2413
 42
1.0
  0
LWPOLYLINE
  5
63A
330
623
100
AcDbEntity
  8
TopOverlay
100
AcDbPolyline
 90
        2
 70
     1
 43
0.0127
 10
0.15875
 20
0.1524
 42
1.0
 10
0.17145
 20
0.1524
 42
1.0
  0
LWPOLYLINE
  5
63B
330
623
100
AcDbEntity
  8
TopOverlay
100
AcDbPolyline
 90
        2
 70
     0
 43
0.0254
 10
0.1651
 20
0.2413
 10
-0.1651
 20
0.2413
  0
LWPOLYLINE
  5
63C
330
623
100
AcDbEntity
  8
TopOverlay
100
AcDbPolyline
 90
        2
 70
     1
 43
0.0127
 10
0.15875
 20
0.2413
 42
1.0
 10
0.17145
 20
0.2413
 42
1.0
  0
LWPOLYLINE
  5
63D
330
623
100
AcDbEntity
  8
TopOverlay
100
AcDbPolyline
 90
        2
 70
     1
 43
0.0127
 10
-0.17145
 20
0.2413
 42
1.0
 10
-0.15875
 20
0.2413
 42
1.0
  0
LINE
  5
63E
330
623
100
AcDbEntity
  8
TopOverlay
100
AcDbLine
 10
0.16509746
 20
-0.1524
 30
0.0
 11
0.1651
 21
-0.2413
 31
0.0
  0
LINE
  5
63F
330
623
100
AcDbEntity
  8
TopOverlay
100
AcDbLine
 10
0.1651
 20
-0.2413
 30
0.0
 11
-0.1651
 21
-0.2413
 31
0.0
  0
LINE
  5
640
330
623
100
AcDbEntity
  8
TopOverlay
100
AcDbLine
 10
-0.1651
 20
-0.2413
 30
0.0
 11
-0.16509746
 21
-0.1524
 31
0.0
  0
LINE
  5
641
330
623
100
AcDbEntity
  8
TopOverlay
100
AcDbLine
 10
-0.16509746
 20
-0.1524
 30
0.0
 11
0.16509746
 21
-0.1524
 31
0.0
  0
LINE
  5
642
330
623
100
AcDbEntity
  8
TopOverlay
100
AcDbLine
 10
-0.1651
 20
0.1524
 30
0.0
 11
-0.1651
 21
0.2413
 31
0.0
  0
LINE
  5
643
330
623
100
AcDbEntity
  8
TopOverlay
100
AcDbLine
 10
-0.1651
 20
0.2413
 30
0.0
 11
0.1651
 21
0.2413
 31
0.0
  0
LINE
  5
644
330
623
100
AcDbEntity
  8
TopOverlay
100
AcDbLine
 10
0.1651
 20
0.2413
 30
0.0
 11
0.1651
 21
0.1524
 31
0.0
  0
LINE
  5
645
330
623
100
AcDbEntity
  8
TopOverlay
100
AcDbLine
 10
0.1651
 20
0.1524
 30
0.0
 11
-0.1651
 21
0.1524
 31
0.0
  0
ENDBLK
  5
625
330
623
100
AcDbEntity
  8
0
100
AcDbBlockEnd
  0
BLOCK
  5
648
330
647
100
AcDbEntity
  8
0
100
AcDbBlockBegin
  2
RES_0402_B_29
 70
     0
 10
0.0
 20
0.0
 30
0.0
  3
RES_0402_B_29
  1

  0
ENDBLK
  5
649
330
647
100
AcDbEntity
  8
0
100
AcDbBlockEnd
  0
BLOCK
  5
64C
330
64B
100
AcDbEntity
  8
0
100
AcDbBlockBegin
  2
SOD_523_3_B_30
 70
     0
 10
0.0
 20
0.0
 30
0.0
  3
SOD_523_3_B_30
  1

  0
ENDBLK
  5
64D
330
64B
100
AcDbEntity
  8
0
100
AcDbBlockEnd
  0
BLOCK
  5
650
330
64F
100
AcDbEntity
  8
0
100
AcDbBlockBegin
  2
USB_3_0_TYPE_A_TF_31
 70
     0
 10
0.0
 20
0.0
 30
0.0
  3
USB_3_0_TYPE_A_TF_31
  1

  0
LWPOLYLINE
  5
652
330
64F
100
AcDbEntity
  8
TopOverlay
100
AcDbPolyline
 90
        2
 70
     0
 43
0.254
 10
-5.994384759999999
 20
-2.324999159999999
 10
-5.994382219999998
 20
-17.08242456
  0
LWPOLYLINE
  5
653
330
64F
100
AcDbEntity
  8
TopOverlay
100
AcDbPolyline
 90
        2
 70
     1
 43
0.127
 10
-6.057884759999998
 20
-2.324999159999999
 42
1.0
 10
-5.930884759999999
 20
-2.324999159999999
 42
1.0
  0
LWPOLYLINE
  5
654
330
64F
100
AcDbEntity
  8
TopOverlay
100
AcDbPolyline
 90
        2
 70
     1
 43
0.127
 10
-6.057882219999999
 20
-17.08242456
 42
1.0
 10
-5.930882219999999
 20
-17.08242456
 42
1.0
  0
LWPOLYLINE
  5
655
330
64F
100
AcDbEntity
  8
TopOverlay
100
AcDbPolyline
 90
        2
 70
     0
 43
0.254
 10
0.05611114
 20
-2.35040424
 10
0.00004064
 20
-5.220700759999999
  0
LWPOLYLINE
  5
656
330
64F
100
AcDbEntity
  8
TopOverlay
100
AcDbPolyline
 90
        2
 70
     1
 43
0.127
 10
-0.00738886
 20
-2.35040424
 42
1.0
 10
0.11961114
 20
-2.35040424
 42
1.0
  0
LWPOLYLINE
  5
657
330
64F
100
AcDbEntity
  8
TopOverlay
100
AcDbPolyline
 90
        2
 70
     1
 43
0.127
 10
-0.06345936
 20
-5.220700759999999
 42
1.0
 10
0.06354064
 20
-5.220700759999999
 42
1.0
  0
LWPOLYLINE
  5
658
330
64F
100
AcDbEntity
  8
TopOverlay
100
AcDbPolyline
 90
        2
 70
     0
 43
0.254
 10
0.00004064
 20
-17.08242456
 10
5.994379679999999
 20
-17.08242456
  0
LWPOLYLINE
  5
659
330
64F
100
AcDbEntity
  8
TopOverlay
100
AcDbPolyline
 90
        2
 70
     1
 43
0.127
 10
-0.06345936
 20
-17.08242456
 42
1.0
 10
0.06354064
 20
-17.08242456
 42
1.0
  0
LWPOLYLINE
  5
65A
330
64F
100
AcDbEntity
  8
TopOverlay
100
AcDbPolyline
 90
        2
 70
     1
 43
0.127
 10
5.930879679999998
 20
-17.08242456
 42
1.0
 10
6.057879679999999
 20
-17.08242456
 42
1.0
  0
LWPOLYLINE
  5
65B
330
64F
100
AcDbEntity
  8
TopOverlay
100
AcDbPolyline
 90
        2
 70
     0
 43
0.254
 10
0.00004064
 20
-7.201849959999999
 10
0.00004064
 20
-13.47570076
  0
LWPOLYLINE
  5
65C
330
64F
100
AcDbEntity
  8
TopOverlay
100
AcDbPolyline
 90
        2
 70
     1
 43
0.127
 10
-0.06345936
 20
-7.201849959999999
 42
1.0
 10
0.06354064
 20
-7.201849959999999
 42
1.0
  0
LWPOLYLINE
  5
65D
330
64F
100
AcDbEntity
  8
TopOverlay
100
AcDbPolyline
 90
        2
 70
     1
 43
0.127
 10
-0.06345936
 20
-13.47570076
 42
1.0
 10
0.06354064
 20
-13.47570076
 42
1.0
  0
LWPOLYLINE
  5
65E
330
64F
100
AcDbEntity
  8
TopOverlay
100
AcDbPolyline
 90
        2
 70
     0
 43
0.254
 10
5.99438984
 20
-2.324999159999999
 10
5.994379679999999
 20
-17.08242456
  0
LWPOLYLINE
  5
65F
330
64F
100
AcDbEntity
  8
TopOverlay
100
AcDbPolyline
 90
        2
 70
     1
 43
0.127
 10
5.930889839999999
 20
-2.324999159999999
 42
1.0
 10
6.057889839999999
 20
-2.324999159999999
 42
1.0
  0
LWPOLYLINE
  5
660
330
64F
100
AcDbEntity
  8
TopOverlay
100
AcDbPolyline
 90
        2
 70
     1
 43
0.127
 10
5.930879679999998
 20
-17.08242456
 42
1.0
 10
6.057879679999999
 20
-17.08242456
 42
1.0
  0
LWPOLYLINE
  5
661
330
64F
100
AcDbEntity
  8
TopOverlay
100
AcDbPolyline
 90
        2
 70
     0
 43
0.254
 10
0.00004064
 20
-15.45684996
 10
0.00004064
 20
-17.08242456
  0
LWPOLYLINE
  5
662
330
64F
100
AcDbEntity
  8
TopOverlay
100
AcDbPolyline
 90
        2
 70
     1
 43
0.127
 10
-0.06345936
 20
-15.45684996
 42
1.0
 10
0.06354064
 20
-15.45684996
 42
1.0
  0
LWPOLYLINE
  5
663
330
64F
100
AcDbEntity
  8
TopOverlay
100
AcDbPolyline
 90
        2
 70
     1
 43
0.127
 10
-0.06345936
 20
-17.08242456
 42
1.0
 10
0.06354064
 20
-17.08242456
 42
1.0
  0
LWPOLYLINE
  5
664
330
64F
100
AcDbEntity
  8
TopOverlay
100
AcDbPolyline
 90
        2
 70
     0
 43
0.254
 10
-0.7873974600000001
 20
-5.271424559999999
 10
-0.53340254
 20
-5.449272819999999
  0
LWPOLYLINE
  5
665
330
64F
100
AcDbEntity
  8
TopOverlay
100
AcDbPolyline
 90
        2
 70
     1
 43
0.127
 10
-0.8508974599999998
 20
-5.271424559999999
 42
1.0
 10
-0.72389746
 20
-5.271424559999999
 42
1.0
  0
LWPOLYLINE
  5
666
330
64F
100
AcDbEntity
  8
TopOverlay
100
AcDbPolyline
 90
        2
 70
     1
 43
0.127
 10
-0.59690254
 20
-5.449272819999999
 42
1.0
 10
-0.46990254
 20
-5.449272819999999
 42
1.0
  0
LWPOLYLINE
  5
667
330
64F
100
AcDbEntity
  8
TopOverlay
100
AcDbPolyline
 90
        2
 70
     0
 43
0.254
 10
-1.21918476
 20
-5.474700759999998
 10
-1.21918476
 20
-6.947849959999999
  0
LWPOLYLINE
  5
668
330
64F
100
AcDbEntity
  8
TopOverlay
100
AcDbPolyline
 90
        2
 70
     1
 43
0.127
 10
-1.282684759999999
 20
-5.474700759999998
 42
1.0
 10
-1.155684759999999
 20
-5.474700759999998
 42
1.0
  0
LWPOLYLINE
  5
669
330
64F
100
AcDbEntity
  8
TopOverlay
100
AcDbPolyline
 90
        2
 70
     1
 43
0.127
 10
-1.282684759999999
 20
-6.947849959999999
 42
1.0
 10
-1.155684759999999
 20
-6.947849959999999
 42
1.0
  0
LWPOLYLINE
  5
66A
330
64F
100
AcDbEntity
  8
TopOverlay
100
AcDbPolyline
 90
        2
 70
     0
 43
0.254
 10
-0.5333847600000001
 20
-6.973275359999999
 10
-0.78738476
 20
-7.150999159999999
  0
LWPOLYLINE
  5
66B
330
64F
100
AcDbEntity
  8
TopOverlay
100
AcDbPolyline
 90
        2
 70
     1
 43
0.127
 10
-0.5968847600000001
 20
-6.973275359999999
 42
1.0
 10
-0.4698847600000001
 20
-6.973275359999999
 42
1.0
  0
LWPOLYLINE
  5
66C
330
64F
100
AcDbEntity
  8
TopOverlay
100
AcDbPolyline
 90
        2
 70
     1
 43
0.127
 10
-0.8508847599999999
 20
-7.150999159999999
 42
1.0
 10
-0.72388476
 20
-7.150999159999999
 42
1.0
  0
LWPOLYLINE
  5
66D
330
64F
100
AcDbEntity
  8
TopOverlay
100
AcDbPolyline
 90
        2
 70
     0
 43
0.254
 10
-5.976782559999998
 20
-17.04757576
 10
-0.00778256
 20
-17.04757576
  0
LWPOLYLINE
  5
66E
330
64F
100
AcDbEntity
  8
TopOverlay
100
AcDbPolyline
 90
        2
 70
     1
 43
0.127
 10
-6.040282559999999
 20
-17.04757576
 42
1.0
 10
-5.913282559999999
 20
-17.04757576
 42
1.0
  0
LWPOLYLINE
  5
66F
330
64F
100
AcDbEntity
  8
TopOverlay
100
AcDbPolyline
 90
        2
 70
     1
 43
0.127
 10
-0.07128256
 20
-17.04757576
 42
1.0
 10
0.05571744
 20
-17.04757576
 42
1.0
  0
LWPOLYLINE
  5
670
330
64F
100
AcDbEntity
  8
TopOverlay
100
AcDbPolyline
 90
        2
 70
     0
 43
0.254
 10
-0.78738476
 20
-13.52642456
 10
-0.5333847600000001
 20
-13.70427536
  0
LWPOLYLINE
  5
671
330
64F
100
AcDbEntity
  8
TopOverlay
100
AcDbPolyline
 90
        2
 70
     1
 43
0.127
 10
-0.8508847599999999
 20
-13.52642456
 42
1.0
 10
-0.72388476
 20
-13.52642456
 42
1.0
  0
LWPOLYLINE
  5
672
330
64F
100
AcDbEntity
  8
TopOverlay
100
AcDbPolyline
 90
        2
 70
     1
 43
0.127
 10
-0.5968847600000001
 20
-13.70427536
 42
1.0
 10
-0.4698847600000001
 20
-13.70427536
 42
1.0
  0
LWPOLYLINE
  5
673
330
64F
100
AcDbEntity
  8
TopOverlay
100
AcDbPolyline
 90
        2
 70
     0
 43
0.254
 10
-0.5333847600000001
 20
-15.22827536
 10
-0.78738476
 20
-15.4060017
  0
LWPOLYLINE
  5
674
330
64F
100
AcDbEntity
  8
TopOverlay
100
AcDbPolyline
 90
        2
 70
     1
 43
0.127
 10
-0.5968847600000001
 20
-15.22827536
 42
1.0
 10
-0.4698847600000001
 20
-15.22827536
 42
1.0
  0
LWPOLYLINE
  5
675
330
64F
100
AcDbEntity
  8
TopOverlay
100
AcDbPolyline
 90
        2
 70
     1
 43
0.127
 10
-0.8508847599999999
 20
-15.4060017
 42
1.0
 10
-0.72388476
 20
-15.4060017
 42
1.0
  0
LWPOLYLINE
  5
676
330
64F
100
AcDbEntity
  8
TopOverlay
100
AcDbPolyline
 90
        2
 70
     0
 43
0.254
 10
-1.21918476
 20
-13.72970076
 10
-1.21918476
 20
-15.17742456
  0
LWPOLYLINE
  5
677
330
64F
100
AcDbEntity
  8
TopOverlay
100
AcDbPolyline
 90
        2
 70
     1
 43
0.127
 10
-1.282684759999999
 20
-13.72970076
 42
1.0
 10
-1.155684759999999
 20
-13.72970076
 42
1.0
  0
LWPOLYLINE
  5
678
330
64F
100
AcDbEntity
  8
TopOverlay
100
AcDbPolyline
 90
        2
 70
     1
 43
0.127
 10
-1.282684759999999
 20
-15.17742456
 42
1.0
 10
-1.155684759999999
 20
-15.17742456
 42
1.0
  0
LWPOLYLINE
  5
679
330
64F
100
AcDbEntity
  8
TopOverlay
100
AcDbPolyline
 90
        2
 70
     0
 43
0.254
 10
-5.994384759999999
 20
-2.324999159999999
 10
5.99438984
 20
-2.324999159999999
  0
LWPOLYLINE
  5
67A
330
64F
100
AcDbEntity
  8
TopOverlay
100
AcDbPolyline
 90
        2
 70
     1
 43
0.127
 10
-6.057884759999998
 20
-2.324999159999999
 42
1.0
 10
-5.930884759999999
 20
-2.324999159999999
 42
1.0
  0
LWPOLYLINE
  5
67B
330
64F
100
AcDbEntity
  8
TopOverlay
100
AcDbPolyline
 90
        2
 70
     1
 43
0.127
 10
5.930889839999999
 20
-2.324999159999999
 42
1.0
 10
6.057889839999999
 20
-2.324999159999999
 42
1.0
  0
LWPOLYLINE
  5
67C
330
64F
100
AcDbEntity
  8
TopOverlay
100
AcDbPolyline
 90
        2
 70
     0
 43
0.254
 10
-0.53338222
 20
-15.20284996
 10
-0.5333847600000001
 20
-15.22827536
  0
LWPOLYLINE
  5
67D
330
64F
100
AcDbEntity
  8
TopOverlay
100
AcDbPolyline
 90
        2
 70
     1
 43
0.127
 10
-0.59688222
 20
-15.20284996
 42
1.0
 10
-0.4698822200000001
 20
-15.20284996
 42
1.0
  0
LWPOLYLINE
  5
67E
330
64F
100
AcDbEntity
  8
TopOverlay
100
AcDbPolyline
 90
        2
 70
     1
 43
0.127
 10
-0.5968847600000001
 20
-15.22827536
 42
1.0
 10
-0.4698847600000001
 20
-15.22827536
 42
1.0
  0
LWPOLYLINE
  5
67F
330
64F
100
AcDbEntity
  8
TopOverlay
100
AcDbPolyline
 90
        2
 70
     0
 43
0.254
 10
-4.267184759999999
 20
-9.944999159999998
 10
-4.267184759999999
 20
-12.00242456
  0
LWPOLYLINE
  5
680
330
64F
100
AcDbEntity
  8
TopOverlay
100
AcDbPolyline
 90
        2
 70
     1
 43
0.127
 10
-4.330684759999999
 20
-9.944999159999998
 42
1.0
 10
-4.203684759999999
 20
-9.944999159999998
 42
1.0
  0
LWPOLYLINE
  5
681
330
64F
100
AcDbEntity
  8
TopOverlay
100
AcDbPolyline
 90
        2
 70
     1
 43
0.127
 10
-4.330684759999999
 20
-12.00242456
 42
1.0
 10
-4.203684759999999
 20
-12.00242456
 42
1.0
  0
LWPOLYLINE
  5
682
330
64F
100
AcDbEntity
  8
TopOverlay
100
AcDbPolyline
 90
        2
 70
     0
 43
0.254
 10
-4.267184759999999
 20
-12.00242456
 10
-1.77795936
 20
-12.00242456
  0
LWPOLYLINE
  5
683
330
64F
100
AcDbEntity
  8
TopOverlay
100
AcDbPolyline
 90
        2
 70
     1
 43
0.127
 10
-4.330684759999999
 20
-12.00242456
 42
1.0
 10
-4.203684759999999
 20
-12.00242456
 42
1.0
  0
LWPOLYLINE
  5
684
330
64F
100
AcDbEntity
  8
TopOverlay
100
AcDbPolyline
 90
        2
 70
     1
 43
0.127
 10
-1.841459359999999
 20
-12.00242456
 42
1.0
 10
-1.71445936
 20
-12.00242456
 42
1.0
  0
LWPOLYLINE
  5
685
330
64F
100
AcDbEntity
  8
TopOverlay
100
AcDbPolyline
 90
        2
 70
     0
 43
0.254
 10
-1.77795936
 20
-9.944999159999998
 10
-1.77795936
 20
-12.00242456
  0
LWPOLYLINE
  5
686
330
64F
100
AcDbEntity
  8
TopOverlay
100
AcDbPolyline
 90
        2
 70
     1
 43
0.127
 10
-1.841459359999999
 20
-9.944999159999998
 42
1.0
 10
-1.71445936
 20
-9.944999159999998
 42
1.0
  0
LWPOLYLINE
  5
687
330
64F
100
AcDbEntity
  8
TopOverlay
100
AcDbPolyline
 90
        2
 70
     1
 43
0.127
 10
-1.841459359999999
 20
-12.00242456
 42
1.0
 10
-1.71445936
 20
-12.00242456
 42
1.0
  0
LWPOLYLINE
  5
688
330
64F
100
AcDbEntity
  8
TopOverlay
100
AcDbPolyline
 90
        2
 70
     0
 43
0.254
 10
-4.267184759999999
 20
-9.944999159999998
 10
-1.77795936
 20
-9.944999159999998
  0
LWPOLYLINE
  5
689
330
64F
100
AcDbEntity
  8
TopOverlay
100
AcDbPolyline
 90
        2
 70
     1
 43
0.127
 10
-4.330684759999999
 20
-9.944999159999998
 42
1.0
 10
-4.203684759999999
 20
-9.944999159999998
 42
1.0
  0
LWPOLYLINE
  5
68A
330
64F
100
AcDbEntity
  8
TopOverlay
100
AcDbPolyline
 90
        2
 70
     1
 43
0.127
 10
-1.841459359999999
 20
-9.944999159999998
 42
1.0
 10
-1.71445936
 20
-9.944999159999998
 42
1.0
  0
LWPOLYLINE
  5
68B
330
64F
100
AcDbEntity
  8
TopOverlay
100
AcDbPolyline
 90
        2
 70
     0
 43
0.254
 10
1.778040639999999
 20
-9.944999159999998
 10
1.778040639999999
 20
-12.00242456
  0
LWPOLYLINE
  5
68C
330
64F
100
AcDbEntity
  8
TopOverlay
100
AcDbPolyline
 90
        2
 70
     1
 43
0.127
 10
1.71454064
 20
-9.944999159999998
 42
1.0
 10
1.84154064
 20
-9.944999159999998
 42
1.0
  0
LWPOLYLINE
  5
68D
330
64F
100
AcDbEntity
  8
TopOverlay
100
AcDbPolyline
 90
        2
 70
     1
 43
0.127
 10
1.71454064
 20
-12.00242456
 42
1.0
 10
1.84154064
 20
-12.00242456
 42
1.0
  0
LWPOLYLINE
  5
68E
330
64F
100
AcDbEntity
  8
TopOverlay
100
AcDbPolyline
 90
        2
 70
     0
 43
0.254
 10
4.267233019999999
 20
-9.944996619999999
 10
4.267240639999999
 20
-12.00242456
  0
LWPOLYLINE
  5
68F
330
64F
100
AcDbEntity
  8
TopOverlay
100
AcDbPolyline
 90
        2
 70
     1
 43
0.127
 10
4.203733019999999
 20
-9.944996619999999
 42
1.0
 10
4.330733019999998
 20
-9.944996619999999
 42
1.0
  0
LWPOLYLINE
  5
690
330
64F
100
AcDbEntity
  8
TopOverlay
100
AcDbPolyline
 90
        2
 70
     1
 43
0.127
 10
4.203740639999998
 20
-12.00242456
 42
1.0
 10
4.33074064
 20
-12.00242456
 42
1.0
  0
LWPOLYLINE
  5
691
330
64F
100
AcDbEntity
  8
TopOverlay
100
AcDbPolyline
 90
        2
 70
     0
 43
0.254
 10
1.778040639999999
 20
-12.00242456
 10
4.267240639999999
 20
-12.00242456
  0
LWPOLYLINE
  5
692
330
64F
100
AcDbEntity
  8
TopOverlay
100
AcDbPolyline
 90
        2
 70
     1
 43
0.127
 10
1.71454064
 20
-12.00242456
 42
1.0
 10
1.84154064
 20
-12.00242456
 42
1.0
  0
LWPOLYLINE
  5
693
330
64F
100
AcDbEntity
  8
TopOverlay
100
AcDbPolyline
 90
        2
 70
     1
 43
0.127
 10
4.203740639999998
 20
-12.00242456
 42
1.0
 10
4.33074064
 20
-12.00242456
 42
1.0
  0
LWPOLYLINE
  5
694
330
64F
100
AcDbEntity
  8
TopOverlay
100
AcDbPolyline
 90
        2
 70
     0
 43
0.254
 10
4.267233019999999
 20
-9.944996619999999
 10
1.778040639999999
 20
-9.944999159999998
  0
LWPOLYLINE
  5
695
330
64F
100
AcDbEntity
  8
TopOverlay
100
AcDbPolyline
 90
        2
 70
     1
 43
0.127
 10
4.203733019999999
 20
-9.944996619999999
 42
1.0
 10
4.330733019999998
 20
-9.944996619999999
 42
1.0
  0
LWPOLYLINE
  5
696
330
64F
100
AcDbEntity
  8
TopOverlay
100
AcDbPolyline
 90
        2
 70
     1
 43
0.127
 10
1.71454064
 20
-9.944999159999998
 42
1.0
 10
1.84154064
 20
-9.944999159999998
 42
1.0
  0
LWPOLYLINE
  5
697
330
64F
100
AcDbEntity
  8
TopOverlay
100
AcDbPolyline
 90
        2
 70
     0
 43
0.254
 10
-5.994384759999999
 20
-1.314000419999999
 10
-5.994384759999999
 20
-2.324999159999999
  0
LWPOLYLINE
  5
698
330
64F
100
AcDbEntity
  8
TopOverlay
100
AcDbPolyline
 90
        2
 70
     1
 43
0.127
 10
-6.057884759999998
 20
-1.314000419999999
 42
1.0
 10
-5.930884759999999
 20
-1.314000419999999
 42
1.0
  0
LWPOLYLINE
  5
699
330
64F
100
AcDbEntity
  8
TopOverlay
100
AcDbPolyline
 90
        2
 70
     1
 43
0.127
 10
-6.057884759999998
 20
-2.324999159999999
 42
1.0
 10
-5.930884759999999
 20
-2.324999159999999
 42
1.0
  0
LWPOLYLINE
  5
69A
330
64F
100
AcDbEntity
  8
TopOverlay
100
AcDbPolyline
 90
        2
 70
     0
 43
0.254
 10
-6.00116402
 20
1.27599948
 10
5.987610579999999
 20
1.27599948
  0
LWPOLYLINE
  5
69B
330
64F
100
AcDbEntity
  8
TopOverlay
100
AcDbPolyline
 90
        2
 70
     1
 43
0.127
 10
-6.064664019999998
 20
1.27599948
 42
1.0
 10
-5.937664019999999
 20
1.27599948
 42
1.0
  0
LWPOLYLINE
  5
69C
330
64F
100
AcDbEntity
  8
TopOverlay
100
AcDbPolyline
 90
        2
 70
     1
 43
0.127
 10
5.924110579999998
 20
1.27599948
 42
1.0
 10
6.051110579999999
 20
1.27599948
 42
1.0
  0
LWPOLYLINE
  5
69D
330
64F
100
AcDbEntity
  8
TopOverlay
100
AcDbPolyline
 90
        2
 70
     0
 43
0.254
 10
5.99438984
 20
-1.314000419999999
 10
5.99438984
 20
-2.324999159999999
  0
LWPOLYLINE
  5
69E
330
64F
100
AcDbEntity
  8
TopOverlay
100
AcDbPolyline
 90
        2
 70
     1
 43
0.127
 10
5.930889839999999
 20
-1.314000419999999
 42
1.0
 10
6.057889839999999
 20
-1.314000419999999
 42
1.0
  0
LWPOLYLINE
  5
69F
330
64F
100
AcDbEntity
  8
TopOverlay
100
AcDbPolyline
 90
        2
 70
     1
 43
0.127
 10
5.930889839999999
 20
-2.324999159999999
 42
1.0
 10
6.057889839999999
 20
-2.324999159999999
 42
1.0
  0
LWPOLYLINE
  5
6A0
330
64F
100
AcDbEntity
  8
TopOverlay
100
AcDbPolyline
 90
        2
 70
     0
 43
0.254
 10
-1.198890159999999
 20
-5.48734996
 42
-0.6063517190893739
 10
-0.78995016
 20
-5.273989959999999
  0
LWPOLYLINE
  5
6A1
330
64F
100
AcDbEntity
  8
TopOverlay
100
AcDbPolyline
 90
        2
 70
     1
 43
0.127
 10
-1.26239016
 20
-5.48734996
 42
1.0
 10
-1.13539016
 20
-5.48734996
 42
1.0
  0
LWPOLYLINE
  5
6A2
330
64F
100
AcDbEntity
  8
TopOverlay
100
AcDbPolyline
 90
        2
 70
     1
 43
0.127
 10
-0.85345016
 20
-5.273989959999999
 42
1.0
 10
-0.72645016
 20
-5.273989959999999
 42
1.0
  0
LWPOLYLINE
  5
6A3
330
64F
100
AcDbEntity
  8
TopOverlay
100
AcDbPolyline
 90
        2
 70
     0
 43
0.254
 10
-0.78995016
 20
-7.15866996
 42
-0.6030469568465917
 10
-1.198890159999999
 20
-6.947849959999999
  0
LWPOLYLINE
  5
6A4
330
64F
100
AcDbEntity
  8
TopOverlay
100
AcDbPolyline
 90
        2
 70
     1
 43
0.127
 10
-0.85345016
 20
-7.15866996
 42
1.0
 10
-0.72645016
 20
-7.15866996
 42
1.0
  0
LWPOLYLINE
  5
6A5
330
64F
100
AcDbEntity
  8
TopOverlay
100
AcDbPolyline
 90
        2
 70
     1
 43
0.127
 10
-1.26239016
 20
-6.947849959999999
 42
1.0
 10
-1.13539016
 20
-6.947849959999999
 42
1.0
  0
LWPOLYLINE
  5
6A6
330
64F
100
AcDbEntity
  8
TopOverlay
100
AcDbPolyline
 90
        2
 70
     0
 43
0.254
 10
-0.52578762
 20
-6.980869959999999
 42
-0.5513660417180921
 10
0.01014984
 20
-7.206929959999999
  0
LWPOLYLINE
  5
6A7
330
64F
100
AcDbEntity
  8
TopOverlay
100
AcDbPolyline
 90
        2
 70
     1
 43
0.127
 10
-0.58928762
 20
-6.980869959999999
 42
1.0
 10
-0.4622876200000001
 20
-6.980869959999999
 42
1.0
  0
LWPOLYLINE
  5
6A8
330
64F
100
AcDbEntity
  8
TopOverlay
100
AcDbPolyline
 90
        2
 70
     1
 43
0.127
 10
-0.05335016
 20
-7.206929959999999
 42
1.0
 10
0.07364984
 20
-7.206929959999999
 42
1.0
  0
LWPOLYLINE
  5
6A9
330
64F
100
AcDbEntity
  8
TopOverlay
100
AcDbPolyline
 90
        2
 70
     0
 43
0.254
 10
0.01014984
 20
-13.47818996
 42
-0.5513660417180918
 10
-0.52578762
 20
-13.70424996
  0
LWPOLYLINE
  5
6AA
330
64F
100
AcDbEntity
  8
TopOverlay
100
AcDbPolyline
 90
        2
 70
     1
 43
0.127
 10
-0.05335016
 20
-13.47818996
 42
1.0
 10
0.07364984
 20
-13.47818996
 42
1.0
  0
LWPOLYLINE
  5
6AB
330
64F
100
AcDbEntity
  8
TopOverlay
100
AcDbPolyline
 90
        2
 70
     1
 43
0.127
 10
-0.58928762
 20
-13.70424996
 42
1.0
 10
-0.4622876200000001
 20
-13.70424996
 42
1.0
  0
LWPOLYLINE
  5
6AC
330
64F
100
AcDbEntity
  8
TopOverlay
100
AcDbPolyline
 90
        2
 70
     0
 43
0.254
 10
0.01014984
 20
-5.22826996
 42
-0.5513660417180918
 10
-0.52578762
 20
-5.454329959999999
  0
LWPOLYLINE
  5
6AD
330
64F
100
AcDbEntity
  8
TopOverlay
100
AcDbPolyline
 90
        2
 70
     1
 43
0.127
 10
-0.05335016
 20
-5.22826996
 42
1.0
 10
0.07364984
 20
-5.22826996
 42
1.0
  0
LWPOLYLINE
  5
6AE
330
64F
100
AcDbEntity
  8
TopOverlay
100
AcDbPolyline
 90
        2
 70
     1
 43
0.127
 10
-0.58928762
 20
-5.454329959999999
 42
1.0
 10
-0.4622876200000001
 20
-5.454329959999999
 42
1.0
  0
LWPOLYLINE
  5
6AF
330
64F
100
AcDbEntity
  8
TopOverlay
100
AcDbPolyline
 90
        2
 70
     0
 43
0.254
 10
-0.78993492
 20
-15.4085925
 42
-0.6030469568465917
 10
-1.198874919999999
 20
-15.1977725
  0
LWPOLYLINE
  5
6B0
330
64F
100
AcDbEntity
  8
TopOverlay
100
AcDbPolyline
 90
        2
 70
     1
 43
0.127
 10
-0.8534349199999999
 20
-15.4085925
 42
1.0
 10
-0.72643492
 20
-15.4085925
 42
1.0
  0
LWPOLYLINE
  5
6B1
330
64F
100
AcDbEntity
  8
TopOverlay
100
AcDbPolyline
 90
        2
 70
     1
 43
0.127
 10
-1.26237492
 20
-15.1977725
 42
1.0
 10
-1.13537492
 20
-15.1977725
 42
1.0
  0
LWPOLYLINE
  5
6B2
330
64F
100
AcDbEntity
  8
TopOverlay
100
AcDbPolyline
 90
        2
 70
     0
 43
0.254
 10
-0.52578762
 20
-15.23078996
 42
-0.5513660417180921
 10
0.01014984
 20
-15.45684996
  0
LWPOLYLINE
  5
6B3
330
64F
100
AcDbEntity
  8
TopOverlay
100
AcDbPolyline
 90
        2
 70
     1
 43
0.127
 10
-0.58928762
 20
-15.23078996
 42
1.0
 10
-0.4622876200000001
 20
-15.23078996
 42
1.0
  0
LWPOLYLINE
  5
6B4
330
64F
100
AcDbEntity
  8
TopOverlay
100
AcDbPolyline
 90
        2
 70
     1
 43
0.127
 10
-0.05335016
 20
-15.45684996
 42
1.0
 10
0.07364984
 20
-15.45684996
 42
1.0
  0
LWPOLYLINE
  5
6B5
330
64F
100
AcDbEntity
  8
TopOverlay
100
AcDbPolyline
 90
        2
 70
     0
 43
0.254
 10
-1.198890159999999
 20
-13.73726996
 42
-0.6063517190893739
 10
-0.78995016
 20
-13.52390996
  0
LWPOLYLINE
  5
6B6
330
64F
100
AcDbEntity
  8
TopOverlay
100
AcDbPolyline
 90
        2
 70
     1
 43
0.127
 10
-1.26239016
 20
-13.73726996
 42
1.0
 10
-1.13539016
 20
-13.73726996
 42
1.0
  0
LWPOLYLINE
  5
6B7
330
64F
100
AcDbEntity
  8
TopOverlay
100
AcDbPolyline
 90
        2
 70
     1
 43
0.127
 10
-0.85345016
 20
-13.52390996
 42
1.0
 10
-0.72645016
 20
-13.52390996
 42
1.0
  0
REGION
  5
6BC
102
{ACAD_REACTORS
330
6BD
102
}
330
64F
100
AcDbEntity
  8
TopPaste
 62
     8
100
AcDbModelerGeometry
 70
     1
  1
mnmoo mh m mi          
  1
ni ^ *+0;:,4 ^ *+0\^ [ mo ^ LR mmjqnqoqijjlj QK o  
  1
n fqfffffffffffffffjkh:roh nqooooooooooooooooli:rno 
  1
>,27:>;:- {rn rn _nl mmjqnqoqijjlj |
  1
=0;& {rn rn {rn {m {rn {rn |
  1
3*2/ {rn rn {rn {rn {l {n |
  1
,7:33 {rn rn {rn {rn {rn {k {rn {m |
  1
9><: {rn rn {rn {rn {j {l {rn {i 90-(>-; ;0*=3: 0*+ |
  1
300/ {rn rn {rn {rn {h {k |
  1
/3>1:r,*-9><: {rn rn {rn jqffklgfglffffffflol oqngiflgfmooooooooogk o o o rn rn o o 90-(>-;@) V V V V |
  1
<0:;8: {rn rn {rn {g {f {rn {no 90-(>-; {j {rn |
  1
<0:;8: {rn rn {rn {nn {h {rn {nm 90-(>-; {j {rn |
  1
<0:;8: {rn rn {rn {h {nn {rn {nl 90-(>-; {j {rn |
  1
:;8: {rn rn {rn {nk o {nj oqgooooofkooooooolmig {h {ni 90-(>-; _h *1410(1 |
  1
<0:;8: {rn rn {rn {f {g {rn {nh 90-(>-; {j {rn |
  1
:;8: {rn rn {rn {nj o {ng mqmoooooigooooooookm {g {nf 90-(>-; _h *1410(1 |
  1
:;8: {rn rn {rn {mo o {nk mqmoooooigooooooookm {f {mn 90-(>-; _h *1410(1 |
  1
):-+:' {rn rn {rn {nl m {mm |
  1
):-+:' {rn rn {rn {nm m {ml |
  1
,+->687+r<*-): {rn rn {rn jqjfklgflifffffffnk nqmgiflfmioooooooomf o n o o V V |
  1
:;8: {rn rn {rn {ng o {mo oqgooooofkooooooolmig {nn {mk 90-(>-; _h *1410(1 |
  1
):-+:' {rn rn {rn {nh m {mj |
  1
,+->687+r<*-): {rn rn {rn iqlfklfolofffffffkih nqmgiflfmioooooooomf o o rn o V V |
  1
):-+:' {rn rn {rn {nl m {mi |
  1
,+->687+r<*-): {rn rn {rn jqjfklgflifffffffnk roqfnloinkmoooooooonmj o o n o V V |
  1
/061+ {rn rn {rn jqjfklgflifffffffnk nqmgiflfmioooooooomf o |
  1
/061+ {rn rn {rn iqlfklfolofffffffkih nqmgiflfmioooooooomf o |
  1
,+->687+r<*-): {rn rn {rn iqlfklfolofffffffkih roqfnloinkmoooooooonmj o rn o o V V |
  1
/061+ {rn rn {rn iqlfklfolofffffffkih roqfnloinkmoooooooonmj o |
  1
/061+ {rn rn {rn jqjfklgflifffffffnk roqfnloinkmoooooooonmj o |
  0
HATCH
  5
6BD
330
64F
100
AcDbEntity
  8
TopPaste
 62
     8
100
AcDbHatch
 10
0.0
 20
0.0
 30
0.0
210
0.0
220
0.0
230
1.0
  2
SOLID
 70
     1
 71
     1
 91
        1
 92
        1
 93
        4
 72
     1
 10
5.594389369999999
 20
1.28693926
 11
6.394390309999998
 21
1.28693926
 72
     1
 10
6.394390309999998
 20
1.28693926
 11
6.394390309999998
 21
-0.91306142
 72
     1
 10
6.394390309999998
 20
-0.91306142
 11
5.594389369999999
 21
-0.91306142
 72
     1
 10
5.594389369999999
 20
-0.91306142
 11
5.594389369999999
 21
1.28693926
 97
        1
330
6BC
 75
     0
 76
     1
 98
        0
450
        0
451
        0
460
0.0
461
0.0
452
        0
462
0.0
453
        0
470

  0
REGION
  5
6C2
102
{ACAD_REACTORS
330
6C3
102
}
330
64F
100
AcDbEntity
  8
TopPaste
 62
     8
100
AcDbModelerGeometry
 70
     1
  1
mnmoo mh m mi          
  1
ni ^ *+0;:,4 ^ *+0\^ [ mo ^ LR mmjqnqoqijjlj QK o  
  1
n fqfffffffffffffffjkh:roh nqooooooooooooooooli:rno 
  1
>,27:>;:- {rn rn _nl mmjqnqoqijjlj |
  1
=0;& {rn rn {rn {m {rn {rn |
  1
3*2/ {rn rn {rn {rn {l {n |
  1
,7:33 {rn rn {rn {rn {rn {k {rn {m |
  1
9><: {rn rn {rn {rn {j {l {rn {i 90-(>-; ;0*=3: 0*+ |
  1
300/ {rn rn {rn {rn {h {k |
  1
/3>1:r,*-9><: {rn rn {rn lqmmjiofjooooooooong o o o o rn rn o o 90-(>-;@) V V V V |
  1
<0:;8: {rn rn {rn {g {f {rn {no 90-(>-; {j {rn |
  1
<0:;8: {rn rn {rn {nn {h {rn {nm 90-(>-; {j {rn |
  1
<0:;8: {rn rn {rn {h {nn {rn {nl 90-(>-; {j {rn |
  1
:;8: {rn rn {rn {nk o {nj oqlfffffnffffffffgggm {h {ni 90-(>-; _h *1410(1 |
  1
<0:;8: {rn rn {rn {f {g {rn {nh 90-(>-; {j {rn |
  1
:;8: {rn rn {rn {nj o {ng nqifffffnkoooooooohj {g {nf 90-(>-; _h *1410(1 |
  1
:;8: {rn rn {rn {mo o {nk nqifffffnkoooooooohj {f {mn 90-(>-; _h *1410(1 |
  1
):-+:' {rn rn {rn {nl m {mm |
  1
):-+:' {rn rn {rn {nm m {ml |
  1
,+->687+r<*-): {rn rn {rn lqkmjiofofffffffffim roqgkffffjhoooooooolhi o rn o o V V |
  1
:;8: {rn rn {rn {ng o {mo oqlfffffnffffffffgggm {nn {mk 90-(>-; _h *1410(1 |
  1
):-+:' {rn rn {rn {nh m {mj |
  1
,+->687+r<*-): {rn rn {rn lqomjioffooooooooohk roqgkffffjhoooooooolhi o o n o V V |
  1
):-+:' {rn rn {rn {nl m {mi |
  1
,+->687+r<*-): {rn rn {rn lqkmjiofofffffffffim oqgkffffjhoooooooolhi o o rn o V V |
  1
/061+ {rn rn {rn lqkmjiofofffffffffim roqgkffffjhoooooooolhi o |
  1
/061+ {rn rn {rn lqomjioffooooooooohk roqgkffffjhoooooooolhi o |
  1
,+->687+r<*-): {rn rn {rn lqomjioffooooooooohk oqgkffffjhoooooooolhi o n o o V V |
  1
/061+ {rn rn {rn lqomjioffooooooooohk oqgkffffjhoooooooolhi o |
  1
/061+ {rn rn {rn lqkmjiofofffffffffim oqgkffffjhoooooooolhi o |
  0
HATCH
  5
6C3
330
64F
100
AcDbEntity
  8
TopPaste
 62
     8
100
AcDbHatch
 10
0.0
 20
0.0
 30
0.0
210
0.0
220
0.0
230
1.0
  2
SOLID
 70
     1
 71
     1
 91
        1
 92
        1
 93
        4
 72
     1
 10
3.425609099999999
 20
-0.8499995699999999
 11
3.025609899999999
 21
-0.8499995699999999
 72
     1
 10
3.025609899999999
 20
-0.8499995699999999
 11
3.025609899999999
 21
0.8499995699999999
 72
     1
 10
3.025609899999999
 20
0.8499995699999999
 11
3.425609099999999
 21
0.8499995699999999
 72
     1
 10
3.425609099999999
 20
0.8499995699999999
 11
3.425609099999999
 21
-0.8499995699999999
 97
        1
330
6C2
 75
     0
 76
     1
 98
        0
450
        0
451
        0
460
0.0
461
0.0
452
        0
462
0.0
453
        0
470

  0
REGION
  5
6C8
102
{ACAD_REACTORS
330
6C9
102
}
330
64F
100
AcDbEntity
  8
TopPaste
 62
     8
100
AcDbModelerGeometry
 70
     1
  1
mnmoo mh m mi          
  1
ni ^ *+0;:,4 ^ *+0\^ [ mo ^ LR mmjqnqoqijjlj QK o  
  1
n fqfffffffffffffffjkh:roh nqooooooooooooooooli:rno 
  1
>,27:>;:- {rn rn _nl mmjqnqoqijjlj |
  1
=0;& {rn rn {rn {m {rn {rn |
  1
3*2/ {rn rn {rn {rn {l {n |
  1
,7:33 {rn rn {rn {rn {rn {k {rn {m |
  1
9><: {rn rn {rn {rn {j {l {rn {i 90-(>-; ;0*=3: 0*+ |
  1
300/ {rn rn {rn {rn {h {k |
  1
/3>1:r,*-9><: {rn rn {rn mqihjinojffffffffhmg o o o o rn rn o o 90-(>-;@) V V V V |
  1
<0:;8: {rn rn {rn {g {f {rn {no 90-(>-; {j {rn |
  1
<0:;8: {rn rn {rn {nn {h {rn {nm 90-(>-; {j {rn |
  1
<0:;8: {rn rn {rn {h {nn {rn {nl 90-(>-; {j {rn |
  1
:;8: {rn rn {rn {nk o {nj oqlfffffnffffffffgggm {h {ni 90-(>-; _h *1410(1 |
  1
<0:;8: {rn rn {rn {f {g {rn {nh 90-(>-; {j {rn |
  1
:;8: {rn rn {rn {nj o {ng nqifffffnkoooooooohj {g {nf 90-(>-; _h *1410(1 |
  1
:;8: {rn rn {rn {mo o {nk nqifffffnkoooooooohj {f {mn 90-(>-; _h *1410(1 |
  1
):-+:' {rn rn {rn {nl m {mm |
  1
):-+:' {rn rn {rn {nm m {ml |
  1
,+->687+r<*-): {rn rn {rn mqghjinonffffffffihm roqgkffffjhoooooooolhi o rn o o V V |
  1
:;8: {rn rn {rn {ng o {mo oqlfffffnffffffffgggm {nn {mk 90-(>-; _h *1410(1 |
  1
):-+:' {rn rn {rn {nh m {mj |
  1
,+->687+r<*-): {rn rn {rn mqkhjinofffffffffhgk roqgkffffjhoooooooolhi o o n o V V |
  1
):-+:' {rn rn {rn {nl m {mi |
  1
,+->687+r<*-): {rn rn {rn mqghjinonffffffffihm oqgkffffjhoooooooolhi o o rn o V V |
  1
/061+ {rn rn {rn mqghjinonffffffffihm roqgkffffjhoooooooolhi o |
  1
/061+ {rn rn {rn mqkhjinofffffffffhgk roqgkffffjhoooooooolhi o |
  1
,+->687+r<*-): {rn rn {rn mqkhjinofffffffffhgk oqgkffffjhoooooooolhi o n o o V V |
  1
/061+ {rn rn {rn mqkhjinofffffffffhgk oqgkffffjhoooooooolhi o |
  1
/061+ {rn rn {rn mqghjinonffffffffihm oqgkffffjhoooooooolhi o |
  0
HATCH
  5
6C9
330
64F
100
AcDbEntity
  8
TopPaste
 62
     8
100
AcDbHatch
 10
0.0
 20
0.0
 30
0.0
210
0.0
220
0.0
230
1.0
  2
SOLID
 70
     1
 71
     1
 91
        1
 92
        1
 93
        4
 72
     1
 10
2.8756102
 20
-0.8499995699999999
 11
2.475611
 21
-0.8499995699999999
 72
     1
 10
2.475611
 20
-0.8499995699999999
 11
2.475611
 21
0.8499995699999999
 72
     1
 10
2.475611
 20
0.8499995699999999
 11
2.8756102
 21
0.8499995699999999
 72
     1
 10
2.8756102
 20
0.8499995699999999
 11
2.8756102
 21
-0.8499995699999999
 97
        1
330
6C8
 75
     0
 76
     1
 98
        0
450
        0
451
        0
460
0.0
461
0.0
452
        0
462
0.0
453
        0
470

  0
REGION
  5
6CE
102
{ACAD_REACTORS
330
6CF
102
}
330
64F
100
AcDbEntity
  8
TopPaste
 62
     8
100
AcDbModelerGeometry
 70
     1
  1
mnmoo mh m mi          
  1
ni ^ *+0;:,4 ^ *+0\^ [ mo ^ LR mmjqnqoqijjlj QK o  
  1
n fqfffffffffffffffjkh:roh nqooooooooooooooooli:rno 
  1
>,27:>;:- {rn rn _nl mmjqnqoqijjlj |
  1
=0;& {rn rn {rn {m {rn {rn |
  1
3*2/ {rn rn {rn {rn {l {n |
  1
,7:33 {rn rn {rn {rn {rn {k {rn {m |
  1
9><: {rn rn {rn {rn {j {l {rn {i 90-(>-; ;0*=3: 0*+ |
  1
300/ {rn rn {rn {rn {h {k |
  1
/3>1:r,*-9><: {rn rn {rn rmqgmklhglffffffffiml o o o o rn rn o o 90-(>-;@) V V V V |
  1
<0:;8: {rn rn {rn {g {f {rn {no 90-(>-; {j {rn |
  1
<0:;8: {rn rn {rn {nn {h {rn {nm 90-(>-; {j {rn |
  1
<0:;8: {rn rn {rn {h {nn {rn {nl 90-(>-; {j {rn |
  1
:;8: {rn rn {rn {nk o {nj oqlfffffnffffffffgggm {h {ni 90-(>-; _h *1410(1 |
  1
<0:;8: {rn rn {rn {f {g {rn {nh 90-(>-; {j {rn |
  1
:;8: {rn rn {rn {nj o {ng nqifffffnkoooooooohj {g {nf 90-(>-; _h *1410(1 |
  1
:;8: {rn rn {rn {mo o {nk nqifffffnkoooooooohj {f {mn 90-(>-; _h *1410(1 |
  1
):-+:' {rn rn {rn {nl m {mm |
  1
):-+:' {rn rn {rn {nm m {ml |
  1
,+->687+r<*-): {rn rn {rn rmqimklhghffffffffihf roqgkffffjhoooooooolhi o rn o o V V |
  1
:;8: {rn rn {rn {ng o {mo oqlfffffnffffffffgggm {nn {mk 90-(>-; _h *1410(1 |
  1
):-+:' {rn rn {rn {nh m {mj |
  1
,+->687+r<*-): {rn rn {rn rlqomklhhfffffffffjih roqgkffffjhoooooooolhi o o n o V V |
  1
):-+:' {rn rn {rn {nl m {mi |
  1
,+->687+r<*-): {rn rn {rn rmqimklhghffffffffihf oqgkffffjhoooooooolhi o o rn o V V |
  1
/061+ {rn rn {rn rmqimklhghffffffffihf roqgkffffjhoooooooolhi o |
  1
/061+ {rn rn {rn rlqomklhhfffffffffjih roqgkffffjhoooooooolhi o |
  1
,+->687+r<*-): {rn rn {rn rlqomklhhfffffffffjih oqgkffffjhoooooooolhi o n o o V V |
  1
/061+ {rn rn {rn rlqomklhhfffffffffjih oqgkffffjhoooooooolhi o |
  1
/061+ {rn rn {rn rmqimklhghffffffffihf oqgkffffjhoooooooolhi o |
  0
HATCH
  5
6CF
330
64F
100
AcDbEntity
  8
TopPaste
 62
     8
100
AcDbHatch
 10
0.0
 20
0.0
 30
0.0
210
0.0
220
0.0
230
1.0
  2
SOLID
 70
     1
 71
     1
 91
        1
 92
        1
 93
        4
 72
     1
 10
-2.624378799999999
 20
-0.8499995699999999
 11
-3.024378
 21
-0.8499995699999999
 72
     1
 10
-3.024378
 20
-0.8499995699999999
 11
-3.024378
 21
0.8499995699999999
 72
     1
 10
-3.024378
 20
0.8499995699999999
 11
-2.624378799999999
 21
0.8499995699999999
 72
     1
 10
-2.624378799999999
 20
0.8499995699999999
 11
-2.624378799999999
 21
-0.8499995699999999
 97
        1
330
6CE
 75
     0
 76
     1
 98
        0
450
        0
451
        0
460
0.0
461
0.0
452
        0
462
0.0
453
        0
470

  0
REGION
  5
6D4
102
{ACAD_REACTORS
330
6D5
102
}
330
64F
100
AcDbEntity
  8
TopPaste
 62
     8
100
AcDbModelerGeometry
 70
     1
  1
mnmoo mh m mi          
  1
ni ^ *+0;:,4 ^ *+0\^ [ mo ^ LR mmjqnqoqijjlj QK o  
  1
n fqfffffffffffffffjkh:roh nqooooooooooooooooli:rno 
  1
>,27:>;:- {rn rn _nl mmjqnqoqijjlj |
  1
=0;& {rn rn {rn {m {rn {rn |
  1
3*2/ {rn rn {rn {rn {l {n |
  1
,7:33 {rn rn {rn {rn {rn {k {rn {m |
  1
9><: {rn rn {rn {rn {j {l {rn {i 90-(>-; ;0*=3: 0*+ |
  1
300/ {rn rn {rn {rn {h {k |
  1
/3>1:r,*-9><: {rn rn {rn rlqlhklhhmfffffffffnl o o o o rn rn o o 90-(>-;@) V V V V |
  1
<0:;8: {rn rn {rn {g {f {rn {no 90-(>-; {j {rn |
  1
<0:;8: {rn rn {rn {nn {h {rn {nm 90-(>-; {j {rn |
  1
<0:;8: {rn rn {rn {h {nn {rn {nl 90-(>-; {j {rn |
  1
:;8: {rn rn {rn {nk o {nj oqlfffffnffffffffgggm {h {ni 90-(>-; _h *1410(1 |
  1
<0:;8: {rn rn {rn {f {g {rn {nh 90-(>-; {j {rn |
  1
:;8: {rn rn {rn {nj o {ng nqifffffnkoooooooohj {g {nf 90-(>-; _h *1410(1 |
  1
:;8: {rn rn {rn {mo o {nk nqifffffnkoooooooohj {f {mn 90-(>-; _h *1410(1 |
  1
):-+:' {rn rn {rn {nl m {mm |
  1
):-+:' {rn rn {rn {nm m {ml |
  1
,+->687+r<*-): {rn rn {rn rlqnhklhhifffffffffif roqgkffffjhoooooooolhi o rn o o V V |
  1
:;8: {rn rn {rn {ng o {mo oqlfffffnffffffffgggm {nn {mk 90-(>-; _h *1410(1 |
  1
):-+:' {rn rn {rn {nh m {mj |
  1
,+->687+r<*-): {rn rn {rn rlqjhklhigffffffffgjh roqgkffffjhoooooooolhi o o n o V V |
  1
):-+:' {rn rn {rn {nl m {mi |
  1
,+->687+r<*-): {rn rn {rn rlqnhklhhifffffffffif oqgkffffjhoooooooolhi o o rn o V V |
  1
/061+ {rn rn {rn rlqnhklhhifffffffffif roqgkffffjhoooooooolhi o |
  1
/061+ {rn rn {rn rlqjhklhigffffffffgjh roqgkffffjhoooooooolhi o |
  1
,+->687+r<*-): {rn rn {rn rlqjhklhigffffffffgjh oqgkffffjhoooooooolhi o n o o V V |
  1
/061+ {rn rn {rn rlqjhklhigffffffffgjh oqgkffffjhoooooooolhi o |
  1
/061+ {rn rn {rn rlqnhklhhifffffffffif oqgkffffjhoooooooolhi o |
  0
HATCH
  5
6D5
330
64F
100
AcDbEntity
  8
TopPaste
 62
     8
100
AcDbHatch
 10
0.0
 20
0.0
 30
0.0
210
0.0
220
0.0
230
1.0
  2
SOLID
 70
     1
 71
     1
 91
        1
 92
        1
 93
        4
 72
     1
 10
-3.174377699999999
 20
-0.8499995699999999
 11
-3.574376899999999
 21
-0.8499995699999999
 72
     1
 10
-3.574376899999999
 20
-0.8499995699999999
 11
-3.574376899999999
 21
0.8499995699999999
 72
     1
 10
-3.574376899999999
 20
0.8499995699999999
 11
-3.174377699999999
 21
0.8499995699999999
 72
     1
 10
-3.174377699999999
 20
0.8499995699999999
 11
-3.174377699999999
 21
-0.8499995699999999
 97
        1
330
6D4
 75
     0
 76
     1
 98
        0
450
        0
451
        0
460
0.0
461
0.0
452
        0
462
0.0
453
        0
470

  0
REGION
  5
6DA
102
{ACAD_REACTORS
330
6DB
102
}
330
64F
100
AcDbEntity
  8
TopPaste
 62
     8
100
AcDbModelerGeometry
 70
     1
  1
mnmoo mh m mi          
  1
ni ^ *+0;:,4 ^ *+0\^ [ mo ^ LR mmjqnqoqijjlj QK o  
  1
n fqfffffffffffffffjkh:roh nqooooooooooooooooli:rno 
  1
>,27:>;:- {rn rn _nl mmjqnqoqijjlj |
  1
=0;& {rn rn {rn {m {rn {rn |
  1
3*2/ {rn rn {rn {rn {l {n |
  1
,7:33 {rn rn {rn {rn {rn {k {rn {m |
  1
9><: {rn rn {rn {rn {j {l {rn {i 90-(>-; ;0*=3: 0*+ |
  1
300/ {rn rn {rn {rn {h {k |
  1
/3>1:r,*-9><: {rn rn {rn rlqfmklhinfffffffflnj o o o o rn rn o o 90-(>-;@) V V V V |
  1
<0:;8: {rn rn {rn {g {f {rn {no 90-(>-; {j {rn |
  1
<0:;8: {rn rn {rn {nn {h {rn {nm 90-(>-; {j {rn |
  1
<0:;8: {rn rn {rn {h {nn {rn {nl 90-(>-; {j {rn |
  1
:;8: {rn rn {rn {nk o {nj oqlfffffnffffffffinoi {h {ni 90-(>-; _h *1410(1 |
  1
<0:;8: {rn rn {rn {f {g {rn {nh 90-(>-; {j {rn |
  1
:;8: {rn rn {rn {nj o {ng nqifffffnkoooooooohj {g {nf 90-(>-; _h *1410(1 |
  1
:;8: {rn rn {rn {mo o {nk nqifffffnkoooooooohj {f {mn 90-(>-; _h *1410(1 |
  1
):-+:' {rn rn {rn {nl m {mm |
  1
):-+:' {rn rn {rn {nm m {ml |
  1
,+->687+r<*-): {rn rn {rn rlqhmklhijffffffffgnj roqgkffffjhoooooooolhi o roqfffffffffffffffjjjf o o V V |
  1
:;8: {rn rn {rn {ng o {mo oqlfffffnffffffffkkkn {nn {mk 90-(>-; _h *1410(1 |
  1
):-+:' {rn rn {rn {nh m {mj |
  1
,+->687+r<*-): {rn rn {rn rkqnmklhjhffffffffmjf roqgkffffjhoooooooolhi o o n o V V |
  1
):-+:' {rn rn {rn {nl m {mi |
  1
,+->687+r<*-): {rn rn {rn rlqhmklhijffffffffgnj oqgkffffjhoooooooolhi o o rn o V V |
  1
/061+ {rn rn {rn rlqhmklhijffffffffgnj roqgkffffjhoooooooolhi o |
  1
/061+ {rn rn {rn rkqnmklhjhffffffffmjf roqgkffffjhoooooooolhi o |
  1
,+->687+r<*-): {rn rn {rn rkqnmklhjhffffffffmjf oqgkffffjhoooooooolhi o n o o V V |
  1
/061+ {rn rn {rn rkqnmklhjhffffffffmjf oqgkffffjhoooooooolhi o |
  1
/061+ {rn rn {rn rlqhmklhijffffffffgnj oqgkffffjhoooooooolhi o |
  0
HATCH
  5
6DB
330
64F
100
AcDbEntity
  8
TopPaste
 62
     8
100
AcDbHatch
 10
0.0
 20
0.0
 30
0.0
210
0.0
220
0.0
230
1.0
  2
SOLID
 70
     1
 71
     1
 91
        1
 92
        1
 93
        4
 72
     1
 10
-3.7243766
 20
-0.8499995699999999
 11
-4.124375799999998
 21
-0.8499995699999999
 72
     1
 10
-4.124375799999998
 20
-0.8499995699999999
 11
-4.124375799999998
 21
0.8499995699999999
 72
     1
 10
-4.124375799999998
 20
0.8499995699999999
 11
-3.7243766
 21
0.8499995699999999
 72
     1
 10
-3.7243766
 20
0.8499995699999999
 11
-3.7243766
 21
-0.8499995699999999
 97
        1
330
6DA
 75
     0
 76
     1
 98
        0
450
        0
451
        0
460
0.0
461
0.0
452
        0
462
0.0
453
        0
470

  0
REGION
  5
6E0
102
{ACAD_REACTORS
330
6E1
102
}
330
64F
100
AcDbEntity
  8
TopPaste
 62
     8
100
AcDbModelerGeometry
 70
     1
  1
mnmoo mh m mi          
  1
ni ^ *+0;:,4 ^ *+0\^ [ mo ^ LR mmjqnqoqijjlj QK o  
  1
n fqfffffffffffffffjkh:roh nqooooooooooooooooli:rno 
  1
>,27:>;:- {rn rn _nl mmjqnqoqijjlj |
  1
=0;& {rn rn {rn {m {rn {rn |
  1
3*2/ {rn rn {rn {rn {l {n |
  1
,7:33 {rn rn {rn {rn {rn {k {rn {m |
  1
9><: {rn rn {rn {rn {j {l {rn {i 90-(>-; ;0*=3: 0*+ |
  1
300/ {rn rn {rn {rn {h {k |
  1
/3>1:r,*-9><: {rn rn {rn rkqkhklhjoffffffffioj o o o o rn rn o o 90-(>-;@) V V V V |
  1
<0:;8: {rn rn {rn {g {f {rn {no 90-(>-; {j {rn |
  1
<0:;8: {rn rn {rn {nn {h {rn {nm 90-(>-; {j {rn |
  1
<0:;8: {rn rn {rn {h {nn {rn {nl 90-(>-; {j {rn |
  1
:;8: {rn rn {rn {nk o {nj oqlfffffmoooooooohhik {h {ni 90-(>-; _h *1410(1 |
  1
<0:;8: {rn rn {rn {f {g {rn {nh 90-(>-; {j {rn |
  1
:;8: {rn rn {rn {nj o {ng nqifffffnkoooooooohj {g {nf 90-(>-; _h *1410(1 |
  1
:;8: {rn rn {rn {mo o {nk nqifffffnkoooooooohj {f {mn 90-(>-; _h *1410(1 |
  1
):-+:' {rn rn {rn {nl m {mm |
  1
):-+:' {rn rn {rn {nm m {ml |
  1
,+->687+r<*-): {rn rn {rn rkqmhklhjkffffffffiin roqgkffffjhoooooooolhi o rn o o V V |
  1
:;8: {rn rn {rn {ng o {mo oqlfffffmoooooooohhik {nn {mk 90-(>-; _h *1410(1 |
  1
):-+:' {rn rn {rn {nh m {mj |
  1
,+->687+r<*-): {rn rn {rn rkqihklhkhooooooooklg roqgkffffjhoooooooolhi o o n o V V |
  1
):-+:' {rn rn {rn {nl m {mi |
  1
,+->687+r<*-): {rn rn {rn rkqmhklhjkffffffffiin oqgkffffjhoooooooolhi o o rn o V V |
  1
/061+ {rn rn {rn rkqmhklhjkffffffffiin roqgkffffjhoooooooolhi o |
  1
/061+ {rn rn {rn rkqihklhkhooooooooklg roqgkffffjhoooooooolhi o |
  1
,+->687+r<*-): {rn rn {rn rkqihklhkhooooooooklg oqgkffffjhoooooooolhi o n o o V V |
  1
/061+ {rn rn {rn rkqihklhkhooooooooklg oqgkffffjhoooooooolhi o |
  1
/061+ {rn rn {rn rkqmhklhjkffffffffiin oqgkffffjhoooooooolhi o |
  0
HATCH
  5
6E1
330
64F
100
AcDbEntity
  8
TopPaste
 62
     8
100
AcDbHatch
 10
0.0
 20
0.0
 30
0.0
210
0.0
220
0.0
230
1.0
  2
SOLID
 70
     1
 71
     1
 91
        1
 92
        1
 93
        4
 72
     1
 10
-4.274375499999999
 20
-0.8499995699999999
 11
-4.6743747
 21
-0.8499995699999999
 72
     1
 10
-4.6743747
 20
-0.8499995699999999
 11
-4.6743747
 21
0.8499995699999999
 72
     1
 10
-4.6743747
 20
0.8499995699999999
 11
-4.274375499999999
 21
0.8499995699999999
 72
     1
 10
-4.274375499999999
 20
0.8499995699999999
 11
-4.274375499999999
 21
-0.8499995699999999
 97
        1
330
6E0
 75
     0
 76
     1
 98
        0
450
        0
451
        0
460
0.0
461
0.0
452
        0
462
0.0
453
        0
470

  0
REGION
  5
6E6
102
{ACAD_REACTORS
330
6E7
102
}
330
64F
100
AcDbEntity
  8
TopPaste
 62
     8
100
AcDbModelerGeometry
 70
     1
  1
mnmoo mh m mi          
  1
ni ^ *+0;:,4 ^ *+0\^ [ mo ^ LR mmjqnqoqijjlj QK o  
  1
n fqfffffffffffffffjkh:roh nqooooooooooooooooli:rno 
  1
>,27:>;:- {rn rn _nl mmjqnqoqijjlj |
  1
=0;& {rn rn {rn {m {rn {rn |
  1
3*2/ {rn rn {rn {rn {l {n |
  1
,7:33 {rn rn {rn {rn {rn {k {rn {m |
  1
9><: {rn rn {rn {rn {j {l {rn {i 90-(>-; ;0*=3: 0*+ |
  1
300/ {rn rn {rn {rn {h {k |
  1
/3>1:r,*-9><: {rn rn {rn roqimklgmhfffffffffokj o o o o rn rn o o 90-(>-;@) V V V V |
  1
<0:;8: {rn rn {rn {g {f {rn {no 90-(>-; {j {rn |
  1
<0:;8: {rn rn {rn {nn {h {rn {nm 90-(>-; {j {rn |
  1
<0:;8: {rn rn {rn {h {nn {rn {nl 90-(>-; {j {rn |
  1
:;8: {rn rn {rn {nk o {nj oqlfffffnfffffffffffm {h {ni 90-(>-; _h *1410(1 |
  1
<0:;8: {rn rn {rn {f {g {rn {nh 90-(>-; {j {rn |
  1
:;8: {rn rn {rn {nj o {ng nqifffffnkoooooooohj {g {nf 90-(>-; _h *1410(1 |
  1
:;8: {rn rn {rn {mo o {nk nqifffffnkoooooooohj {f {mn 90-(>-; _h *1410(1 |
  1
):-+:' {rn rn {rn {nl m {mm |
  1
):-+:' {rn rn {rn {nm m {ml |
  1
,+->687+r<*-): {rn rn {rn roqkmklglmooooooooohnj roqgkffffjhoooooooolhi o rn o o V V |
  1
:;8: {rn rn {rn {ng o {mo oqlfffffnfffffffffklh {nn {mk 90-(>-; _h *1410(1 |
  1
):-+:' {rn rn {rn {nh m {mj |
  1
,+->687+r<*-): {rn rn {rn roqgmklgmkooooooooohoh roqgkffffjhoooooooolhi o mqmmokkiokfmjolnlogn:rni n o V V |
  1
):-+:' {rn rn {rn {nl m {mi |
  1
,+->687+r<*-): {rn rn {rn roqkmklglnffffffffhflf oqgkffffjhoooooooolhi o rnqiijllkjliflhhlkgnn:rni rn o V V |
  1
/061+ {rn rn {rn roqkmklglmooooooooohnj roqgkffffjhoooooooolhi o |
  1
/061+ {rn rn {rn roqgmklgmkooooooooohoh roqgkffffjhoooooooolhi o |
  1
,+->687+r<*-): {rn rn {rn roqgmklgmlffffffffhlhi oqgkffffjhoooooooolhi o n o o V V |
  1
/061+ {rn rn {rn roqgmklgmlffffffffhlhi oqgkffffjhoooooooolhi o |
  1
/061+ {rn rn {rn roqkmklglnffffffffhflf oqgkffffjhoooooooolhi o |
  0
HATCH
  5
6E7
330
64F
100
AcDbEntity
  8
TopPaste
 62
     8
100
AcDbHatch
 10
0.0
 20
0.0
 30
0.0
210
0.0
220
0.0
230
1.0
  2
SOLID
 70
     1
 71
     1
 91
        1
 92
        1
 93
        4
 72
     1
 10
-0.4243832000000002
 20
-0.8499995699999999
 11
-0.8243824
 21
-0.8499995699999999
 72
     1
 10
-0.8243824
 20
-0.8499995699999999
 11
-0.8243823999999996
 21
0.8499995699999999
 72
     1
 10
-0.8243823999999996
 20
0.8499995699999999
 11
-0.4243831999999998
 21
0.8499995699999999
 72
     1
 10
-0.4243831999999998
 20
0.8499995699999999
 11
-0.4243832000000002
 21
-0.8499995699999999
 97
        1
330
6E6
 75
     0
 76
     1
 98
        0
450
        0
451
        0
460
0.0
461
0.0
452
        0
462
0.0
453
        0
470

  0
REGION
  5
6EC
102
{ACAD_REACTORS
330
6ED
102
}
330
64F
100
AcDbEntity
  8
TopPaste
 62
     8
100
AcDbModelerGeometry
 70
     1
  1
mnmoo mh m mi          
  1
ni ^ *+0;:,4 ^ *+0\^ [ mo ^ LR mmjqnqoqijjlj QK o  
  1
n fqfffffffffffffffjkh:roh nqooooooooooooooooli:rno 
  1
>,27:>;:- {rn rn _nl mmjqnqoqijjlj |
  1
=0;& {rn rn {rn {m {rn {rn |
  1
3*2/ {rn rn {rn {rn {l {n |
  1
,7:33 {rn rn {rn {rn {rn {k {rn {m |
  1
9><: {rn rn {rn {rn {j {l {rn {i 90-(>-; ;0*=3: 0*+ |
  1
300/ {rn rn {rn {rn {h {k |
  1
/3>1:r,*-9><: {rn rn {rn rnqnhklgnhooooooooogk o o o o rn rn o o 90-(>-;@) V V V V |
  1
<0:;8: {rn rn {rn {g {f {rn {no 90-(>-; {j {rn |
  1
<0:;8: {rn rn {rn {nn {h {rn {nm 90-(>-; {j {rn |
  1
<0:;8: {rn rn {rn {h {nn {rn {nl 90-(>-; {j {rn |
  1
:;8: {rn rn {rn {nk o {nj oqlfffffnffffffffiiin {h {ni 90-(>-; _h *1410(1 |
  1
<0:;8: {rn rn {rn {f {g {rn {nh 90-(>-; {j {rn |
  1
:;8: {rn rn {rn {nj o {ng nqifffffnkoooooooohj {g {nf 90-(>-; _h *1410(1 |
  1
:;8: {rn rn {rn {mo o {nk nqifffffnkoooooooohj {f {mn 90-(>-; _h *1410(1 |
  1
):-+:' {rn rn {rn {nl m {mm |
  1
):-+:' {rn rn {rn {nm m {ml |
  1
,+->687+r<*-): {rn rn {rn roqfhklgmnoooooooonlfg roqgkffffjhoooooooolhi o rn o o V V |
  1
:;8: {rn rn {rn {ng o {mo oqlfffffnfffffffffffm {nn {mk 90-(>-; _h *1410(1 |
  1
):-+:' {rn rn {rn {nh m {mj |
  1
,+->687+r<*-): {rn rn {rn rnqlhklgnmffffffffgoi roqgkffffjhoooooooolhi o o n o V V |
  1
):-+:' {rn rn {rn {nl m {mi |
  1
,+->687+r<*-): {rn rn {rn roqfhklgmoffffffffgoih oqgkffffjhoooooooolhi o rmqmmokkiokfmjolnlogn:rni rn o V V |
  1
/061+ {rn rn {rn roqfhklgmnoooooooonlfg roqgkffffjhoooooooolhi o |
  1
/061+ {rn rn {rn rnqlhklgnmffffffffgoi roqgkffffjhoooooooolhi o |
  1
,+->687+r<*-): {rn rn {rn rnqlhklgnmffffffffgoi oqgkffffjhoooooooolhi o n o o V V |
  1
/061+ {rn rn {rn rnqlhklgnmffffffffgoi oqgkffffjhoooooooolhi o |
  1
/061+ {rn rn {rn roqfhklgmoffffffffgoih oqgkffffjhoooooooolhi o |
  0
HATCH
  5
6ED
330
64F
100
AcDbEntity
  8
TopPaste
 62
     8
100
AcDbHatch
 10
0.0
 20
0.0
 30
0.0
210
0.0
220
0.0
230
1.0
  2
SOLID
 70
     1
 71
     1
 91
        1
 92
        1
 93
        4
 72
     1
 10
-0.9743821
 20
-0.8499995699999999
 11
-1.3743813
 21
-0.8499995699999999
 72
     1
 10
-1.3743813
 20
-0.8499995699999999
 11
-1.3743813
 21
0.8499995699999999
 72
     1
 10
-1.3743813
 20
0.8499995699999999
 11
-0.9743820999999998
 21
0.8499995699999999
 72
     1
 10
-0.9743820999999998
 20
0.8499995699999999
 11
-0.9743821
 21
-0.8499995699999999
 97
        1
330
6EC
 75
     0
 76
     1
 98
        0
450
        0
451
        0
460
0.0
461
0.0
452
        0
462
0.0
453
        0
470

  0
REGION
  5
6F2
102
{ACAD_REACTORS
330
6F3
102
}
330
64F
100
AcDbEntity
  8
TopPaste
 62
     8
100
AcDbModelerGeometry
 70
     1
  1
mnmoo mh m mi          
  1
ni ^ *+0;:,4 ^ *+0\^ [ mo ^ LR mmjqnqoqijjlj QK o  
  1
n fqfffffffffffffffjkh:roh nqooooooooooooooooli:rno 
  1
>,27:>;:- {rn rn _nl mmjqnqoqijjlj |
  1
=0;& {rn rn {rn {m {rn {rn |
  1
3*2/ {rn rn {rn {rn {l {n |
  1
,7:33 {rn rn {rn {rn {rn {k {rn {m |
  1
9><: {rn rn {rn {rn {j {l {rn {i 90-(>-; ;0*=3: 0*+ |
  1
300/ {rn rn {rn {rn {h {k |
  1
/3>1:r,*-9><: {rn rn {rn rmqmhklhfkffffffffhhi o o o o rn rn o o 90-(>-;@) V V V V |
  1
<0:;8: {rn rn {rn {g {f {rn {no 90-(>-; {j {rn |
  1
<0:;8: {rn rn {rn {nn {h {rn {nm 90-(>-; {j {rn |
  1
<0:;8: {rn rn {rn {h {nn {rn {nl 90-(>-; {j {rn |
  1
:;8: {rn rn {rn {nk o {nj oqlfffffnffffffffgggm {h {ni 90-(>-; _h *1410(1 |
  1
<0:;8: {rn rn {rn {f {g {rn {nh 90-(>-; {j {rn |
  1
:;8: {rn rn {rn {nj o {ng nqifffffnkoooooooohj {g {nf 90-(>-; _h *1410(1 |
  1
:;8: {rn rn {rn {mo o {nk nqifffffnkoooooooohj {f {mn 90-(>-; _h *1410(1 |
  1
):-+:' {rn rn {rn {nl m {mm |
  1
):-+:' {rn rn {rn {nm m {ml |
  1
,+->687+r<*-): {rn rn {rn rmqohklhfgffffffffglm roqgkffffjhoooooooolhi o rn o o V V |
  1
:;8: {rn rn {rn {ng o {mo oqlfffffnffffffffgggm {nn {mk 90-(>-; _h *1410(1 |
  1
):-+:' {rn rn {rn {nh m {mj |
  1
,+->687+r<*-): {rn rn {rn rmqkhklhfoffffffffhm roqgkffffjhoooooooolhi o o n o V V |
  1
):-+:' {rn rn {rn {nl m {mi |
  1
,+->687+r<*-): {rn rn {rn rmqohklhfgffffffffglm oqgkffffjhoooooooolhi o o rn o V V |
  1
/061+ {rn rn {rn rmqohklhfgffffffffglm roqgkffffjhoooooooolhi o |
  1
/061+ {rn rn {rn rmqkhklhfoffffffffhm roqgkffffjhoooooooolhi o |
  1
,+->687+r<*-): {rn rn {rn rmqkhklhfoffffffffhm oqgkffffjhoooooooolhi o n o o V V |
  1
/061+ {rn rn {rn rmqkhklhfoffffffffhm oqgkffffjhoooooooolhi o |
  1
/061+ {rn rn {rn rmqohklhfgffffffffglm oqgkffffjhoooooooolhi o |
  0
HATCH
  5
6F3
330
64F
100
AcDbEntity
  8
TopPaste
 62
     8
100
AcDbHatch
 10
0.0
 20
0.0
 30
0.0
210
0.0
220
0.0
230
1.0
  2
SOLID
 70
     1
 71
     1
 91
        1
 92
        1
 93
        4
 72
     1
 10
-2.074379899999999
 20
-0.8499995699999999
 11
-2.4743791
 21
-0.8499995699999999
 72
     1
 10
-2.4743791
 20
-0.8499995699999999
 11
-2.4743791
 21
0.8499995699999999
 72
     1
 10
-2.4743791
 20
0.8499995699999999
 11
-2.074379899999999
 21
0.8499995699999999
 72
     1
 10
-2.074379899999999
 20
0.8499995699999999
 11
-2.074379899999999
 21
-0.8499995699999999
 97
        1
330
6F2
 75
     0
 76
     1
 98
        0
450
        0
451
        0
460
0.0
461
0.0
452
        0
462
0.0
453
        0
470

  0
REGION
  5
6F8
102
{ACAD_REACTORS
330
6F9
102
}
330
64F
100
AcDbEntity
  8
TopPaste
 62
     8
100
AcDbModelerGeometry
 70
     1
  1
mnmoo mh m mi          
  1
ni ^ *+0;:,4 ^ *+0\^ [ mo ^ LR mmjqnqoqijjlj QK o  
  1
n fqfffffffffffffffjkh:roh nqooooooooooooooooli:rno 
  1
>,27:>;:- {rn rn _nl mmjqnqoqijjlj |
  1
=0;& {rn rn {rn {m {rn {rn |
  1
3*2/ {rn rn {rn {rn {l {n |
  1
,7:33 {rn rn {rn {rn {rn {k {rn {m |
  1
9><: {rn rn {rn {rn {j {l {rn {i 90-(>-; ;0*=3: 0*+ |
  1
300/ {rn rn {rn {rn {h {k |
  1
/3>1:r,*-9><: {rn rn {rn roqohklglfoooooooooomhf o o o o rn rn o o 90-(>-;@) V V V V |
  1
<0:;8: {rn rn {rn {g {f {rn {no 90-(>-; {j {rn |
  1
<0:;8: {rn rn {rn {nn {h {rn {nm 90-(>-; {j {rn |
  1
<0:;8: {rn rn {rn {h {nn {rn {nl 90-(>-; {j {rn |
  1
:;8: {rn rn {rn {nk o {nj oqlfffffnfffffffffffm {h {ni 90-(>-; _h *1410(1 |
  1
<0:;8: {rn rn {rn {f {g {rn {nh 90-(>-; {j {rn |
  1
:;8: {rn rn {rn {nj o {ng nqifffffnkoooooooohj {g {nf 90-(>-; _h *1410(1 |
  1
:;8: {rn rn {rn {mo o {nk nqifffffnkoooooooohj {f {mn 90-(>-; _h *1410(1 |
  1
):-+:' {rn rn {rn {nl m {mm |
  1
):-+:' {rn rn {rn {nm m {ml |
  1
,+->687+r<*-): {rn rn {rn oqnmjinjiffffffffggjg roqgkffffjhoooooooolhi o rn o o V V |
  1
:;8: {rn rn {rn {ng o {mo oqlfffffnfffffffffffm {nn {mk 90-(>-; _h *1410(1 |
  1
):-+:' {rn rn {rn {nh m {mj |
  1
,+->687+r<*-): {rn rn {rn roqmhklgljoooooooonnlk roqgkffffjhoooooooolhi o nqnnommlomkimjnjijk:rni n o V V |
  1
):-+:' {rn rn {rn {nl m {mi |
  1
,+->687+r<*-): {rn rn {rn oqnmjinjhoooooooonohg oqgkffffjhoooooooolhi o rnqlghhhghgohgnkkjihi:rni rn o V V |
  1
/061+ {rn rn {rn oqnmjinjiffffffffggjg roqgkffffjhoooooooolhi o |
  1
/061+ {rn rn {rn roqmhklgljoooooooonnlk roqgkffffjhoooooooolhi o |
  1
,+->687+r<*-): {rn rn {rn roqmhklglkffffffffgfnk oqgkffffjhoooooooolhi o n o o V V |
  1
/061+ {rn rn {rn roqmhklglkffffffffgfnk oqgkffffjhoooooooolhi o |
  1
/061+ {rn rn {rn oqnmjinjhoooooooonohg oqgkffffjhoooooooolhi o |
  0
HATCH
  5
6F9
330
64F
100
AcDbEntity
  8
TopPaste
 62
     8
100
AcDbHatch
 10
0.0
 20
0.0
 30
0.0
210
0.0
220
0.0
230
1.0
  2
SOLID
 70
     1
 71
     1
 91
        1
 92
        1
 93
        4
 72
     1
 10
0.1256156999999999
 20
-0.8499995699999999
 11
-0.2743835000000001
 21
-0.8499995699999999
 72
     1
 10
-0.2743835000000001
 20
-0.8499995699999999
 11
-0.2743834999999999
 21
0.8499995699999999
 72
     1
 10
-0.2743834999999999
 20
0.8499995699999999
 11
0.1256157000000001
 21
0.8499995699999999
 72
     1
 10
0.1256157000000001
 20
0.8499995699999999
 11
0.1256156999999999
 21
-0.8499995699999999
 97
        1
330
6F8
 75
     0
 76
     1
 98
        0
450
        0
451
        0
460
0.0
461
0.0
452
        0
462
0.0
453
        0
470

  0
REGION
  5
6FE
102
{ACAD_REACTORS
330
6FF
102
}
330
64F
100
AcDbEntity
  8
TopPaste
 62
     8
100
AcDbModelerGeometry
 70
     1
  1
mnmoo mh m mi          
  1
ni ^ *+0;:,4 ^ *+0\^ [ mo ^ LR mmjqnqoqijjlj QK o  
  1
n fqfffffffffffffffjkh:roh nqooooooooooooooooli:rno 
  1
>,27:>;:- {rn rn _nl mmjqnqoqijjlj |
  1
=0;& {rn rn {rn {m {rn {rn |
  1
3*2/ {rn rn {rn {rn {l {n |
  1
,7:33 {rn rn {rn {rn {rn {k {rn {m |
  1
9><: {rn rn {rn {rn {j {l {rn {i 90-(>-; ;0*=3: 0*+ |
  1
300/ {rn rn {rn {rn {h {k |
  1
/3>1:r,*-9><: {rn rn {rn oqkhjinjoooooooooon o o o o rn rn o o 90-(>-;@) V V V V |
  1
<0:;8: {rn rn {rn {g {f {rn {no 90-(>-; {j {rn |
  1
<0:;8: {rn rn {rn {nn {h {rn {nm 90-(>-; {j {rn |
  1
<0:;8: {rn rn {rn {h {nn {rn {nl 90-(>-; {j {rn |
  1
:;8: {rn rn {rn {nk o {nj oqlfffffnfffffffffklh {h {ni 90-(>-; _h *1410(1 |
  1
<0:;8: {rn rn {rn {f {g {rn {nh 90-(>-; {j {rn |
  1
:;8: {rn rn {rn {nj o {ng nqifffffnkoooooooohj {g {nf 90-(>-; _h *1410(1 |
  1
:;8: {rn rn {rn {mo o {nk nqifffffnkoooooooohj {f {mn 90-(>-; _h *1410(1 |
  1
):-+:' {rn rn {rn {nl m {mm |
  1
):-+:' {rn rn {rn {nm m {ml |
  1
,+->687+r<*-): {rn rn {rn oqihjinkjffffffffgkl roqgkffffjhoooooooolhi o rn o o V V |
  1
:;8: {rn rn {rn {ng o {mo oqlfffffnfffffffffklh {nn {mk 90-(>-; _h *1410(1 |
  1
):-+:' {rn rn {rn {nh m {mj |
  1
,+->687+r<*-): {rn rn {rn oqmhjinjlffffffffgffk roqgkffffjhoooooooolhi o nqnnommlomkimjnjijk:rni n o V V |
  1
):-+:' {rn rn {rn {nl m {mi |
  1
,+->687+r<*-): {rn rn {rn oqihjinkioooooooooijn oqgkffffjhoooooooolhi o rnqnnommlomkimjnjijk:rni rn o V V |
  1
/061+ {rn rn {rn oqihjinkjffffffffgkl roqgkffffjhoooooooolhi o |
  1
/061+ {rn rn {rn oqmhjinjlffffffffgffk roqgkffffjhoooooooolhi o |
  1
,+->687+r<*-): {rn rn {rn oqmhjinjkoooooooonmnk oqgkffffjhoooooooolhi o n o o V V |
  1
/061+ {rn rn {rn oqmhjinjkoooooooonmnk oqgkffffjhoooooooolhi o |
  1
/061+ {rn rn {rn oqihjinkioooooooooijn oqgkffffjhoooooooolhi o |
  0
HATCH
  5
6FF
330
64F
100
AcDbEntity
  8
TopPaste
 62
     8
100
AcDbHatch
 10
0.0
 20
0.0
 30
0.0
210
0.0
220
0.0
230
1.0
  2
SOLID
 70
     1
 71
     1
 91
        1
 92
        1
 93
        4
 72
     1
 10
0.6756145999999999
 20
-0.8499995699999999
 11
0.2756153999999999
 21
-0.8499995699999999
 72
     1
 10
0.2756153999999999
 20
-0.8499995699999999
 11
0.2756154000000001
 21
0.8499995699999999
 72
     1
 10
0.2756154000000001
 20
0.8499995699999999
 11
0.6756146000000001
 21
0.8499995699999999
 72
     1
 10
0.6756146000000001
 20
0.8499995699999999
 11
0.6756145999999999
 21
-0.8499995699999999
 97
        1
330
6FE
 75
     0
 76
     1
 98
        0
450
        0
451
        0
460
0.0
461
0.0
452
        0
462
0.0
453
        0
470

  0
REGION
  5
704
102
{ACAD_REACTORS
330
705
102
}
330
64F
100
AcDbEntity
  8
TopPaste
 62
     8
100
AcDbModelerGeometry
 70
     1
  1
mnmoo mh m mi          
  1
ni ^ *+0;:,4 ^ *+0\^ [ mo ^ LR mmjqnqoqijjlj QK o  
  1
n fqfffffffffffffffjkh:roh nqooooooooooooooooli:rno 
  1
>,27:>;:- {rn rn _nl mmjqnqoqijjlj |
  1
=0;& {rn rn {rn {m {rn {rn |
  1
3*2/ {rn rn {rn {rn {l {n |
  1
,7:33 {rn rn {rn {rn {rn {k {rn {m |
  1
9><: {rn rn {rn {rn {j {l {rn {i 90-(>-; ;0*=3: 0*+ |
  1
300/ {rn rn {rn {rn {h {k |
  1
/3>1:r,*-9><: {rn rn {rn nqomjinlgfffffffffih o o o o rn rn o o 90-(>-;@) V V V V |
  1
<0:;8: {rn rn {rn {g {f {rn {no 90-(>-; {j {rn |
  1
<0:;8: {rn rn {rn {nn {h {rn {nm 90-(>-; {j {rn |
  1
<0:;8: {rn rn {rn {h {nn {rn {nl 90-(>-; {j {rn |
  1
:;8: {rn rn {rn {nk o {nj oqlfffffmoooooooommnm {h {ni 90-(>-; _h *1410(1 |
  1
<0:;8: {rn rn {rn {f {g {rn {nh 90-(>-; {j {rn |
  1
:;8: {rn rn {rn {nj o {ng nqifffffnkoooooooohj {g {nf 90-(>-; _h *1410(1 |
  1
:;8: {rn rn {rn {mo o {nk nqifffffnkoooooooohj {f {mn 90-(>-; _h *1410(1 |
  1
):-+:' {rn rn {rn {nl m {mm |
  1
):-+:' {rn rn {rn {nm m {ml |
  1
,+->687+r<*-): {rn rn {rn nqmmjinlkfffffffffnn roqgkffffjhoooooooolhi o rn o o V V |
  1
:;8: {rn rn {rn {ng o {mo oqlfffffnfffffffffffm {nn {mk 90-(>-; _h *1410(1 |
  1
):-+:' {rn rn {rn {nh m {mj |
  1
,+->687+r<*-): {rn rn {rn oqgmjinkmffffffffifon roqgkffffjhoooooooolhi o mqmmokkiokfmjolnlogn:rni n o V V |
  1
):-+:' {rn rn {rn {nl m {mi |
  1
,+->687+r<*-): {rn rn {rn nqmmjinljoooooooonll oqgkffffjhoooooooolhi o rmqmmokkiokfmjolnlogn:rni rn o V V |
  1
/061+ {rn rn {rn nqmmjinlkfffffffffnn roqgkffffjhoooooooolhi o |
  1
/061+ {rn rn {rn oqgmjinkmffffffffifon roqgkffffjhoooooooolhi o |
  1
,+->687+r<*-): {rn rn {rn oqgmjinkloooooooonlkm oqgkffffjhoooooooolhi o n o o V V |
  1
/061+ {rn rn {rn oqgmjinkloooooooonlkm oqgkffffjhoooooooolhi o |
  1
/061+ {rn rn {rn nqmmjinljoooooooonll oqgkffffjhoooooooolhi o |
  0
HATCH
  5
705
330
64F
100
AcDbEntity
  8
TopPaste
 62
     8
100
AcDbHatch
 10
0.0
 20
0.0
 30
0.0
210
0.0
220
0.0
230
1.0
  2
SOLID
 70
     1
 71
     1
 91
        1
 92
        1
 93
        4
 72
     1
 10
1.225613499999999
 20
-0.8499995699999999
 11
0.8256142999999996
 21
-0.8499995699999999
 72
     1
 10
0.8256142999999996
 20
-0.8499995699999999
 11
0.8256142999999999
 21
0.8499995699999999
 72
     1
 10
0.8256143000000001
 20
0.8499995699999999
 11
1.225613499999999
 21
0.8499995699999999
 72
     1
 10
1.225613499999999
 20
0.8499995699999999
 11
1.225613499999999
 21
-0.8499995699999999
 97
        1
330
704
 75
     0
 76
     1
 98
        0
450
        0
451
        0
460
0.0
461
0.0
452
        0
462
0.0
453
        0
470

  0
REGION
  5
70A
102
{ACAD_REACTORS
330
70B
102
}
330
64F
100
AcDbEntity
  8
TopPaste
 62
     8
100
AcDbModelerGeometry
 70
     1
  1
mnmoo mh m mi          
  1
ni ^ *+0;:,4 ^ *+0\^ [ mo ^ LR mmjqnqoqijjlj QK o  
  1
n fqfffffffffffffffjkh:roh nqooooooooooooooooli:rno 
  1
>,27:>;:- {rn rn _nl mmjqnqoqijjlj |
  1
=0;& {rn rn {rn {m {rn {rn |
  1
3*2/ {rn rn {rn {rn {l {n |
  1
,7:33 {rn rn {rn {rn {rn {k {rn {m |
  1
9><: {rn rn {rn {rn {j {l {rn {i 90-(>-; ;0*=3: 0*+ |
  1
300/ {rn rn {rn {rn {h {k |
  1
/3>1:r,*-9><: {rn rn {rn mqnmjinniffffffffggm o o o o rn rn o o 90-(>-;@) V V V V |
  1
<0:;8: {rn rn {rn {g {f {rn {no 90-(>-; {j {rn |
  1
<0:;8: {rn rn {rn {nn {h {rn {nm 90-(>-; {j {rn |
  1
<0:;8: {rn rn {rn {h {nn {rn {nl 90-(>-; {j {rn |
  1
:;8: {rn rn {rn {nk o {nj oqlfffffnffffffffgggm {h {ni 90-(>-; _h *1410(1 |
  1
<0:;8: {rn rn {rn {f {g {rn {nh 90-(>-; {j {rn |
  1
:;8: {rn rn {rn {nj o {ng nqifffffnkoooooooohj {g {nf 90-(>-; _h *1410(1 |
  1
:;8: {rn rn {rn {mo o {nk nqifffffnkoooooooohj {f {mn 90-(>-; _h *1410(1 |
  1
):-+:' {rn rn {rn {nl m {mm |
  1
):-+:' {rn rn {rn {nm m {ml |
  1
,+->687+r<*-): {rn rn {rn mqlmjinnmffffffffgmi roqgkffffjhoooooooolhi o rn o o V V |
  1
:;8: {rn rn {rn {ng o {mo oqlfffffnffffffffgggm {nn {mk 90-(>-; _h *1410(1 |
  1
):-+:' {rn rn {rn {nh m {mj |
  1
,+->687+r<*-): {rn rn {rn nqfmjinmoffffffffflg roqgkffffjhoooooooolhi o o n o V V |
  1
):-+:' {rn rn {rn {nl m {mi |
  1
,+->687+r<*-): {rn rn {rn mqlmjinnmffffffffgmi oqgkffffjhoooooooolhi o o rn o V V |
  1
/061+ {rn rn {rn mqlmjinnmffffffffgmi roqgkffffjhoooooooolhi o |
  1
/061+ {rn rn {rn nqfmjinmoffffffffflg roqgkffffjhoooooooolhi o |
  1
,+->687+r<*-): {rn rn {rn nqfmjinmoffffffffflg oqgkffffjhoooooooolhi o n o o V V |
  1
/061+ {rn rn {rn nqfmjinmoffffffffflg oqgkffffjhoooooooolhi o |
  1
/061+ {rn rn {rn mqlmjinnmffffffffgmi oqgkffffjhoooooooolhi o |
  0
HATCH
  5
70B
330
64F
100
AcDbEntity
  8
TopPaste
 62
     8
100
AcDbHatch
 10
0.0
 20
0.0
 30
0.0
210
0.0
220
0.0
230
1.0
  2
SOLID
 70
     1
 71
     1
 91
        1
 92
        1
 93
        4
 72
     1
 10
2.325611299999999
 20
-0.8499995699999999
 11
1.9256121
 21
-0.8499995699999999
 72
     1
 10
1.9256121
 20
-0.8499995699999999
 11
1.9256121
 21
0.8499995699999999
 72
     1
 10
1.9256121
 20
0.8499995699999999
 11
2.325611299999999
 21
0.8499995699999999
 72
     1
 10
2.325611299999999
 20
0.8499995699999999
 11
2.325611299999999
 21
-0.8499995699999999
 97
        1
330
70A
 75
     0
 76
     1
 98
        0
450
        0
451
        0
460
0.0
461
0.0
452
        0
462
0.0
453
        0
470

  0
REGION
  5
710
102
{ACAD_REACTORS
330
711
102
}
330
64F
100
AcDbEntity
  8
TopPaste
 62
     8
100
AcDbModelerGeometry
 70
     1
  1
mnmoo mh m mi          
  1
ni ^ *+0;:,4 ^ *+0\^ [ mo ^ LR mmjqnqoqijjlj QK o  
  1
n fqfffffffffffffffjkh:roh nqooooooooooooooooli:rno 
  1
>,27:>;:- {rn rn _nl mmjqnqoqijjlj |
  1
=0;& {rn rn {rn {m {rn {rn |
  1
3*2/ {rn rn {rn {rn {l {n |
  1
,7:33 {rn rn {rn {rn {rn {k {rn {m |
  1
9><: {rn rn {rn {rn {j {l {rn {i 90-(>-; ;0*=3: 0*+ |
  1
300/ {rn rn {rn {rn {h {k |
  1
/3>1:r,*-9><: {rn rn {rn lqghjinohlffffffffkl o o o o rn rn o o 90-(>-;@) V V V V |
  1
<0:;8: {rn rn {rn {g {f {rn {no 90-(>-; {j {rn |
  1
<0:;8: {rn rn {rn {nn {h {rn {nm 90-(>-; {j {rn |
  1
<0:;8: {rn rn {rn {h {nn {rn {nl 90-(>-; {j {rn |
  1
:;8: {rn rn {rn {nk o {nj oqjffffghffffffffglml {h {ni 90-(>-; _h *1410(1 |
  1
<0:;8: {rn rn {rn {f {g {rn {nh 90-(>-; {j {rn |
  1
:;8: {rn rn {rn {nj o {ng nqifffffnkoooooooohj {g {nf 90-(>-; _h *1410(1 |
  1
:;8: {rn rn {rn {mo o {nk nqifffffnkoooooooohj {f {mn 90-(>-; _h *1410(1 |
  1
):-+:' {rn rn {rn {nl m {mm |
  1
):-+:' {rn rn {rn {nm m {ml |
  1
,+->687+r<*-): {rn rn {rn lqjhjinnlkoooooooomh oqgkffffjhoooooooolhi o n o o V V |
  1
:;8: {rn rn {rn {ng o {mo oqjffffghffffffffglml {nn {mk 90-(>-; _h *1410(1 |
  1
):-+:' {rn rn {rn {nh m {mj |
  1
,+->687+r<*-): {rn rn {rn kqnhjinonlfffffffgjf oqgkffffjhoooooooolhi o o rn o V V |
  1
):-+:' {rn rn {rn {nl m {mi |
  1
,+->687+r<*-): {rn rn {rn lqjhjinnlkoooooooomh roqgkffffjhoooooooolhi o o n o V V |
  1
/061+ {rn rn {rn lqjhjinnlkoooooooomh oqgkffffjhoooooooolhi o |
  1
/061+ {rn rn {rn kqnhjinonlfffffffgjf oqgkffffjhoooooooolhi o |
  1
,+->687+r<*-): {rn rn {rn kqnhjinonlfffffffgjf roqgkffffjhoooooooolhi o rn o o V V |
  1
/061+ {rn rn {rn kqnhjinonlfffffffgjf roqgkffffjhoooooooolhi o |
  1
/061+ {rn rn {rn lqjhjinnlkoooooooomh roqgkffffjhoooooooolhi o |
  0
HATCH
  5
711
330
64F
100
AcDbEntity
  8
TopPaste
 62
     8
100
AcDbHatch
 10
0.0
 20
0.0
 30
0.0
210
0.0
220
0.0
230
1.0
  2
SOLID
 70
     1
 71
     1
 91
        1
 92
        1
 93
        4
 72
     1
 10
3.57561134
 20
0.8499995699999999
 11
4.175610139999999
 21
0.8499995699999999
 72
     1
 10
4.175610139999999
 20
0.8499995699999999
 11
4.175610139999999
 21
-0.8499995699999999
 72
     1
 10
4.175610139999999
 20
-0.8499995699999999
 11
3.57561134
 21
-0.8499995699999999
 72
     1
 10
3.57561134
 20
-0.8499995699999999
 11
3.57561134
 21
0.8499995699999999
 97
        1
330
710
 75
     0
 76
     1
 98
        0
450
        0
451
        0
460
0.0
461
0.0
452
        0
462
0.0
453
        0
470

  0
REGION
  5
716
102
{ACAD_REACTORS
330
717
102
}
330
64F
100
AcDbEntity
  8
TopPaste
 62
     8
100
AcDbModelerGeometry
 70
     1
  1
mnmoo mh m mi          
  1
ni ^ *+0;:,4 ^ *+0\^ [ mo ^ LR mmjqnqoqijjlj QK o  
  1
n fqfffffffffffffffjkh:roh nqooooooooooooooooli:rno 
  1
>,27:>;:- {rn rn _nl mmjqnqoqijjlj |
  1
=0;& {rn rn {rn {m {rn {rn |
  1
3*2/ {rn rn {rn {rn {l {n |
  1
,7:33 {rn rn {rn {rn {rn {k {rn {m |
  1
9><: {rn rn {rn {rn {j {l {rn {i 90-(>-; ;0*=3: 0*+ |
  1
300/ {rn rn {rn {rn {h {k |
  1
/3>1:r,*-9><: {rn rn {rn rjqffklgkhjfffffffof oqngiflgfmooooooooogk o o o rn rn o o 90-(>-;@) V V V V |
  1
<0:;8: {rn rn {rn {g {f {rn {no 90-(>-; {j {rn |
  1
<0:;8: {rn rn {rn {nn {h {rn {nm 90-(>-; {j {rn |
  1
<0:;8: {rn rn {rn {h {nn {rn {nl 90-(>-; {j {rn |
  1
:;8: {rn rn {rn {nk o {nj oqgoooooflfffffffklgi {h {ni 90-(>-; _h *1410(1 |
  1
<0:;8: {rn rn {rn {f {g {rn {nh 90-(>-; {j {rn |
  1
:;8: {rn rn {rn {nj o {ng mqmoooooigooooooookm {g {nf 90-(>-; _h *1410(1 |
  1
:;8: {rn rn {rn {mo o {nk mqmoooooigooooooookm {f {mn 90-(>-; _h *1410(1 |
  1
):-+:' {rn rn {rn {nl m {mm |
  1
):-+:' {rn rn {rn {nm m {ml |
  1
,+->687+r<*-): {rn rn {rn riqlfklgjmmfffffffmjk nqmgiflfmioooooooomf o n o o V V |
  1
:;8: {rn rn {rn {ng o {mo oqgoooooflfffffffklgi {nn {mk 90-(>-; _h *1410(1 |
  1
):-+:' {rn rn {rn {nh m {mj |
  1
,+->687+r<*-): {rn rn {rn rjqjfklgkmgfffffffgnj nqmgiflfmioooooooomf o o rn o V V |
  1
):-+:' {rn rn {rn {nl m {mi |
  1
,+->687+r<*-): {rn rn {rn riqlfklgjmmfffffffmjk roqfnloinkmoooooooonmj o o n o V V |
  1
/061+ {rn rn {rn riqlfklgjmmfffffffmjk nqmgiflfmioooooooomf o |
  1
/061+ {rn rn {rn rjqjfklgkmgfffffffgnj nqmgiflfmioooooooomf o |
  1
,+->687+r<*-): {rn rn {rn rjqjfklgkmgfffffffgnj roqfnloinkmoooooooonmj o rn o o V V |
  1
/061+ {rn rn {rn rjqjfklgkmgfffffffgnj roqfnloinkmoooooooonmj o |
  1
/061+ {rn rn {rn riqlfklgjmmfffffffmjk roqfnloinkmoooooooonmj o |
  0
HATCH
  5
717
330
64F
100
AcDbEntity
  8
TopPaste
 62
     8
100
AcDbHatch
 10
0.0
 20
0.0
 30
0.0
210
0.0
220
0.0
230
1.0
  2
SOLID
 70
     1
 71
     1
 91
        1
 92
        1
 93
        4
 72
     1
 10
-6.394385229999998
 20
1.28693926
 11
-5.594384289999999
 21
1.28693926
 72
     1
 10
-5.594384289999999
 20
1.28693926
 11
-5.594384289999999
 21
-0.91306142
 72
     1
 10
-5.594384289999999
 20
-0.91306142
 11
-6.394385229999998
 21
-0.91306142
 72
     1
 10
-6.394385229999998
 20
-0.91306142
 11
-6.394385229999998
 21
1.28693926
 97
        1
330
716
 75
     0
 76
     1
 98
        0
450
        0
451
        0
460
0.0
461
0.0
452
        0
462
0.0
453
        0
470

  0
ENDBLK
  5
651
330
64F
100
AcDbEntity
  8
0
100
AcDbBlockEnd
  0
BLOCK
  5
71A
330
719
100
AcDbEntity
  8
0
100
AcDbBlockBegin
  2
RES_0402_32
 70
     0
 10
0.0
 20
0.0
 30
0.0
  3
RES_0402_32
  1

  0
LWPOLYLINE
  5
71C
330
719
100
AcDbEntity
  8
TopOverlay
100
AcDbPolyline
 90
        2
 70
     0
 43
0.0254
 10
-0.1651
 20
-0.2413
 10
0.1651
 20
-0.2413
  0
LWPOLYLINE
  5
71D
330
719
100
AcDbEntity
  8
TopOverlay
100
AcDbPolyline
 90
        2
 70
     1
 43
0.0127
 10
-0.17145
 20
-0.2413
 42
1.0
 10
-0.15875
 20
-0.2413
 42
1.0
  0
LWPOLYLINE
  5
71E
330
719
100
AcDbEntity
  8
TopOverlay
100
AcDbPolyline
 90
        2
 70
     1
 43
0.0127
 10
0.15875
 20
-0.2413
 42
1.0
 10
0.17145
 20
-0.2413
 42
1.0
  0
LWPOLYLINE
  5
71F
330
719
100
AcDbEntity
  8
TopOverlay
100
AcDbPolyline
 90
        2
 70
     0
 43
0.0254
 10
-0.1651
 20
-0.2413
 10
-0.16509746
 20
-0.1524
  0
LWPOLYLINE
  5
720
330
719
100
AcDbEntity
  8
TopOverlay
100
AcDbPolyline
 90
        2
 70
     1
 43
0.0127
 10
-0.17145
 20
-0.2413
 42
1.0
 10
-0.15875
 20
-0.2413
 42
1.0
  0
LWPOLYLINE
  5
721
330
719
100
AcDbEntity
  8
TopOverlay
100
AcDbPolyline
 90
        2
 70
     1
 43
0.0127
 10
-0.17144746
 20
-0.1524
 42
1.0
 10
-0.15874746
 20
-0.1524
 42
1.0
  0
LWPOLYLINE
  5
722
330
719
100
AcDbEntity
  8
TopOverlay
100
AcDbPolyline
 90
        2
 70
     0
 43
0.0254
 10
-0.16509746
 20
-0.1524
 10
0.16509746
 20
-0.1524
  0
LWPOLYLINE
  5
723
330
719
100
AcDbEntity
  8
TopOverlay
100
AcDbPolyline
 90
        2
 70
     1
 43
0.0127
 10
-0.17144746
 20
-0.1524
 42
1.0
 10
-0.15874746
 20
-0.1524
 42
1.0
  0
LWPOLYLINE
  5
724
330
719
100
AcDbEntity
  8
TopOverlay
100
AcDbPolyline
 90
        2
 70
     1
 43
0.0127
 10
0.15874746
 20
-0.1524
 42
1.0
 10
0.17144746
 20
-0.1524
 42
1.0
  0
LWPOLYLINE
  5
725
330
719
100
AcDbEntity
  8
TopOverlay
100
AcDbPolyline
 90
        2
 70
     0
 43
0.0254
 10
0.16509746
 20
-0.1524
 10
0.1651
 20
-0.2413
  0
LWPOLYLINE
  5
726
330
719
100
AcDbEntity
  8
TopOverlay
100
AcDbPolyline
 90
        2
 70
     1
 43
0.0127
 10
0.15874746
 20
-0.1524
 42
1.0
 10
0.17144746
 20
-0.1524
 42
1.0
  0
LWPOLYLINE
  5
727
330
719
100
AcDbEntity
  8
TopOverlay
100
AcDbPolyline
 90
        2
 70
     1
 43
0.0127
 10
0.15875
 20
-0.2413
 42
1.0
 10
0.17145
 20
-0.2413
 42
1.0
  0
LWPOLYLINE
  5
728
330
719
100
AcDbEntity
  8
TopOverlay
100
AcDbPolyline
 90
        2
 70
     0
 43
0.0254
 10
-0.1651
 20
0.1524
 10
-0.1651
 20
0.2413
  0
LWPOLYLINE
  5
729
330
719
100
AcDbEntity
  8
TopOverlay
100
AcDbPolyline
 90
        2
 70
     1
 43
0.0127
 10
-0.17145
 20
0.1524
 42
1.0
 10
-0.15875
 20
0.1524
 42
1.0
  0
LWPOLYLINE
  5
72A
330
719
100
AcDbEntity
  8
TopOverlay
100
AcDbPolyline
 90
        2
 70
     1
 43
0.0127
 10
-0.17145
 20
0.2413
 42
1.0
 10
-0.15875
 20
0.2413
 42
1.0
  0
LWPOLYLINE
  5
72B
330
719
100
AcDbEntity
  8
TopOverlay
100
AcDbPolyline
 90
        2
 70
     0
 43
0.0254
 10
-0.1651
 20
0.1524
 10
0.1651
 20
0.1524
  0
LWPOLYLINE
  5
72C
330
719
100
AcDbEntity
  8
TopOverlay
100
AcDbPolyline
 90
        2
 70
     1
 43
0.0127
 10
-0.17145
 20
0.1524
 42
1.0
 10
-0.15875
 20
0.1524
 42
1.0
  0
LWPOLYLINE
  5
72D
330
719
100
AcDbEntity
  8
TopOverlay
100
AcDbPolyline
 90
        2
 70
     1
 43
0.0127
 10
0.15875
 20
0.1524
 42
1.0
 10
0.17145
 20
0.1524
 42
1.0
  0
LWPOLYLINE
  5
72E
330
719
100
AcDbEntity
  8
TopOverlay
100
AcDbPolyline
 90
        2
 70
     0
 43
0.0254
 10
0.1651
 20
0.1524
 10
0.1651
 20
0.2413
  0
LWPOLYLINE
  5
72F
330
719
100
AcDbEntity
  8
TopOverlay
100
AcDbPolyline
 90
        2
 70
     1
 43
0.0127
 10
0.15875
 20
0.1524
 42
1.0
 10
0.17145
 20
0.1524
 42
1.0
  0
LWPOLYLINE
  5
730
330
719
100
AcDbEntity
  8
TopOverlay
100
AcDbPolyline
 90
        2
 70
     1
 43
0.0127
 10
0.15875
 20
0.2413
 42
1.0
 10
0.17145
 20
0.2413
 42
1.0
  0
LWPOLYLINE
  5
731
330
719
100
AcDbEntity
  8
TopOverlay
100
AcDbPolyline
 90
        2
 70
     0
 43
0.0254
 10
-0.1651
 20
0.2413
 10
0.1651
 20
0.2413
  0
LWPOLYLINE
  5
732
330
719
100
AcDbEntity
  8
TopOverlay
100
AcDbPolyline
 90
        2
 70
     1
 43
0.0127
 10
-0.17145
 20
0.2413
 42
1.0
 10
-0.15875
 20
0.2413
 42
1.0
  0
LWPOLYLINE
  5
733
330
719
100
AcDbEntity
  8
TopOverlay
100
AcDbPolyline
 90
        2
 70
     1
 43
0.0127
 10
0.15875
 20
0.2413
 42
1.0
 10
0.17145
 20
0.2413
 42
1.0
  0
LINE
  5
734
330
719
100
AcDbEntity
  8
TopOverlay
100
AcDbLine
 10
0.16509746
 20
-0.1524
 30
0.0
 11
0.1651
 21
-0.2413
 31
0.0
  0
LINE
  5
735
330
719
100
AcDbEntity
  8
TopOverlay
100
AcDbLine
 10
0.1651
 20
-0.2413
 30
0.0
 11
-0.1651
 21
-0.2413
 31
0.0
  0
LINE
  5
736
330
719
100
AcDbEntity
  8
TopOverlay
100
AcDbLine
 10
-0.1651
 20
-0.2413
 30
0.0
 11
-0.16509746
 21
-0.1524
 31
0.0
  0
LINE
  5
737
330
719
100
AcDbEntity
  8
TopOverlay
100
AcDbLine
 10
-0.16509746
 20
-0.1524
 30
0.0
 11
0.16509746
 21
-0.1524
 31
0.0
  0
LINE
  5
738
330
719
100
AcDbEntity
  8
TopOverlay
100
AcDbLine
 10
-0.1651
 20
0.1524
 30
0.0
 11
-0.1651
 21
0.2413
 31
0.0
  0
LINE
  5
739
330
719
100
AcDbEntity
  8
TopOverlay
100
AcDbLine
 10
-0.1651
 20
0.2413
 30
0.0
 11
0.1651
 21
0.2413
 31
0.0
  0
LINE
  5
73A
330
719
100
AcDbEntity
  8
TopOverlay
100
AcDbLine
 10
0.1651
 20
0.2413
 30
0.0
 11
0.1651
 21
0.1524
 31
0.0
  0
LINE
  5
73B
330
719
100
AcDbEntity
  8
TopOverlay
100
AcDbLine
 10
0.1651
 20
0.1524
 30
0.0
 11
-0.1651
 21
0.1524
 31
0.0
  0
ENDBLK
  5
71B
330
719
100
AcDbEntity
  8
0
100
AcDbBlockEnd
  0
BLOCK
  5
73E
330
73D
100
AcDbEntity
  8
0
100
AcDbBlockBegin
  2
RES_0402_33
 70
     0
 10
0.0
 20
0.0
 30
0.0
  3
RES_0402_33
  1

  0
LWPOLYLINE
  5
740
330
73D
100
AcDbEntity
  8
TopOverlay
100
AcDbPolyline
 90
        2
 70
     0
 43
0.0254
 10
-0.1651
 20
-0.2413
 10
0.1651
 20
-0.2413
  0
LWPOLYLINE
  5
741
330
73D
100
AcDbEntity
  8
TopOverlay
100
AcDbPolyline
 90
        2
 70
     1
 43
0.0127
 10
-0.17145
 20
-0.2413
 42
1.0
 10
-0.15875
 20
-0.2413
 42
1.0
  0
LWPOLYLINE
  5
742
330
73D
100
AcDbEntity
  8
TopOverlay
100
AcDbPolyline
 90
        2
 70
     1
 43
0.0127
 10
0.15875
 20
-0.2413
 42
1.0
 10
0.17145
 20
-0.2413
 42
1.0
  0
LWPOLYLINE
  5
743
330
73D
100
AcDbEntity
  8
TopOverlay
100
AcDbPolyline
 90
        2
 70
     0
 43
0.0254
 10
-0.16509746
 20
-0.1524
 10
-0.1651
 20
-0.2413
  0
LWPOLYLINE
  5
744
330
73D
100
AcDbEntity
  8
TopOverlay
100
AcDbPolyline
 90
        2
 70
     1
 43
0.0127
 10
-0.17144746
 20
-0.1524
 42
1.0
 10
-0.15874746
 20
-0.1524
 42
1.0
  0
LWPOLYLINE
  5
745
330
73D
100
AcDbEntity
  8
TopOverlay
100
AcDbPolyline
 90
        2
 70
     1
 43
0.0127
 10
-0.17145
 20
-0.2413
 42
1.0
 10
-0.15875
 20
-0.2413
 42
1.0
  0
LWPOLYLINE
  5
746
330
73D
100
AcDbEntity
  8
TopOverlay
100
AcDbPolyline
 90
        2
 70
     0
 43
0.0254
 10
-0.16509746
 20
-0.1524
 10
0.16509746
 20
-0.1524
  0
LWPOLYLINE
  5
747
330
73D
100
AcDbEntity
  8
TopOverlay
100
AcDbPolyline
 90
        2
 70
     1
 43
0.0127
 10
-0.17144746
 20
-0.1524
 42
1.0
 10
-0.15874746
 20
-0.1524
 42
1.0
  0
LWPOLYLINE
  5
748
330
73D
100
AcDbEntity
  8
TopOverlay
100
AcDbPolyline
 90
        2
 70
     1
 43
0.0127
 10
0.15874746
 20
-0.1524
 42
1.0
 10
0.17144746
 20
-0.1524
 42
1.0
  0
LWPOLYLINE
  5
749
330
73D
100
AcDbEntity
  8
TopOverlay
100
AcDbPolyline
 90
        2
 70
     0
 43
0.0254
 10
0.16509746
 20
-0.1524
 10
0.1651
 20
-0.2413
  0
LWPOLYLINE
  5
74A
330
73D
100
AcDbEntity
  8
TopOverlay
100
AcDbPolyline
 90
        2
 70
     1
 43
0.0127
 10
0.15874746
 20
-0.1524
 42
1.0
 10
0.17144746
 20
-0.1524
 42
1.0
  0
LWPOLYLINE
  5
74B
330
73D
100
AcDbEntity
  8
TopOverlay
100
AcDbPolyline
 90
        2
 70
     1
 43
0.0127
 10
0.15875
 20
-0.2413
 42
1.0
 10
0.17145
 20
-0.2413
 42
1.0
  0
LWPOLYLINE
  5
74C
330
73D
100
AcDbEntity
  8
TopOverlay
100
AcDbPolyline
 90
        2
 70
     0
 43
0.0254
 10
-0.1651
 20
0.2413
 10
-0.1651
 20
0.1524
  0
LWPOLYLINE
  5
74D
330
73D
100
AcDbEntity
  8
TopOverlay
100
AcDbPolyline
 90
        2
 70
     1
 43
0.0127
 10
-0.17145
 20
0.2413
 42
1.0
 10
-0.15875
 20
0.2413
 42
1.0
  0
LWPOLYLINE
  5
74E
330
73D
100
AcDbEntity
  8
TopOverlay
100
AcDbPolyline
 90
        2
 70
     1
 43
0.0127
 10
-0.17145
 20
0.1524
 42
1.0
 10
-0.15875
 20
0.1524
 42
1.0
  0
LWPOLYLINE
  5
74F
330
73D
100
AcDbEntity
  8
TopOverlay
100
AcDbPolyline
 90
        2
 70
     0
 43
0.0254
 10
-0.1651
 20
0.1524
 10
0.1651
 20
0.1524
  0
LWPOLYLINE
  5
750
330
73D
100
AcDbEntity
  8
TopOverlay
100
AcDbPolyline
 90
        2
 70
     1
 43
0.0127
 10
-0.17145
 20
0.1524
 42
1.0
 10
-0.15875
 20
0.1524
 42
1.0
  0
LWPOLYLINE
  5
751
330
73D
100
AcDbEntity
  8
TopOverlay
100
AcDbPolyline
 90
        2
 70
     1
 43
0.0127
 10
0.15875
 20
0.1524
 42
1.0
 10
0.17145
 20
0.1524
 42
1.0
  0
LWPOLYLINE
  5
752
330
73D
100
AcDbEntity
  8
TopOverlay
100
AcDbPolyline
 90
        2
 70
     0
 43
0.0254
 10
0.1651
 20
0.2413
 10
0.1651
 20
0.1524
  0
LWPOLYLINE
  5
753
330
73D
100
AcDbEntity
  8
TopOverlay
100
AcDbPolyline
 90
        2
 70
     1
 43
0.0127
 10
0.15875
 20
0.2413
 42
1.0
 10
0.17145
 20
0.2413
 42
1.0
  0
LWPOLYLINE
  5
754
330
73D
100
AcDbEntity
  8
TopOverlay
100
AcDbPolyline
 90
        2
 70
     1
 43
0.0127
 10
0.15875
 20
0.1524
 42
1.0
 10
0.17145
 20
0.1524
 42
1.0
  0
LWPOLYLINE
  5
755
330
73D
100
AcDbEntity
  8
TopOverlay
100
AcDbPolyline
 90
        2
 70
     0
 43
0.0254
 10
-0.1651
 20
0.2413
 10
0.1651
 20
0.2413
  0
LWPOLYLINE
  5
756
330
73D
100
AcDbEntity
  8
TopOverlay
100
AcDbPolyline
 90
        2
 70
     1
 43
0.0127
 10
-0.17145
 20
0.2413
 42
1.0
 10
-0.15875
 20
0.2413
 42
1.0
  0
LWPOLYLINE
  5
757
330
73D
100
AcDbEntity
  8
TopOverlay
100
AcDbPolyline
 90
        2
 70
     1
 43
0.0127
 10
0.15875
 20
0.2413
 42
1.0
 10
0.17145
 20
0.2413
 42
1.0
  0
LINE
  5
758
330
73D
100
AcDbEntity
  8
TopOverlay
100
AcDbLine
 10
0.16509746
 20
-0.1524
 30
0.0
 11
0.1651
 21
-0.2413
 31
0.0
  0
LINE
  5
759
330
73D
100
AcDbEntity
  8
TopOverlay
100
AcDbLine
 10
0.1651
 20
-0.2413
 30
0.0
 11
-0.1651
 21
-0.2413
 31
0.0
  0
LINE
  5
75A
330
73D
100
AcDbEntity
  8
TopOverlay
100
AcDbLine
 10
-0.1651
 20
-0.2413
 30
0.0
 11
-0.16509746
 21
-0.1524
 31
0.0
  0
LINE
  5
75B
330
73D
100
AcDbEntity
  8
TopOverlay
100
AcDbLine
 10
-0.16509746
 20
-0.1524
 30
0.0
 11
0.16509746
 21
-0.1524
 31
0.0
  0
LINE
  5
75C
330
73D
100
AcDbEntity
  8
TopOverlay
100
AcDbLine
 10
-0.1651
 20
0.1524
 30
0.0
 11
-0.1651
 21
0.2413
 31
0.0
  0
LINE
  5
75D
330
73D
100
AcDbEntity
  8
TopOverlay
100
AcDbLine
 10
-0.1651
 20
0.2413
 30
0.0
 11
0.1651
 21
0.2413
 31
0.0
  0
LINE
  5
75E
330
73D
100
AcDbEntity
  8
TopOverlay
100
AcDbLine
 10
0.1651
 20
0.2413
 30
0.0
 11
0.1651
 21
0.1524
 31
0.0
  0
LINE
  5
75F
330
73D
100
AcDbEntity
  8
TopOverlay
100
AcDbLine
 10
0.1651
 20
0.1524
 30
0.0
 11
-0.1651
 21
0.1524
 31
0.0
  0
ENDBLK
  5
73F
330
73D
100
AcDbEntity
  8
0
100
AcDbBlockEnd
  0
BLOCK
  5
762
330
761
100
AcDbEntity
  8
0
100
AcDbBlockBegin
  2
KEY_SMD_4P_34
 70
     0
 10
0.0
 20
0.0
 30
0.0
  3
KEY_SMD_4P_34
  1

  0
LWPOLYLINE
  5
764
330
761
100
AcDbEntity
  8
TopOverlay
100
AcDbPolyline
 90
        2
 70
     0
 43
0.254
 10
2.599994799999999
 20
-1.068905659999999
 10
2.599994799999999
 20
0.00000254
  0
LWPOLYLINE
  5
765
330
761
100
AcDbEntity
  8
TopOverlay
100
AcDbPolyline
 90
        2
 70
     1
 43
0.127
 10
2.536494799999999
 20
-1.068905659999999
 42
1.0
 10
2.663494799999999
 20
-1.068905659999999
 42
1.0
  0
LWPOLYLINE
  5
766
330
761
100
AcDbEntity
  8
TopOverlay
100
AcDbPolyline
 90
        2
 70
     1
 43
0.127
 10
2.536494799999999
 20
0.00000254
 42
1.0
 10
2.663494799999999
 20
0.00000254
 42
1.0
  0
LWPOLYLINE
  5
767
330
761
100
AcDbEntity
  8
TopOverlay
100
AcDbPolyline
 90
        2
 70
     0
 43
0.254
 10
2.599994799999999
 20
0.00000254
 10
2.599994799999999
 20
1.068910739999999
  0
LWPOLYLINE
  5
768
330
761
100
AcDbEntity
  8
TopOverlay
100
AcDbPolyline
 90
        2
 70
     1
 43
0.127
 10
2.536494799999999
 20
0.00000254
 42
1.0
 10
2.663494799999999
 20
0.00000254
 42
1.0
  0
LWPOLYLINE
  5
769
330
761
100
AcDbEntity
  8
TopOverlay
100
AcDbPolyline
 90
        2
 70
     1
 43
0.127
 10
2.536494799999999
 20
1.068910739999999
 42
1.0
 10
2.663494799999999
 20
1.068910739999999
 42
1.0
  0
LWPOLYLINE
  5
76A
330
761
100
AcDbEntity
  8
TopOverlay
100
AcDbPolyline
 90
        2
 70
     0
 43
0.254
 10
0.0
 20
2.599997339999999
 10
-1.8919952
 20
2.599997339999999
  0
LWPOLYLINE
  5
76B
330
761
100
AcDbEntity
  8
TopOverlay
100
AcDbPolyline
 90
        2
 70
     1
 43
0.127
 10
-0.0635
 20
2.599997339999999
 42
1.0
 10
0.0635
 20
2.599997339999999
 42
1.0
  0
LWPOLYLINE
  5
76C
330
761
100
AcDbEntity
  8
TopOverlay
100
AcDbPolyline
 90
        2
 70
     1
 43
0.127
 10
-1.9554952
 20
2.599997339999999
 42
1.0
 10
-1.8284952
 20
2.599997339999999
 42
1.0
  0
LWPOLYLINE
  5
76D
330
761
100
AcDbEntity
  8
TopOverlay
100
AcDbPolyline
 90
        2
 70
     0
 43
0.254
 10
1.8919952
 20
2.599997339999999
 10
0.0
 20
2.599997339999999
  0
LWPOLYLINE
  5
76E
330
761
100
AcDbEntity
  8
TopOverlay
100
AcDbPolyline
 90
        2
 70
     1
 43
0.127
 10
1.8284952
 20
2.599997339999999
 42
1.0
 10
1.9554952
 20
2.599997339999999
 42
1.0
  0
LWPOLYLINE
  5
76F
330
761
100
AcDbEntity
  8
TopOverlay
100
AcDbPolyline
 90
        2
 70
     1
 43
0.127
 10
-0.0635
 20
2.599997339999999
 42
1.0
 10
0.0635
 20
2.599997339999999
 42
1.0
  0
LWPOLYLINE
  5
770
330
761
100
AcDbEntity
  8
TopOverlay
100
AcDbPolyline
 90
        2
 70
     0
 43
0.254
 10
-2.599994799999999
 20
-1.068804059999999
 10
-2.599994799999999
 20
0.00000254
  0
LWPOLYLINE
  5
771
330
761
100
AcDbEntity
  8
TopOverlay
100
AcDbPolyline
 90
        2
 70
     1
 43
0.127
 10
-2.663494799999999
 20
-1.068804059999999
 42
1.0
 10
-2.536494799999999
 20
-1.068804059999999
 42
1.0
  0
LWPOLYLINE
  5
772
330
761
100
AcDbEntity
  8
TopOverlay
100
AcDbPolyline
 90
        2
 70
     1
 43
0.127
 10
-2.663494799999999
 20
0.00000254
 42
1.0
 10
-2.536494799999999
 20
0.00000254
 42
1.0
  0
LWPOLYLINE
  5
773
330
761
100
AcDbEntity
  8
TopOverlay
100
AcDbPolyline
 90
        2
 70
     0
 43
0.254
 10
-2.599994799999999
 20
0.00000254
 10
-2.599994799999999
 20
1.068809139999999
  0
LWPOLYLINE
  5
774
330
761
100
AcDbEntity
  8
TopOverlay
100
AcDbPolyline
 90
        2
 70
     1
 43
0.127
 10
-2.663494799999999
 20
0.00000254
 42
1.0
 10
-2.536494799999999
 20
0.00000254
 42
1.0
  0
LWPOLYLINE
  5
775
330
761
100
AcDbEntity
  8
TopOverlay
100
AcDbPolyline
 90
        2
 70
     1
 43
0.127
 10
-2.663494799999999
 20
1.068809139999999
 42
1.0
 10
-2.536494799999999
 20
1.068809139999999
 42
1.0
  0
LWPOLYLINE
  5
776
330
761
100
AcDbEntity
  8
TopOverlay
100
AcDbPolyline
 90
        2
 70
     0
 43
0.254
 10
1.8919952
 20
-2.59999226
 10
0.0
 20
-2.59999226
  0
LWPOLYLINE
  5
777
330
761
100
AcDbEntity
  8
TopOverlay
100
AcDbPolyline
 90
        2
 70
     1
 43
0.127
 10
1.8284952
 20
-2.59999226
 42
1.0
 10
1.9554952
 20
-2.59999226
 42
1.0
  0
LWPOLYLINE
  5
778
330
761
100
AcDbEntity
  8
TopOverlay
100
AcDbPolyline
 90
        2
 70
     1
 43
0.127
 10
-0.0635
 20
-2.59999226
 42
1.0
 10
0.0635
 20
-2.59999226
 42
1.0
  0
LWPOLYLINE
  5
779
330
761
100
AcDbEntity
  8
TopOverlay
100
AcDbPolyline
 90
        2
 70
     0
 43
0.254
 10
0.0
 20
-2.59999226
 10
-1.8919952
 20
-2.59999226
  0
LWPOLYLINE
  5
77A
330
761
100
AcDbEntity
  8
TopOverlay
100
AcDbPolyline
 90
        2
 70
     1
 43
0.127
 10
-0.0635
 20
-2.59999226
 42
1.0
 10
0.0635
 20
-2.59999226
 42
1.0
  0
LWPOLYLINE
  5
77B
330
761
100
AcDbEntity
  8
TopOverlay
100
AcDbPolyline
 90
        2
 70
     1
 43
0.127
 10
-1.9554952
 20
-2.59999226
 42
1.0
 10
-1.8284952
 20
-2.59999226
 42
1.0
  0
LWPOLYLINE
  5
77C
330
761
100
AcDbEntity
  8
TopOverlay
100
AcDbPolyline
 90
        2
 70
     1
 43
0.254
 10
1.500124
 20
0.00000254
 42
1.0
 10
-1.500124
 20
0.00000254
 42
1.0
  0
LWPOLYLINE
  5
77D
330
761
100
AcDbEntity
  8
TopOverlay
100
AcDbPolyline
 90
        2
 70
     1
 43
0.127
 10
1.436623999999999
 20
0.00000254
 42
1.0
 10
1.563623999999999
 20
0.00000254
 42
1.0
  0
LWPOLYLINE
  5
77E
330
761
100
AcDbEntity
  8
TopOverlay
100
AcDbPolyline
 90
        2
 70
     1
 43
0.127
 10
-1.563623999999999
 20
0.00000254
 42
1.0
 10
-1.436623999999999
 20
0.00000254
 42
1.0
  0
REGION
  5
783
102
{ACAD_REACTORS
330
784
102
}
330
761
100
AcDbEntity
  8
TopPaste
 62
     8
100
AcDbModelerGeometry
 70
     1
  1
mnmoo mh m mi          
  1
ni ^ *+0;:,4 ^ *+0\^ [ mo ^ LR mmjqnqoqijjlj QK o  
  1
n fqfffffffffffffffjkh:roh nqooooooooooooooooli:rno 
  1
>,27:>;:- {rn rn _nl mmjqnqoqijjlj |
  1
=0;& {rn rn {rn {m {rn {rn |
  1
3*2/ {rn rn {rn {rn {l {n |
  1
,7:33 {rn rn {rn {rn {rn {k {rn {m |
  1
9><: {rn rn {rn {rn {j {l {rn {i 90-(>-; ;0*=3: 0*+ |
  1
300/ {rn rn {rn {rn {h {k |
  1
/3>1:r,*-9><: {rn rn {rn mqfffffkooooooooooj rmqkffgijkioooooooofj o o o rn rn o o 90-(>-;@) V V V V |
  1
<0:;8: {rn rn {rn {g {f {rn {no 90-(>-; {j {rn |
  1
<0:;8: {rn rn {rn {nn {h {rn {nm 90-(>-; {j {rn |
  1
<0:;8: {rn rn {rn {h {nn {rn {nl 90-(>-; {j {rn |
  1
:;8: {rn rn {rn {nk o {nj nqhffffikoooooooolgj {h {ni 90-(>-; _h *1410(1 |
  1
<0:;8: {rn rn {rn {f {g {rn {nh 90-(>-; {j {rn |
  1
:;8: {rn rn {rn {nj o {ng nqnffgfioooooooooohk {g {nf 90-(>-; _h *1410(1 |
  1
:;8: {rn rn {rn {mo o {nk nqnffgfiooooooooomfi {f {mn 90-(>-; _h *1410(1 |
  1
):-+:' {rn rn {rn {nl m {mm |
  1
):-+:' {rn rn {rn {nm m {ml |
  1
,+->687+r<*-): {rn rn {rn lqgffffmmoooooooomkm rmqkffgijkioooooooofj o rn o o V V |
  1
:;8: {rn rn {rn {ng o {mo nqhffffikoooooooolgj {nn {mk 90-(>-; _h *1410(1 |
  1
):-+:' {rn rn {rn {nh m {mj |
  1
,+->687+r<*-): {rn rn {rn mqoffffjhffffffffgjh rmqkffgijkioooooooofj o o n o V V |
  1
):-+:' {rn rn {rn {nl m {mi |
  1
,+->687+r<*-): {rn rn {rn lqgffffmmoooooooomkm rnqmfffifkioooooooomn o o roqfffffffffffffffhhg o V V |
  1
/061+ {rn rn {rn lqgffffmmoooooooomkm rmqkffgijkioooooooofj o |
  1
/061+ {rn rn {rn mqoffffjhffffffffgjh rmqkffgijkioooooooofj o |
  1
,+->687+r<*-): {rn rn {rn mqoffffjhffffffffgjh rnqmfffifkioooooooomn o n o o V V |
  1
/061+ {rn rn {rn mqoffffjhffffffffgjh rnqmfffifkioooooooomn o |
  1
/061+ {rn rn {rn lqgffffmmoooooooomkm rnqmfffifkioooooooomn o |
  0
HATCH
  5
784
330
761
100
AcDbEntity
  8
TopPaste
 62
     8
100
AcDbHatch
 10
0.0
 20
0.0
 30
0.0
210
0.0
220
0.0
230
1.0
  2
SOLID
 70
     1
 71
     1
 91
        1
 92
        1
 93
        4
 72
     1
 10
3.899992199999999
 20
-2.49986546
 11
2.099995799999999
 21
-2.49986546
 72
     1
 10
2.099995799999999
 20
-2.49986546
 11
2.099995799999999
 21
-1.29996946
 72
     1
 10
2.099995799999999
 20
-1.29996946
 11
3.899992199999999
 21
-1.29996946
 72
     1
 10
3.899992199999999
 20
-1.29996946
 11
3.899992199999999
 21
-2.49986546
 97
        1
330
783
 75
     0
 76
     1
 98
        0
450
        0
451
        0
460
0.0
461
0.0
452
        0
462
0.0
453
        0
470

  0
REGION
  5
789
102
{ACAD_REACTORS
330
78A
102
}
330
761
100
AcDbEntity
  8
TopPaste
 62
     8
100
AcDbModelerGeometry
 70
     1
  1
mnmoo mh m mi          
  1
ni ^ *+0;:,4 ^ *+0\^ [ mo ^ LR mmjqnqoqijjlj QK o  
  1
n fqfffffffffffffffjkh:roh nqooooooooooooooooli:rno 
  1
>,27:>;:- {rn rn _nl mmjqnqoqijjlj |
  1
=0;& {rn rn {rn {m {rn {rn |
  1
3*2/ {rn rn {rn {rn {l {n |
  1
,7:33 {rn rn {rn {rn {rn {k {rn {m |
  1
9><: {rn rn {rn {rn {j {l {rn {i 90-(>-; ;0*=3: 0*+ |
  1
300/ {rn rn {rn {rn {h {k |
  1
/3>1:r,*-9><: {rn rn {rn mqfffffkooooooooooj nqmfffhkjkoooooooonm o o o rn rn o o 90-(>-;@) V V V V |
  1
<0:;8: {rn rn {rn {g {f {rn {no 90-(>-; {j {rn |
  1
<0:;8: {rn rn {rn {nn {h {rn {nm 90-(>-; {j {rn |
  1
<0:;8: {rn rn {rn {h {nn {rn {nl 90-(>-; {j {rn |
  1
:;8: {rn rn {rn {nk o {nj nqhffffikoooooooolgj {h {ni 90-(>-; _h *1410(1 |
  1
<0:;8: {rn rn {rn {f {g {rn {nh 90-(>-; {j {rn |
  1
:;8: {rn rn {rn {nj o {ng nqnffgfjfffffffffgjm {g {nf 90-(>-; _h *1410(1 |
  1
:;8: {rn rn {rn {mo o {nk nqnffgfjfffffffffgjm {f {mn 90-(>-; _h *1410(1 |
  1
):-+:' {rn rn {rn {nl m {mm |
  1
):-+:' {rn rn {rn {nm m {ml |
  1
,+->687+r<*-): {rn rn {rn lqgffffmmoooooooomkm nqmfffhkjkoooooooonm o rn o o V V |
  1
:;8: {rn rn {rn {ng o {mo nqhffffikoooooooolgj {nn {mk 90-(>-; _h *1410(1 |
  1
):-+:' {rn rn {rn {nh m {mj |
  1
,+->687+r<*-): {rn rn {rn mqoffffjhffffffffgjh nqmfffhkjkoooooooonm o o n o V V |
  1
):-+:' {rn rn {rn {nl m {mi |
  1
,+->687+r<*-): {rn rn {rn lqgffffmmoooooooomkm mqkffghojlfffffffgil o o rn o V V |
  1
/061+ {rn rn {rn lqgffffmmoooooooomkm nqmfffhkjkoooooooonm o |
  1
/061+ {rn rn {rn mqoffffjhffffffffgjh nqmfffhkjkoooooooonm o |
  1
,+->687+r<*-): {rn rn {rn mqoffffjhffffffffgjh mqkffghojlfffffffgil o n o o V V |
  1
/061+ {rn rn {rn mqoffffjhffffffffgjh mqkffghojlfffffffgil o |
  1
/061+ {rn rn {rn lqgffffmmoooooooomkm mqkffghojlfffffffgil o |
  0
HATCH
  5
78A
330
761
100
AcDbEntity
  8
TopPaste
 62
     8
100
AcDbHatch
 10
0.0
 20
0.0
 30
0.0
210
0.0
220
0.0
230
1.0
  2
SOLID
 70
     1
 71
     1
 91
        1
 92
        1
 93
        4
 72
     1
 10
3.899992199999999
 20
1.29997454
 11
2.099995799999999
 21
1.29997454
 72
     1
 10
2.099995799999999
 20
1.29997454
 11
2.099995799999999
 21
2.499870539999999
 72
     1
 10
2.099995799999999
 20
2.499870539999999
 11
3.899992199999999
 21
2.499870539999999
 72
     1
 10
3.899992199999999
 20
2.499870539999999
 11
3.899992199999999
 21
1.29997454
 97
        1
330
789
 75
     0
 76
     1
 98
        0
450
        0
451
        0
460
0.0
461
0.0
452
        0
462
0.0
453
        0
470

  0
REGION
  5
78F
102
{ACAD_REACTORS
330
790
102
}
330
761
100
AcDbEntity
  8
TopPaste
 62
     8
100
AcDbModelerGeometry
 70
     1
  1
mnmoo mh m mi          
  1
ni ^ *+0;:,4 ^ *+0\^ [ mo ^ LR mmjqnqoqijjlj QK o  
  1
n fqfffffffffffffffjkh:roh nqooooooooooooooooli:rno 
  1
>,27:>;:- {rn rn _nl mmjqnqoqijjlj |
  1
=0;& {rn rn {rn {m {rn {rn |
  1
3*2/ {rn rn {rn {rn {l {n |
  1
,7:33 {rn rn {rn {rn {rn {k {rn {m |
  1
9><: {rn rn {rn {rn {j {l {rn {i 90-(>-; ;0*=3: 0*+ |
  1
300/ {rn rn {rn {rn {h {k |
  1
/3>1:r,*-9><: {rn rn {rn rmqfffffkooooooooooj rmqkffgijkioooooooofj o o o rn rn o o 90-(>-;@) V V V V |
  1
<0:;8: {rn rn {rn {g {f {rn {no 90-(>-; {j {rn |
  1
<0:;8: {rn rn {rn {nn {h {rn {nm 90-(>-; {j {rn |
  1
<0:;8: {rn rn {rn {h {nn {rn {nl 90-(>-; {j {rn |
  1
:;8: {rn rn {rn {nk o {nj nqhffffikoooooooolgj {h {ni 90-(>-; _h *1410(1 |
  1
<0:;8: {rn rn {rn {f {g {rn {nh 90-(>-; {j {rn |
  1
:;8: {rn rn {rn {nj o {ng nqnffgfioooooooooohk {g {nf 90-(>-; _h *1410(1 |
  1
:;8: {rn rn {rn {mo o {nk nqnffgfiooooooooomfi {f {mn 90-(>-; _h *1410(1 |
  1
):-+:' {rn rn {rn {nl m {mm |
  1
):-+:' {rn rn {rn {nm m {ml |
  1
,+->687+r<*-): {rn rn {rn rmqoffffjhffffffffgjh rmqkffgijkioooooooofj o rn o o V V |
  1
:;8: {rn rn {rn {ng o {mo nqhffffikoooooooolgj {nn {mk 90-(>-; _h *1410(1 |
  1
):-+:' {rn rn {rn {nh m {mj |
  1
,+->687+r<*-): {rn rn {rn rlqgffffmmoooooooomkm rmqkffgijkioooooooofj o o n o V V |
  1
):-+:' {rn rn {rn {nl m {mi |
  1
,+->687+r<*-): {rn rn {rn rmqoffffjhffffffffgjh rnqmfffifkioooooooomn o o roqfffffffffffffffhhg o V V |
  1
/061+ {rn rn {rn rmqoffffjhffffffffgjh rmqkffgijkioooooooofj o |
  1
/061+ {rn rn {rn rlqgffffmmoooooooomkm rmqkffgijkioooooooofj o |
  1
,+->687+r<*-): {rn rn {rn rlqgffffmmoooooooomkm rnqmfffifkioooooooomn o n o o V V |
  1
/061+ {rn rn {rn rlqgffffmmoooooooomkm rnqmfffifkioooooooomn o |
  1
/061+ {rn rn {rn rmqoffffjhffffffffgjh rnqmfffifkioooooooomn o |
  0
HATCH
  5
790
330
761
100
AcDbEntity
  8
TopPaste
 62
     8
100
AcDbHatch
 10
0.0
 20
0.0
 30
0.0
210
0.0
220
0.0
230
1.0
  2
SOLID
 70
     1
 71
     1
 91
        1
 92
        1
 93
        4
 72
     1
 10
-2.099995799999999
 20
-2.49986546
 11
-3.899992199999999
 21
-2.49986546
 72
     1
 10
-3.899992199999999
 20
-2.49986546
 11
-3.899992199999999
 21
-1.29996946
 72
     1
 10
-3.899992199999999
 20
-1.29996946
 11
-2.099995799999999
 21
-1.29996946
 72
     1
 10
-2.099995799999999
 20
-1.29996946
 11
-2.099995799999999
 21
-2.49986546
 97
        1
330
78F
 75
     0
 76
     1
 98
        0
450
        0
451
        0
460
0.0
461
0.0
452
        0
462
0.0
453
        0
470

  0
REGION
  5
795
102
{ACAD_REACTORS
330
796
102
}
330
761
100
AcDbEntity
  8
TopPaste
 62
     8
100
AcDbModelerGeometry
 70
     1
  1
mnmoo mh m mi          
  1
ni ^ *+0;:,4 ^ *+0\^ [ mo ^ LR mmjqnqoqijjlj QK o  
  1
n fqfffffffffffffffjkh:roh nqooooooooooooooooli:rno 
  1
>,27:>;:- {rn rn _nl mmjqnqoqijjlj |
  1
=0;& {rn rn {rn {m {rn {rn |
  1
3*2/ {rn rn {rn {rn {l {n |
  1
,7:33 {rn rn {rn {rn {rn {k {rn {m |
  1
9><: {rn rn {rn {rn {j {l {rn {i 90-(>-; ;0*=3: 0*+ |
  1
300/ {rn rn {rn {rn {h {k |
  1
/3>1:r,*-9><: {rn rn {rn rmqfffffkooooooooooj nqmfffhkjkoooooooonm o o o rn rn o o 90-(>-;@) V V V V |
  1
<0:;8: {rn rn {rn {g {f {rn {no 90-(>-; {j {rn |
  1
<0:;8: {rn rn {rn {nn {h {rn {nm 90-(>-; {j {rn |
  1
<0:;8: {rn rn {rn {h {nn {rn {nl 90-(>-; {j {rn |
  1
:;8: {rn rn {rn {nk o {nj nqhffffikoooooooolgj {h {ni 90-(>-; _h *1410(1 |
  1
<0:;8: {rn rn {rn {f {g {rn {nh 90-(>-; {j {rn |
  1
:;8: {rn rn {rn {nj o {ng nqnffgfjfffffffffgjm {g {nf 90-(>-; _h *1410(1 |
  1
:;8: {rn rn {rn {mo o {nk nqnffgfjfffffffffgjm {f {mn 90-(>-; _h *1410(1 |
  1
):-+:' {rn rn {rn {nl m {mm |
  1
):-+:' {rn rn {rn {nm m {ml |
  1
,+->687+r<*-): {rn rn {rn rmqoffffjhffffffffgjh nqmfffhkjkoooooooonm o rn o o V V |
  1
:;8: {rn rn {rn {ng o {mo nqhffffikoooooooolgj {nn {mk 90-(>-; _h *1410(1 |
  1
):-+:' {rn rn {rn {nh m {mj |
  1
,+->687+r<*-): {rn rn {rn rlqgffffmmoooooooomkm nqmfffhkjkoooooooonm o o n o V V |
  1
):-+:' {rn rn {rn {nl m {mi |
  1
,+->687+r<*-): {rn rn {rn rmqoffffjhffffffffgjh mqkffghojlfffffffgil o o rn o V V |
  1
/061+ {rn rn {rn rmqoffffjhffffffffgjh nqmfffhkjkoooooooonm o |
  1
/061+ {rn rn {rn rlqgffffmmoooooooomkm nqmfffhkjkoooooooonm o |
  1
,+->687+r<*-): {rn rn {rn rlqgffffmmoooooooomkm mqkffghojlfffffffgil o n o o V V |
  1
/061+ {rn rn {rn rlqgffffmmoooooooomkm mqkffghojlfffffffgil o |
  1
/061+ {rn rn {rn rmqoffffjhffffffffgjh mqkffghojlfffffffgil o |
  0
HATCH
  5
796
330
761
100
AcDbEntity
  8
TopPaste
 62
     8
100
AcDbHatch
 10
0.0
 20
0.0
 30
0.0
210
0.0
220
0.0
230
1.0
  2
SOLID
 70
     1
 71
     1
 91
        1
 92
        1
 93
        4
 72
     1
 10
-2.099995799999999
 20
1.29997454
 11
-3.899992199999999
 21
1.29997454
 72
     1
 10
-3.899992199999999
 20
1.29997454
 11
-3.899992199999999
 21
2.499870539999999
 72
     1
 10
-3.899992199999999
 20
2.499870539999999
 11
-2.099995799999999
 21
2.499870539999999
 72
     1
 10
-2.099995799999999
 20
2.499870539999999
 11
-2.099995799999999
 21
1.29997454
 97
        1
330
795
 75
     0
 76
     1
 98
        0
450
        0
451
        0
460
0.0
461
0.0
452
        0
462
0.0
453
        0
470

  0
ENDBLK
  5
763
330
761
100
AcDbEntity
  8
0
100
AcDbBlockEnd
  0
BLOCK
  5
799
330
798
100
AcDbEntity
  8
0
100
AcDbBlockBegin
  2
FPC_8P_____B_35
 70
     0
 10
0.0
 20
0.0
 30
0.0
  3
FPC_8P_____B_35
  1

  0
ENDBLK
  5
79A
330
798
100
AcDbEntity
  8
0
100
AcDbBlockEnd
  0
BLOCK
  5
79D
330
79C
100
AcDbEntity
  8
0
100
AcDbBlockBegin
  2
ESD_36
 70
     0
 10
0.0
 20
0.0
 30
0.0
  3
ESD_36
  1

  0
REGION
  5
7A3
102
{ACAD_REACTORS
330
7A4
102
}
330
79C
100
AcDbEntity
  8
TopPaste
 62
     8
100
AcDbModelerGeometry
 70
     1
  1
mnmoo mh m mi          
  1
ni ^ *+0;:,4 ^ *+0\^ [ mo ^ LR mmjqnqoqijjlj QK o  
  1
n fqfffffffffffffffjkh:roh nqooooooooooooooooli:rno 
  1
>,27:>;:- {rn rn _nl mmjqnqoqijjlj |
  1
=0;& {rn rn {rn {m {rn {rn |
  1
3*2/ {rn rn {rn {rn {l {n |
  1
,7:33 {rn rn {rn {rn {rn {k {rn {m |
  1
9><: {rn rn {rn {rn {j {l {rn {i 90-(>-; ;0*=3: 0*+ |
  1
300/ {rn rn {rn {rn {h {k |
  1
/3>1:r,*-9><: {rn rn {rn roqljooofkjfffffffffkj o o o o rn rn o o 90-(>-;@) V V V V |
  1
<0:;8: {rn rn {rn {g {f {rn {no 90-(>-; {j {rn |
  1
<0:;8: {rn rn {rn {nn {h {rn {nm 90-(>-; {j {rn |
  1
<0:;8: {rn rn {rn {h {nn {rn {nl 90-(>-; {j {rn |
  1
:;8: {rn rn {rn {nk o {nj oqlfffffnfffffffffklh {h {ni 90-(>-; _h *1410(1 |
  1
<0:;8: {rn rn {rn {f {g {rn {nh 90-(>-; {j {rn |
  1
:;8: {rn rn {rn {nj o {ng oqiffffgjfffffffffnjl {g {nf 90-(>-; _h *1410(1 |
  1
:;8: {rn rn {rn {mo o {nk oqiffffgjfffffffffnjl {f {mn 90-(>-; _h *1410(1 |
  1
):-+:' {rn rn {rn {nl m {mm |
  1
):-+:' {rn rn {rn {nm m {ml |
  1
,+->687+r<*-): {rn rn {rn roqjjooofojfffffffflgi oqlkffffmfffffffffjhh o n o o V V |
  1
:;8: {rn rn {rn {ng o {mo oqlfffffnfffffffffklh {nn {mk 90-(>-; _h *1410(1 |
  1
):-+:' {rn rn {rn {nh m {mj |
  1
,+->687+r<*-): {rn rn {rn roqnjooofgjfffffffffkf oqlkffffmfffffffffjhh o o rn o V V |
  1
):-+:' {rn rn {rn {nl m {mi |
  1
,+->687+r<*-): {rn rn {rn roqjjooofojfffffffflgi roqlkffffmfffffffffjhh o o n o V V |
  1
/061+ {rn rn {rn roqjjooofojfffffffflgi oqlkffffmfffffffffjhh o |
  1
/061+ {rn rn {rn roqnjooofgjfffffffffkf oqlkffffmfffffffffjhh o |
  1
,+->687+r<*-): {rn rn {rn roqnjooofgjfffffffffkf roqlkffffmfffffffffjhh o rn o o V V |
  1
/061+ {rn rn {rn roqnjooofgjfffffffffkf roqlkffffmfffffffffjhh o |
  1
/061+ {rn rn {rn roqjjooofojfffffffflgi roqlkffffmfffffffffjhh o |
  0
HATCH
  5
7A4
330
79C
100
AcDbEntity
  8
TopPaste
 62
     8
100
AcDbHatch
 10
0.0
 20
0.0
 30
0.0
210
0.0
220
0.0
230
1.0
  2
SOLID
 70
     1
 71
     1
 91
        1
 92
        1
 93
        4
 72
     1
 10
-0.55000906
 20
0.3499993
 11
-0.15000986
 21
0.3499993
 72
     1
 10
-0.15000986
 20
0.3499993
 11
-0.15000986
 21
-0.3499993
 72
     1
 10
-0.15000986
 20
-0.3499993
 11
-0.55000906
 21
-0.3499993
 72
     1
 10
-0.55000906
 20
-0.3499993
 11
-0.55000906
 21
0.3499993
 97
        1
330
7A3
 75
     0
 76
     1
 98
        0
450
        0
451
        0
460
0.0
461
0.0
452
        0
462
0.0
453
        0
470

  0
REGION
  5
7A9
102
{ACAD_REACTORS
330
7AA
102
}
330
79C
100
AcDbEntity
  8
TopPaste
 62
     8
100
AcDbModelerGeometry
 70
     1
  1
mnmoo mh m mi          
  1
ni ^ *+0;:,4 ^ *+0\^ [ mo ^ LR mmjqnqoqijjlj QK o  
  1
n fqfffffffffffffffjkh:roh nqooooooooooooooooli:rno 
  1
>,27:>;:- {rn rn _nl mmjqnqoqijjlj |
  1
=0;& {rn rn {rn {m {rn {rn |
  1
3*2/ {rn rn {rn {rn {l {n |
  1
,7:33 {rn rn {rn {rn {rn {k {rn {m |
  1
9><: {rn rn {rn {rn {j {l {rn {i 90-(>-; ;0*=3: 0*+ |
  1
300/ {rn rn {rn {rn {h {k |
  1
/3>1:r,*-9><: {rn rn {rn oqljoonkjlffffffffgjn o o o o rn rn o o 90-(>-;@) V V V V |
  1
<0:;8: {rn rn {rn {g {f {rn {no 90-(>-; {j {rn |
  1
<0:;8: {rn rn {rn {nn {h {rn {nm 90-(>-; {j {rn |
  1
<0:;8: {rn rn {rn {h {nn {rn {nl 90-(>-; {j {rn |
  1
:;8: {rn rn {rn {nk o {nj oqlfffffnfffffffffklh {h {ni 90-(>-; _h *1410(1 |
  1
<0:;8: {rn rn {rn {f {g {rn {nh 90-(>-; {j {rn |
  1
:;8: {rn rn {rn {nj o {ng oqiffffgjfffffffffnjl {g {nf 90-(>-; _h *1410(1 |
  1
:;8: {rn rn {rn {mo o {nk oqiffffgjfffffffffnjl {f {mn 90-(>-; _h *1410(1 |
  1
):-+:' {rn rn {rn {nl m {mm |
  1
):-+:' {rn rn {rn {nm m {ml |
  1
,+->687+r<*-): {rn rn {rn oqnjoonkflffffffffgjj oqlkffffmfffffffffjhh o n o o V V |
  1
:;8: {rn rn {rn {ng o {mo oqlfffffnfffffffffklh {nn {mk 90-(>-; _h *1410(1 |
  1
):-+:' {rn rn {rn {nh m {mj |
  1
,+->687+r<*-): {rn rn {rn oqjjoonknlffffffffmfm oqlkffffmfffffffffjhh o o rn o V V |
  1
):-+:' {rn rn {rn {nl m {mi |
  1
,+->687+r<*-): {rn rn {rn oqnjoonkflffffffffgjj roqlkffffmfffffffffjhh o o n o V V |
  1
/061+ {rn rn {rn oqnjoonkflffffffffgjj oqlkffffmfffffffffjhh o |
  1
/061+ {rn rn {rn oqjjoonknlffffffffmfm oqlkffffmfffffffffjhh o |
  1
,+->687+r<*-): {rn rn {rn oqjjoonknlffffffffmfm roqlkffffmfffffffffjhh o rn o o V V |
  1
/061+ {rn rn {rn oqjjoonknlffffffffmfm roqlkffffmfffffffffjhh o |
  1
/061+ {rn rn {rn oqnjoonkflffffffffgjj roqlkffffmfffffffffjhh o |
  0
HATCH
  5
7AA
330
79C
100
AcDbEntity
  8
TopPaste
 62
     8
100
AcDbHatch
 10
0.0
 20
0.0
 30
0.0
210
0.0
220
0.0
230
1.0
  2
SOLID
 70
     1
 71
     1
 91
        1
 92
        1
 93
        4
 72
     1
 10
0.15001494
 20
0.3499993
 11
0.55001414
 21
0.3499993
 72
     1
 10
0.55001414
 20
0.3499993
 11
0.55001414
 21
-0.3499993
 72
     1
 10
0.55001414
 20
-0.3499993
 11
0.15001494
 21
-0.3499993
 72
     1
 10
0.15001494
 20
-0.3499993
 11
0.15001494
 21
0.3499993
 97
        1
330
7A9
 75
     0
 76
     1
 98
        0
450
        0
451
        0
460
0.0
461
0.0
452
        0
462
0.0
453
        0
470

  0
ENDBLK
  5
79E
330
79C
100
AcDbEntity
  8
0
100
AcDbBlockEnd
  0
BLOCK
  5
7AD
330
7AC
100
AcDbEntity
  8
0
100
AcDbBlockBegin
  2
ESD_37
 70
     0
 10
0.0
 20
0.0
 30
0.0
  3
ESD_37
  1

  0
REGION
  5
7B3
102
{ACAD_REACTORS
330
7B4
102
}
330
7AC
100
AcDbEntity
  8
TopPaste
 62
     8
100
AcDbModelerGeometry
 70
     1
  1
mnmoo mh m mi          
  1
ni ^ *+0;:,4 ^ *+0\^ [ mo ^ LR mmjqnqoqijjlj QK o  
  1
n fqfffffffffffffffjkh:roh nqooooooooooooooooli:rno 
  1
>,27:>;:- {rn rn _nl mmjqnqoqijjlj |
  1
=0;& {rn rn {rn {m {rn {rn |
  1
3*2/ {rn rn {rn {rn {l {n |
  1
,7:33 {rn rn {rn {rn {rn {k {rn {m |
  1
9><: {rn rn {rn {rn {j {l {rn {i 90-(>-; ;0*=3: 0*+ |
  1
300/ {rn rn {rn {rn {h {k |
  1
/3>1:r,*-9><: {rn rn {rn roqljooofkjfffffffffkj o o o o rn rn o o 90-(>-;@) V V V V |
  1
<0:;8: {rn rn {rn {g {f {rn {no 90-(>-; {j {rn |
  1
<0:;8: {rn rn {rn {nn {h {rn {nm 90-(>-; {j {rn |
  1
<0:;8: {rn rn {rn {h {nn {rn {nl 90-(>-; {j {rn |
  1
:;8: {rn rn {rn {nk o {nj oqlfffffnfffffffffklh {h {ni 90-(>-; _h *1410(1 |
  1
<0:;8: {rn rn {rn {f {g {rn {nh 90-(>-; {j {rn |
  1
:;8: {rn rn {rn {nj o {ng oqiffffgjfffffffffnjl {g {nf 90-(>-; _h *1410(1 |
  1
:;8: {rn rn {rn {mo o {nk oqiffffgjfffffffffnjl {f {mn 90-(>-; _h *1410(1 |
  1
):-+:' {rn rn {rn {nl m {mm |
  1
):-+:' {rn rn {rn {nm m {ml |
  1
,+->687+r<*-): {rn rn {rn roqjjooofojfffffffflgi oqlkffffmfffffffffjhh o n o o V V |
  1
:;8: {rn rn {rn {ng o {mo oqlfffffnfffffffffklh {nn {mk 90-(>-; _h *1410(1 |
  1
):-+:' {rn rn {rn {nh m {mj |
  1
,+->687+r<*-): {rn rn {rn roqnjooofgjfffffffffkf oqlkffffmfffffffffjhh o o rn o V V |
  1
):-+:' {rn rn {rn {nl m {mi |
  1
,+->687+r<*-): {rn rn {rn roqjjooofojfffffffflgi roqlkffffmfffffffffjhh o o n o V V |
  1
/061+ {rn rn {rn roqjjooofojfffffffflgi oqlkffffmfffffffffjhh o |
  1
/061+ {rn rn {rn roqnjooofgjfffffffffkf oqlkffffmfffffffffjhh o |
  1
,+->687+r<*-): {rn rn {rn roqnjooofgjfffffffffkf roqlkffffmfffffffffjhh o rn o o V V |
  1
/061+ {rn rn {rn roqnjooofgjfffffffffkf roqlkffffmfffffffffjhh o |
  1
/061+ {rn rn {rn roqjjooofojfffffffflgi roqlkffffmfffffffffjhh o |
  0
HATCH
  5
7B4
330
7AC
100
AcDbEntity
  8
TopPaste
 62
     8
100
AcDbHatch
 10
0.0
 20
0.0
 30
0.0
210
0.0
220
0.0
230
1.0
  2
SOLID
 70
     1
 71
     1
 91
        1
 92
        1
 93
        4
 72
     1
 10
-0.55000906
 20
0.3499993
 11
-0.15000986
 21
0.3499993
 72
     1
 10
-0.15000986
 20
0.3499993
 11
-0.15000986
 21
-0.3499993
 72
     1
 10
-0.15000986
 20
-0.3499993
 11
-0.55000906
 21
-0.3499993
 72
     1
 10
-0.55000906
 20
-0.3499993
 11
-0.55000906
 21
0.3499993
 97
        1
330
7B3
 75
     0
 76
     1
 98
        0
450
        0
451
        0
460
0.0
461
0.0
452
        0
462
0.0
453
        0
470

  0
REGION
  5
7B9
102
{ACAD_REACTORS
330
7BA
102
}
330
7AC
100
AcDbEntity
  8
TopPaste
 62
     8
100
AcDbModelerGeometry
 70
     1
  1
mnmoo mh m mi          
  1
ni ^ *+0;:,4 ^ *+0\^ [ mo ^ LR mmjqnqoqijjlj QK o  
  1
n fqfffffffffffffffjkh:roh nqooooooooooooooooli:rno 
  1
>,27:>;:- {rn rn _nl mmjqnqoqijjlj |
  1
=0;& {rn rn {rn {m {rn {rn |
  1
3*2/ {rn rn {rn {rn {l {n |
  1
,7:33 {rn rn {rn {rn {rn {k {rn {m |
  1
9><: {rn rn {rn {rn {j {l {rn {i 90-(>-; ;0*=3: 0*+ |
  1
300/ {rn rn {rn {rn {h {k |
  1
/3>1:r,*-9><: {rn rn {rn oqljoonkjlffffffffgjn o o o o rn rn o o 90-(>-;@) V V V V |
  1
<0:;8: {rn rn {rn {g {f {rn {no 90-(>-; {j {rn |
  1
<0:;8: {rn rn {rn {nn {h {rn {nm 90-(>-; {j {rn |
  1
<0:;8: {rn rn {rn {h {nn {rn {nl 90-(>-; {j {rn |
  1
:;8: {rn rn {rn {nk o {nj oqlfffffnfffffffffklh {h {ni 90-(>-; _h *1410(1 |
  1
<0:;8: {rn rn {rn {f {g {rn {nh 90-(>-; {j {rn |
  1
:;8: {rn rn {rn {nj o {ng oqiffffgjfffffffffnjl {g {nf 90-(>-; _h *1410(1 |
  1
:;8: {rn rn {rn {mo o {nk oqiffffgjfffffffffnjl {f {mn 90-(>-; _h *1410(1 |
  1
):-+:' {rn rn {rn {nl m {mm |
  1
):-+:' {rn rn {rn {nm m {ml |
  1
,+->687+r<*-): {rn rn {rn oqnjoonkflffffffffgjj oqlkffffmfffffffffjhh o n o o V V |
  1
:;8: {rn rn {rn {ng o {mo oqlfffffnfffffffffklh {nn {mk 90-(>-; _h *1410(1 |
  1
):-+:' {rn rn {rn {nh m {mj |
  1
,+->687+r<*-): {rn rn {rn oqjjoonknlffffffffmfm oqlkffffmfffffffffjhh o o rn o V V |
  1
):-+:' {rn rn {rn {nl m {mi |
  1
,+->687+r<*-): {rn rn {rn oqnjoonkflffffffffgjj roqlkffffmfffffffffjhh o o n o V V |
  1
/061+ {rn rn {rn oqnjoonkflffffffffgjj oqlkffffmfffffffffjhh o |
  1
/061+ {rn rn {rn oqjjoonknlffffffffmfm oqlkffffmfffffffffjhh o |
  1
,+->687+r<*-): {rn rn {rn oqjjoonknlffffffffmfm roqlkffffmfffffffffjhh o rn o o V V |
  1
/061+ {rn rn {rn oqjjoonknlffffffffmfm roqlkffffmfffffffffjhh o |
  1
/061+ {rn rn {rn oqnjoonkflffffffffgjj roqlkffffmfffffffffjhh o |
  0
HATCH
  5
7BA
330
7AC
100
AcDbEntity
  8
TopPaste
 62
     8
100
AcDbHatch
 10
0.0
 20
0.0
 30
0.0
210
0.0
220
0.0
230
1.0
  2
SOLID
 70
     1
 71
     1
 91
        1
 92
        1
 93
        4
 72
     1
 10
0.15001494
 20
0.3499993
 11
0.55001414
 21
0.3499993
 72
     1
 10
0.55001414
 20
0.3499993
 11
0.55001414
 21
-0.3499993
 72
     1
 10
0.55001414
 20
-0.3499993
 11
0.15001494
 21
-0.3499993
 72
     1
 10
0.15001494
 20
-0.3499993
 11
0.15001494
 21
0.3499993
 97
        1
330
7B9
 75
     0
 76
     1
 98
        0
450
        0
451
        0
460
0.0
461
0.0
452
        0
462
0.0
453
        0
470

  0
ENDBLK
  5
7AE
330
7AC
100
AcDbEntity
  8
0
100
AcDbBlockEnd
  0
BLOCK
  5
7BD
330
7BC
100
AcDbEntity
  8
0
100
AcDbBlockBegin
  2
CAP_0402_38
 70
     0
 10
0.0
 20
0.0
 30
0.0
  3
CAP_0402_38
  1

  0
LWPOLYLINE
  5
7BF
330
7BC
100
AcDbEntity
  8
TopOverlay
100
AcDbPolyline
 90
        2
 70
     0
 43
0.0254
 10
-0.0762
 20
0.2286
 10
-0.1651
 20
0.2286
  0
LWPOLYLINE
  5
7C0
330
7BC
100
AcDbEntity
  8
TopOverlay
100
AcDbPolyline
 90
        2
 70
     1
 43
0.0127
 10
-0.08255
 20
0.2286
 42
1.0
 10
-0.06985
 20
0.2286
 42
1.0
  0
LWPOLYLINE
  5
7C1
330
7BC
100
AcDbEntity
  8
TopOverlay
100
AcDbPolyline
 90
        2
 70
     1
 43
0.0127
 10
-0.17145
 20
0.2286
 42
1.0
 10
-0.15875
 20
0.2286
 42
1.0
  0
LWPOLYLINE
  5
7C2
330
7BC
100
AcDbEntity
  8
TopOverlay
100
AcDbPolyline
 90
        2
 70
     0
 43
0.0254
 10
-0.0762
 20
-0.2286
 10
-0.1651
 20
-0.2286
  0
LWPOLYLINE
  5
7C3
330
7BC
100
AcDbEntity
  8
TopOverlay
100
AcDbPolyline
 90
        2
 70
     1
 43
0.0127
 10
-0.08255
 20
-0.2286
 42
1.0
 10
-0.06985
 20
-0.2286
 42
1.0
  0
LWPOLYLINE
  5
7C4
330
7BC
100
AcDbEntity
  8
TopOverlay
100
AcDbPolyline
 90
        2
 70
     1
 43
0.0127
 10
-0.17145
 20
-0.2286
 42
1.0
 10
-0.15875
 20
-0.2286
 42
1.0
  0
LWPOLYLINE
  5
7C5
330
7BC
100
AcDbEntity
  8
TopOverlay
100
AcDbPolyline
 90
        2
 70
     0
 43
0.0254
 10
-0.0762
 20
0.2286
 10
-0.0762
 20
-0.2286
  0
LWPOLYLINE
  5
7C6
330
7BC
100
AcDbEntity
  8
TopOverlay
100
AcDbPolyline
 90
        2
 70
     1
 43
0.0127
 10
-0.08255
 20
0.2286
 42
1.0
 10
-0.06985
 20
0.2286
 42
1.0
  0
LWPOLYLINE
  5
7C7
330
7BC
100
AcDbEntity
  8
TopOverlay
100
AcDbPolyline
 90
        2
 70
     1
 43
0.0127
 10
-0.08255
 20
-0.2286
 42
1.0
 10
-0.06985
 20
-0.2286
 42
1.0
  0
LWPOLYLINE
  5
7C8
330
7BC
100
AcDbEntity
  8
TopOverlay
100
AcDbPolyline
 90
        2
 70
     0
 43
0.0254
 10
-0.1651
 20
0.2286
 10
-0.1651
 20
-0.2286
  0
LWPOLYLINE
  5
7C9
330
7BC
100
AcDbEntity
  8
TopOverlay
100
AcDbPolyline
 90
        2
 70
     1
 43
0.0127
 10
-0.17145
 20
0.2286
 42
1.0
 10
-0.15875
 20
0.2286
 42
1.0
  0
LWPOLYLINE
  5
7CA
330
7BC
100
AcDbEntity
  8
TopOverlay
100
AcDbPolyline
 90
        2
 70
     1
 43
0.0127
 10
-0.17145
 20
-0.2286
 42
1.0
 10
-0.15875
 20
-0.2286
 42
1.0
  0
LWPOLYLINE
  5
7CB
330
7BC
100
AcDbEntity
  8
TopOverlay
100
AcDbPolyline
 90
        2
 70
     0
 43
0.0254
 10
0.1651
 20
0.2286
 10
0.1651
 20
-0.2286
  0
LWPOLYLINE
  5
7CC
330
7BC
100
AcDbEntity
  8
TopOverlay
100
AcDbPolyline
 90
        2
 70
     1
 43
0.0127
 10
0.15875
 20
0.2286
 42
1.0
 10
0.17145
 20
0.2286
 42
1.0
  0
LWPOLYLINE
  5
7CD
330
7BC
100
AcDbEntity
  8
TopOverlay
100
AcDbPolyline
 90
        2
 70
     1
 43
0.0127
 10
0.15875
 20
-0.2286
 42
1.0
 10
0.17145
 20
-0.2286
 42
1.0
  0
LWPOLYLINE
  5
7CE
330
7BC
100
AcDbEntity
  8
TopOverlay
100
AcDbPolyline
 90
        2
 70
     0
 43
0.0254
 10
0.0762
 20
0.2286
 10
0.0762
 20
-0.2286
  0
LWPOLYLINE
  5
7CF
330
7BC
100
AcDbEntity
  8
TopOverlay
100
AcDbPolyline
 90
        2
 70
     1
 43
0.0127
 10
0.06985
 20
0.2286
 42
1.0
 10
0.08255
 20
0.2286
 42
1.0
  0
LWPOLYLINE
  5
7D0
330
7BC
100
AcDbEntity
  8
TopOverlay
100
AcDbPolyline
 90
        2
 70
     1
 43
0.0127
 10
0.06985
 20
-0.2286
 42
1.0
 10
0.08255
 20
-0.2286
 42
1.0
  0
LWPOLYLINE
  5
7D1
330
7BC
100
AcDbEntity
  8
TopOverlay
100
AcDbPolyline
 90
        2
 70
     0
 43
0.0254
 10
0.1651
 20
0.2286
 10
0.0762
 20
0.2286
  0
LWPOLYLINE
  5
7D2
330
7BC
100
AcDbEntity
  8
TopOverlay
100
AcDbPolyline
 90
        2
 70
     1
 43
0.0127
 10
0.15875
 20
0.2286
 42
1.0
 10
0.17145
 20
0.2286
 42
1.0
  0
LWPOLYLINE
  5
7D3
330
7BC
100
AcDbEntity
  8
TopOverlay
100
AcDbPolyline
 90
        2
 70
     1
 43
0.0127
 10
0.06985
 20
0.2286
 42
1.0
 10
0.08255
 20
0.2286
 42
1.0
  0
LWPOLYLINE
  5
7D4
330
7BC
100
AcDbEntity
  8
TopOverlay
100
AcDbPolyline
 90
        2
 70
     0
 43
0.0254
 10
0.1651
 20
-0.2286
 10
0.0762
 20
-0.2286
  0
LWPOLYLINE
  5
7D5
330
7BC
100
AcDbEntity
  8
TopOverlay
100
AcDbPolyline
 90
        2
 70
     1
 43
0.0127
 10
0.15875
 20
-0.2286
 42
1.0
 10
0.17145
 20
-0.2286
 42
1.0
  0
LWPOLYLINE
  5
7D6
330
7BC
100
AcDbEntity
  8
TopOverlay
100
AcDbPolyline
 90
        2
 70
     1
 43
0.0127
 10
0.06985
 20
-0.2286
 42
1.0
 10
0.08255
 20
-0.2286
 42
1.0
  0
REGION
  5
7DF
102
{ACAD_REACTORS
330
7E0
102
}
330
7BC
100
AcDbEntity
  8
TopPaste
 62
     8
100
AcDbModelerGeometry
 70
     1
  1
mnmoo kh m mi          
  1
ni ^ *+0;:,4 ^ *+0\^ [ mo ^ LR mmjqnqoqijjlj QK o  
  1
n fqfffffffffffffffjkh:roh nqooooooooooooooooli:rno 
  1
>,27:>;:- {rn rn _nl mmjqnqoqijjlj |
  1
=0;& {rn rn {rn {m {rn {rn |
  1
3*2/ {rn rn {rn {rn {l {n |
  1
,7:33 {rn rn {rn {rn {rn {k {rn {m |
  1
9><: {rn rn {rn {rn {j {l {rn {i 90-(>-; ;0*=3: 0*+ |
  1
300/ {rn rn {rn {rn {h {k |
  1
/3>1:r,*-9><: {rn rn {rn oqjogoooooooooooooohn o o o o n n o o 90-(>-;@) V V V V |
  1
<0:;8: {rn rn {rn {g {f {rn {no 90-(>-; {j {rn |
  1
<0:;8: {rn rn {rn {nn {h {rn {nm 90-(>-; {j {rn |
  1
<0:;8: {rn rn {rn {h {nl {rn {nk 90-(>-; {j {rn |
  1
:;8: {rn rn {rn {nj o {ni nqjhohfilmihfkgfijjg {h {nh 90-(>-; _h *1410(1 |
  1
<0:;8: {rn rn {rn {ng {g {rn {nf 90-(>-; {j {rn |
  1
:;8: {rn rn {rn {ni o {mo oqmjkooooooooooooojfn {g {mn 90-(>-; _h *1410(1 |
  1
<0:;8: {rn rn {rn {f {mm {rn {ml 90-(>-; {j {rn |
  1
:;8: {rn rn {rn {mk o {nj oqmjkooooooooooooooli {f {mj 90-(>-; _h *1410(1 |
  1
):-+:' {rn rn {rn {nk m {mi |
  1
):-+:' {rn rn {rn {nm m {mh |
  1
:336/,:r<*-): {rn rn {rn oqiljoooooooooooooogf oqnmhoooooooooooooong o o o n oqnmhoooooooooooooong o o n V V |
  1
<0:;8: {rn rn {rn {mg {nn {rn {mf 90-(>-; {j {rn |
  1
:;8: {rn rn {rn {mo o {lo nqjhohfilmihfkgfilli {nn {ln 90-(>-; _h *1410(1 |
  1
):-+:' {rn rn {rn {nf m {lm |
  1
,+->687+r<*-): {rn rn {rn oqiljoooooooooooooogf oqmjkooooooooooooooli o rn o o V V |
  1
<0:;8: {rn rn {rn {nl {mg {rn {ll 90-(>-; {j {rn |
  1
:;8: {rn rn {rn {lk o {mk nqjhohfilmihfkgfijjg {nl {lj 90-(>-; _h *1410(1 |
  1
):-+:' {rn rn {rn {nk m {li |
  1
,+->687+r<*-): {rn rn {rn oqhimooooooooooooonoh roqnmhoooooooooooooong o o n o V V |
  1
/061+ {rn rn {rn oqhimooooooooooooonoh oqnmhoooooooooooooong o |
  1
/061+ {rn rn {rn oqiljoooooooooooooogf oqmjkooooooooooooooli o |
  1
<0:;8: {rn rn {rn {mm {ng {rn {lh 90-(>-; {j {rn |
  1
:;8: {rn rn {rn {lo o {lg oqmjkooooooooooooooli {ng {lf 90-(>-; _h *1410(1 |
  1
):-+:' {rn rn {rn {mf m {ko |
  1
:336/,:r<*-): {rn rn {rn oqlgofffffffffffffkfg oqnmhoooooooooooooong o o o n o oqnmhoooooooooooooong o n V V |
  1
/061+ {rn rn {rn oqlgofffffffffffffkfg oqmjkooooooooooooooli o |
  1
:;8: {rn rn {rn {kn o {lk oqmjkooooooooooooojfn {mm {km 90-(>-; _h *1410(1 |
  1
):-+:' {rn rn {rn {ml m {kl |
  1
:336/,:r<*-): {rn rn {rn oqiljoooooooooooooogf roqnmhoooooooooooooong o o o n o roqnmhoooooooooooooong o n V V |
  1
/061+ {rn rn {rn oqhimooooooooooooonoh roqnmhoooooooooooooong o |
  1
:;8: {rn rn {rn {lg o {kn nqjhohfilmihfkgfihg {mg {kk 90-(>-; _h *1410(1 |
  1
):-+:' {rn rn {rn {lh m {kj |
  1
,+->687+r<*-): {rn rn {rn oqmjlfffffffffffffkg oqnmhooooooooooooomfj o o rn o V V |
  1
/061+ {rn rn {rn oqmjlfffffffffffffkg oqnmhooooooooooooomfj o |
  1
):-+:' {rn rn {rn {ll m {ki |
  1
,+->687+r<*-): {rn rn {rn oqlgofffffffffffffkfg roqmjkooooooooooooooli o n o o V V |
  1
/061+ {rn rn {rn oqiljoooooooooooooogf roqmjkooooooooooooooli o |
  1
:336/,:r<*-): {rn rn {rn oqlgofffffffffffffkfg roqnmhoooooooooooooong o o o n roqnmhoooooooooooooong mqhhjjjhjinjimgfnljn:rnh o n V V |
  1
/061+ {rn rn {rn oqmjlfffffffffffffkg roqnmifffffffffffffhk o |
  1
/061+ {rn rn {rn oqlgofffffffffffffkfg roqmjkooooooooooooooli o |
  0
HATCH
  5
7E0
330
7BC
100
AcDbEntity
  8
TopPaste
 62
     8
100
AcDbHatch
 10
0.0
 20
0.0
 30
0.0
210
0.0
220
0.0
230
1.0
  2
SOLID
 70
     1
 71
     1
 91
        1
 92
        1
 93
        8
 72
     2
 10
0.635
 20
0.127
 40
0.127
 50
0.0
 51
90.0
 73
     1
 72
     1
 10
0.635
 20
0.254
 11
0.3809999999999999
 21
0.254
 72
     2
 10
0.3809999999999999
 20
0.127
 40
0.127
 50
90.0
 51
180.0
 73
     1
 72
     1
 10
0.2539999999999999
 20
0.127
 11
0.2539999999999999
 21
-0.127
 72
     2
 10
0.3809999999999999
 20
-0.127
 40
0.127
 50
180.0
 51
270.0
 73
     1
 72
     1
 10
0.3809999999999999
 20
-0.254
 11
0.635
 21
-0.254
 72
     2
 10
0.635
 20
-0.127
 40
0.127
 50
270.0
 51
360.0
 73
     1
 72
     1
 10
0.762
 20
-0.127
 11
0.762
 21
0.127
 97
        1
330
7DF
 75
     0
 76
     1
 98
        0
450
        0
451
        0
460
0.0
461
0.0
452
        0
462
0.0
453
        0
470

  0
REGION
  5
7E9
102
{ACAD_REACTORS
330
7EA
102
}
330
7BC
100
AcDbEntity
  8
TopPaste
 62
     8
100
AcDbModelerGeometry
 70
     1
  1
mnmoo kh m mi          
  1
ni ^ *+0;:,4 ^ *+0\^ [ mo ^ LR mmjqnqoqijjlj QK o  
  1
n fqfffffffffffffffjkh:roh nqooooooooooooooooli:rno 
  1
>,27:>;:- {rn rn _nl mmjqnqoqijjlj |
  1
=0;& {rn rn {rn {m {rn {rn |
  1
3*2/ {rn rn {rn {rn {l {n |
  1
,7:33 {rn rn {rn {rn {rn {k {rn {m |
  1
9><: {rn rn {rn {rn {j {l {rn {i 90-(>-; ;0*=3: 0*+ |
  1
300/ {rn rn {rn {rn {h {k |
  1
/3>1:r,*-9><: {rn rn {rn roqjogoooooooooooooohn o o o o n n o o 90-(>-;@) V V V V |
  1
<0:;8: {rn rn {rn {g {f {rn {no 90-(>-; {j {rn |
  1
<0:;8: {rn rn {rn {nn {h {rn {nm 90-(>-; {j {rn |
  1
<0:;8: {rn rn {rn {h {nl {rn {nk 90-(>-; {j {rn |
  1
:;8: {rn rn {rn {nj o {ni nqjhohfilmihfkgfijjg {h {nh 90-(>-; _h *1410(1 |
  1
<0:;8: {rn rn {rn {ng {g {rn {nf 90-(>-; {j {rn |
  1
:;8: {rn rn {rn {ni o {mo oqmjkooooooooooooojfn {g {mn 90-(>-; _h *1410(1 |
  1
<0:;8: {rn rn {rn {f {mm {rn {ml 90-(>-; {j {rn |
  1
:;8: {rn rn {rn {mk o {nj oqmjkooooooooooooooli {f {mj 90-(>-; _h *1410(1 |
  1
):-+:' {rn rn {rn {nk m {mi |
  1
):-+:' {rn rn {rn {nm m {mh |
  1
:336/,:r<*-): {rn rn {rn roqlgofffffffffffffkfg oqnmhoooooooooooooong o o o n oqnmhoooooooooooooong o o n V V |
  1
<0:;8: {rn rn {rn {mg {nn {rn {mf 90-(>-; {j {rn |
  1
:;8: {rn rn {rn {mo o {lo nqjhohfilmihfkgfilli {nn {ln 90-(>-; _h *1410(1 |
  1
):-+:' {rn rn {rn {nf m {lm |
  1
,+->687+r<*-): {rn rn {rn roqlgofffffffffffffkfg oqmjkooooooooooooooli o rn o o V V |
  1
<0:;8: {rn rn {rn {nl {mg {rn {ll 90-(>-; {j {rn |
  1
:;8: {rn rn {rn {lk o {mk nqjhohfilmihfkgfijjg {nl {lj 90-(>-; _h *1410(1 |
  1
):-+:' {rn rn {rn {nk m {li |
  1
,+->687+r<*-): {rn rn {rn roqmjlfffffffffffffkg roqnmhoooooooooooooong o o n o V V |
  1
/061+ {rn rn {rn roqmjlfffffffffffffkg oqnmhoooooooooooooong o |
  1
/061+ {rn rn {rn roqlgofffffffffffffkfg oqmjkooooooooooooooli o |
  1
<0:;8: {rn rn {rn {mm {ng {rn {lh 90-(>-; {j {rn |
  1
:;8: {rn rn {rn {lo o {lg oqmjkooooooooooooooli {ng {lf 90-(>-; _h *1410(1 |
  1
):-+:' {rn rn {rn {mf m {ko |
  1
:336/,:r<*-): {rn rn {rn roqiljoooooooooooooogf oqnmhoooooooooooooong o o o n o oqnmhoooooooooooooong o n V V |
  1
/061+ {rn rn {rn roqiljoooooooooooooogf oqmjkooooooooooooooli o |
  1
:;8: {rn rn {rn {kn o {lk oqmjkooooooooooooojfn {mm {km 90-(>-; _h *1410(1 |
  1
):-+:' {rn rn {rn {ml m {kl |
  1
:336/,:r<*-): {rn rn {rn roqlgofffffffffffffkfg roqnmhoooooooooooooong o o o n o roqnmhoooooooooooooong o n V V |
  1
/061+ {rn rn {rn roqmjlfffffffffffffkg roqnmhoooooooooooooong o |
  1
:;8: {rn rn {rn {lg o {kn nqjhohfilmihfkgfihg {mg {kk 90-(>-; _h *1410(1 |
  1
):-+:' {rn rn {rn {lh m {kj |
  1
,+->687+r<*-): {rn rn {rn roqhimooooooooooooonoh oqnmhooooooooooooomfj o o rn o V V |
  1
/061+ {rn rn {rn roqhimooooooooooooonoh oqnmhooooooooooooomfj o |
  1
):-+:' {rn rn {rn {ll m {ki |
  1
,+->687+r<*-): {rn rn {rn roqiljoooooooooooooogf roqmjkooooooooooooooli o n o o V V |
  1
/061+ {rn rn {rn roqlgofffffffffffffkfg roqmjkooooooooooooooli o |
  1
:336/,:r<*-): {rn rn {rn roqiljoooooooooooooogf roqnmhoooooooooooooong o o o n roqnmhoooooooooooooong mqhhjjjhjinjimgfnljn:rnh o n V V |
  1
/061+ {rn rn {rn roqhimooooooooooooonoh roqnmifffffffffffffhk o |
  1
/061+ {rn rn {rn roqiljoooooooooooooogf roqmjkooooooooooooooli o |
  0
HATCH
  5
7EA
330
7BC
100
AcDbEntity
  8
TopPaste
 62
     8
100
AcDbHatch
 10
0.0
 20
0.0
 30
0.0
210
0.0
220
0.0
230
1.0
  2
SOLID
 70
     1
 71
     1
 91
        1
 92
        1
 93
        8
 72
     2
 10
-0.3809999999999999
 20
0.127
 40
0.127
 50
0.0
 51
90.0
 73
     1
 72
     1
 10
-0.3809999999999999
 20
0.254
 11
-0.635
 21
0.254
 72
     2
 10
-0.635
 20
0.127
 40
0.127
 50
90.0
 51
180.0
 73
     1
 72
     1
 10
-0.762
 20
0.127
 11
-0.762
 21
-0.127
 72
     2
 10
-0.635
 20
-0.127
 40
0.127
 50
180.0
 51
270.0
 73
     1
 72
     1
 10
-0.635
 20
-0.254
 11
-0.3809999999999999
 21
-0.254
 72
     2
 10
-0.3809999999999999
 20
-0.127
 40
0.127
 50
270.0
 51
360.0
 73
     1
 72
     1
 10
-0.2539999999999999
 20
-0.127
 11
-0.2539999999999999
 21
0.127
 97
        1
330
7E9
 75
     0
 76
     1
 98
        0
450
        0
451
        0
460
0.0
461
0.0
452
        0
462
0.0
453
        0
470

  0
LINE
  5
7EB
330
7BC
100
AcDbEntity
  8
TopOverlay
100
AcDbLine
 10
-0.1651
 20
-0.2286
 30
0.0
 11
-0.1651
 21
0.2286
 31
0.0
  0
LINE
  5
7EC
330
7BC
100
AcDbEntity
  8
TopOverlay
100
AcDbLine
 10
-0.1651
 20
0.2286
 30
0.0
 11
-0.0762
 21
0.2286
 31
0.0
  0
LINE
  5
7ED
330
7BC
100
AcDbEntity
  8
TopOverlay
100
AcDbLine
 10
-0.0762
 20
0.2286
 30
0.0
 11
-0.0762
 21
-0.2286
 31
0.0
  0
LINE
  5
7EE
330
7BC
100
AcDbEntity
  8
TopOverlay
100
AcDbLine
 10
-0.0762
 20
-0.2286
 30
0.0
 11
-0.1651
 21
-0.2286
 31
0.0
  0
LINE
  5
7EF
330
7BC
100
AcDbEntity
  8
TopOverlay
100
AcDbLine
 10
0.1651
 20
0.2286
 30
0.0
 11
0.1651
 21
-0.2286
 31
0.0
  0
LINE
  5
7F0
330
7BC
100
AcDbEntity
  8
TopOverlay
100
AcDbLine
 10
0.1651
 20
-0.2286
 30
0.0
 11
0.0762
 21
-0.2286
 31
0.0
  0
LINE
  5
7F1
330
7BC
100
AcDbEntity
  8
TopOverlay
100
AcDbLine
 10
0.0762
 20
-0.2286
 30
0.0
 11
0.0762
 21
0.2286
 31
0.0
  0
LINE
  5
7F2
330
7BC
100
AcDbEntity
  8
TopOverlay
100
AcDbLine
 10
0.0762
 20
0.2286
 30
0.0
 11
0.1651
 21
0.2286
 31
0.0
  0
ENDBLK
  5
7BE
330
7BC
100
AcDbEntity
  8
0
100
AcDbBlockEnd
  0
BLOCK
  5
7F5
330
7F4
100
AcDbEntity
  8
0
100
AcDbBlockBegin
  2
CAP_0402_39
 70
     0
 10
0.0
 20
0.0
 30
0.0
  3
CAP_0402_39
  1

  0
LWPOLYLINE
  5
7F7
330
7F4
100
AcDbEntity
  8
TopOverlay
100
AcDbPolyline
 90
        2
 70
     0
 43
0.0254
 10
-0.1651
 20
0.2286
 10
-0.0762
 20
0.2286
  0
LWPOLYLINE
  5
7F8
330
7F4
100
AcDbEntity
  8
TopOverlay
100
AcDbPolyline
 90
        2
 70
     1
 43
0.0127
 10
-0.17145
 20
0.2286
 42
1.0
 10
-0.15875
 20
0.2286
 42
1.0
  0
LWPOLYLINE
  5
7F9
330
7F4
100
AcDbEntity
  8
TopOverlay
100
AcDbPolyline
 90
        2
 70
     1
 43
0.0127
 10
-0.08255
 20
0.2286
 42
1.0
 10
-0.06985
 20
0.2286
 42
1.0
  0
LWPOLYLINE
  5
7FA
330
7F4
100
AcDbEntity
  8
TopOverlay
100
AcDbPolyline
 90
        2
 70
     0
 43
0.0254
 10
-0.1651
 20
-0.2286
 10
-0.0762
 20
-0.2286
  0
LWPOLYLINE
  5
7FB
330
7F4
100
AcDbEntity
  8
TopOverlay
100
AcDbPolyline
 90
        2
 70
     1
 43
0.0127
 10
-0.17145
 20
-0.2286
 42
1.0
 10
-0.15875
 20
-0.2286
 42
1.0
  0
LWPOLYLINE
  5
7FC
330
7F4
100
AcDbEntity
  8
TopOverlay
100
AcDbPolyline
 90
        2
 70
     1
 43
0.0127
 10
-0.08255
 20
-0.2286
 42
1.0
 10
-0.06985
 20
-0.2286
 42
1.0
  0
LWPOLYLINE
  5
7FD
330
7F4
100
AcDbEntity
  8
TopOverlay
100
AcDbPolyline
 90
        2
 70
     0
 43
0.0254
 10
-0.0762
 20
0.2286
 10
-0.0762
 20
-0.2286
  0
LWPOLYLINE
  5
7FE
330
7F4
100
AcDbEntity
  8
TopOverlay
100
AcDbPolyline
 90
        2
 70
     1
 43
0.0127
 10
-0.08255
 20
0.2286
 42
1.0
 10
-0.06985
 20
0.2286
 42
1.0
  0
LWPOLYLINE
  5
7FF
330
7F4
100
AcDbEntity
  8
TopOverlay
100
AcDbPolyline
 90
        2
 70
     1
 43
0.0127
 10
-0.08255
 20
-0.2286
 42
1.0
 10
-0.06985
 20
-0.2286
 42
1.0
  0
LWPOLYLINE
  5
800
330
7F4
100
AcDbEntity
  8
TopOverlay
100
AcDbPolyline
 90
        2
 70
     0
 43
0.0254
 10
-0.1651
 20
0.2286
 10
-0.1651
 20
-0.2286
  0
LWPOLYLINE
  5
801
330
7F4
100
AcDbEntity
  8
TopOverlay
100
AcDbPolyline
 90
        2
 70
     1
 43
0.0127
 10
-0.17145
 20
0.2286
 42
1.0
 10
-0.15875
 20
0.2286
 42
1.0
  0
LWPOLYLINE
  5
802
330
7F4
100
AcDbEntity
  8
TopOverlay
100
AcDbPolyline
 90
        2
 70
     1
 43
0.0127
 10
-0.17145
 20
-0.2286
 42
1.0
 10
-0.15875
 20
-0.2286
 42
1.0
  0
LWPOLYLINE
  5
803
330
7F4
100
AcDbEntity
  8
TopOverlay
100
AcDbPolyline
 90
        2
 70
     0
 43
0.0254
 10
0.1651
 20
0.2286
 10
0.1651
 20
-0.2286
  0
LWPOLYLINE
  5
804
330
7F4
100
AcDbEntity
  8
TopOverlay
100
AcDbPolyline
 90
        2
 70
     1
 43
0.0127
 10
0.15875
 20
0.2286
 42
1.0
 10
0.17145
 20
0.2286
 42
1.0
  0
LWPOLYLINE
  5
805
330
7F4
100
AcDbEntity
  8
TopOverlay
100
AcDbPolyline
 90
        2
 70
     1
 43
0.0127
 10
0.15875
 20
-0.2286
 42
1.0
 10
0.17145
 20
-0.2286
 42
1.0
  0
LWPOLYLINE
  5
806
330
7F4
100
AcDbEntity
  8
TopOverlay
100
AcDbPolyline
 90
        2
 70
     0
 43
0.0254
 10
0.0762
 20
0.2286
 10
0.0762
 20
-0.2286
  0
LWPOLYLINE
  5
807
330
7F4
100
AcDbEntity
  8
TopOverlay
100
AcDbPolyline
 90
        2
 70
     1
 43
0.0127
 10
0.06985
 20
0.2286
 42
1.0
 10
0.08255
 20
0.2286
 42
1.0
  0
LWPOLYLINE
  5
808
330
7F4
100
AcDbEntity
  8
TopOverlay
100
AcDbPolyline
 90
        2
 70
     1
 43
0.0127
 10
0.06985
 20
-0.2286
 42
1.0
 10
0.08255
 20
-0.2286
 42
1.0
  0
LWPOLYLINE
  5
809
330
7F4
100
AcDbEntity
  8
TopOverlay
100
AcDbPolyline
 90
        2
 70
     0
 43
0.0254
 10
0.0762
 20
0.2286
 10
0.1651
 20
0.2286
  0
LWPOLYLINE
  5
80A
330
7F4
100
AcDbEntity
  8
TopOverlay
100
AcDbPolyline
 90
        2
 70
     1
 43
0.0127
 10
0.06985
 20
0.2286
 42
1.0
 10
0.08255
 20
0.2286
 42
1.0
  0
LWPOLYLINE
  5
80B
330
7F4
100
AcDbEntity
  8
TopOverlay
100
AcDbPolyline
 90
        2
 70
     1
 43
0.0127
 10
0.15875
 20
0.2286
 42
1.0
 10
0.17145
 20
0.2286
 42
1.0
  0
LWPOLYLINE
  5
80C
330
7F4
100
AcDbEntity
  8
TopOverlay
100
AcDbPolyline
 90
        2
 70
     0
 43
0.0254
 10
0.0762
 20
-0.2286
 10
0.1651
 20
-0.2286
  0
LWPOLYLINE
  5
80D
330
7F4
100
AcDbEntity
  8
TopOverlay
100
AcDbPolyline
 90
        2
 70
     1
 43
0.0127
 10
0.06985
 20
-0.2286
 42
1.0
 10
0.08255
 20
-0.2286
 42
1.0
  0
LWPOLYLINE
  5
80E
330
7F4
100
AcDbEntity
  8
TopOverlay
100
AcDbPolyline
 90
        2
 70
     1
 43
0.0127
 10
0.15875
 20
-0.2286
 42
1.0
 10
0.17145
 20
-0.2286
 42
1.0
  0
REGION
  5
817
102
{ACAD_REACTORS
330
818
102
}
330
7F4
100
AcDbEntity
  8
TopPaste
 62
     8
100
AcDbModelerGeometry
 70
     1
  1
mnmoo kh m mi          
  1
ni ^ *+0;:,4 ^ *+0\^ [ mo ^ LR mmjqnqoqijjlj QK o  
  1
n fqfffffffffffffffjkh:roh nqooooooooooooooooli:rno 
  1
>,27:>;:- {rn rn _nl mmjqnqoqijjlj |
  1
=0;& {rn rn {rn {m {rn {rn |
  1
3*2/ {rn rn {rn {rn {l {n |
  1
,7:33 {rn rn {rn {rn {rn {k {rn {m |
  1
9><: {rn rn {rn {rn {j {l {rn {i 90-(>-; ;0*=3: 0*+ |
  1
300/ {rn rn {rn {rn {h {k |
  1
/3>1:r,*-9><: {rn rn {rn oqjogoooooooooooooohn o o o o n n o o 90-(>-;@) V V V V |
  1
<0:;8: {rn rn {rn {g {f {rn {no 90-(>-; {j {rn |
  1
<0:;8: {rn rn {rn {nn {h {rn {nm 90-(>-; {j {rn |
  1
<0:;8: {rn rn {rn {h {nl {rn {nk 90-(>-; {j {rn |
  1
:;8: {rn rn {rn {nj o {ni nqjhohfilmihfkgfijjg {h {nh 90-(>-; _h *1410(1 |
  1
<0:;8: {rn rn {rn {ng {g {rn {nf 90-(>-; {j {rn |
  1
:;8: {rn rn {rn {ni o {mo oqmjkooooooooooooojfn {g {mn 90-(>-; _h *1410(1 |
  1
<0:;8: {rn rn {rn {f {mm {rn {ml 90-(>-; {j {rn |
  1
:;8: {rn rn {rn {mk o {nj oqmjkooooooooooooooli {f {mj 90-(>-; _h *1410(1 |
  1
):-+:' {rn rn {rn {nk m {mi |
  1
):-+:' {rn rn {rn {nm m {mh |
  1
:336/,:r<*-): {rn rn {rn oqiljoooooooooooooogf oqnmhoooooooooooooong o o o n oqnmhoooooooooooooong o o n V V |
  1
<0:;8: {rn rn {rn {mg {nn {rn {mf 90-(>-; {j {rn |
  1
:;8: {rn rn {rn {mo o {lo nqjhohfilmihfkgfilli {nn {ln 90-(>-; _h *1410(1 |
  1
):-+:' {rn rn {rn {nf m {lm |
  1
,+->687+r<*-): {rn rn {rn oqiljoooooooooooooogf oqmjkooooooooooooooli o rn o o V V |
  1
<0:;8: {rn rn {rn {nl {mg {rn {ll 90-(>-; {j {rn |
  1
:;8: {rn rn {rn {lk o {mk nqjhohfilmihfkgfijjg {nl {lj 90-(>-; _h *1410(1 |
  1
):-+:' {rn rn {rn {nk m {li |
  1
,+->687+r<*-): {rn rn {rn oqhimooooooooooooonoh roqnmhoooooooooooooong o o n o V V |
  1
/061+ {rn rn {rn oqhimooooooooooooonoh oqnmhoooooooooooooong o |
  1
/061+ {rn rn {rn oqiljoooooooooooooogf oqmjkooooooooooooooli o |
  1
<0:;8: {rn rn {rn {mm {ng {rn {lh 90-(>-; {j {rn |
  1
:;8: {rn rn {rn {lo o {lg oqmjkooooooooooooooli {ng {lf 90-(>-; _h *1410(1 |
  1
):-+:' {rn rn {rn {mf m {ko |
  1
:336/,:r<*-): {rn rn {rn oqlgofffffffffffffkfg oqnmhoooooooooooooong o o o n o oqnmhoooooooooooooong o n V V |
  1
/061+ {rn rn {rn oqlgofffffffffffffkfg oqmjkooooooooooooooli o |
  1
:;8: {rn rn {rn {kn o {lk oqmjkooooooooooooojfn {mm {km 90-(>-; _h *1410(1 |
  1
):-+:' {rn rn {rn {ml m {kl |
  1
:336/,:r<*-): {rn rn {rn oqiljoooooooooooooogf roqnmhoooooooooooooong o o o n o roqnmhoooooooooooooong o n V V |
  1
/061+ {rn rn {rn oqhimooooooooooooonoh roqnmhoooooooooooooong o |
  1
:;8: {rn rn {rn {lg o {kn nqjhohfilmihfkgfihg {mg {kk 90-(>-; _h *1410(1 |
  1
):-+:' {rn rn {rn {lh m {kj |
  1
,+->687+r<*-): {rn rn {rn oqmjlfffffffffffffkg oqnmhooooooooooooomfj o o rn o V V |
  1
/061+ {rn rn {rn oqmjlfffffffffffffkg oqnmhooooooooooooomfj o |
  1
):-+:' {rn rn {rn {ll m {ki |
  1
,+->687+r<*-): {rn rn {rn oqlgofffffffffffffkfg roqmjkooooooooooooooli o n o o V V |
  1
/061+ {rn rn {rn oqiljoooooooooooooogf roqmjkooooooooooooooli o |
  1
:336/,:r<*-): {rn rn {rn oqlgofffffffffffffkfg roqnmhoooooooooooooong o o o n roqnmhoooooooooooooong mqhhjjjhjinjimgfnljn:rnh o n V V |
  1
/061+ {rn rn {rn oqmjlfffffffffffffkg roqnmifffffffffffffhk o |
  1
/061+ {rn rn {rn oqlgofffffffffffffkfg roqmjkooooooooooooooli o |
  0
HATCH
  5
818
330
7F4
100
AcDbEntity
  8
TopPaste
 62
     8
100
AcDbHatch
 10
0.0
 20
0.0
 30
0.0
210
0.0
220
0.0
230
1.0
  2
SOLID
 70
     1
 71
     1
 91
        1
 92
        1
 93
        8
 72
     2
 10
0.635
 20
0.127
 40
0.127
 50
0.0
 51
90.0
 73
     1
 72
     1
 10
0.635
 20
0.254
 11
0.3809999999999999
 21
0.254
 72
     2
 10
0.3809999999999999
 20
0.127
 40
0.127
 50
90.0
 51
180.0
 73
     1
 72
     1
 10
0.2539999999999999
 20
0.127
 11
0.2539999999999999
 21
-0.127
 72
     2
 10
0.3809999999999999
 20
-0.127
 40
0.127
 50
180.0
 51
270.0
 73
     1
 72
     1
 10
0.3809999999999999
 20
-0.254
 11
0.635
 21
-0.254
 72
     2
 10
0.635
 20
-0.127
 40
0.127
 50
270.0
 51
360.0
 73
     1
 72
     1
 10
0.762
 20
-0.127
 11
0.762
 21
0.127
 97
        1
330
817
 75
     0
 76
     1
 98
        0
450
        0
451
        0
460
0.0
461
0.0
452
        0
462
0.0
453
        0
470

  0
REGION
  5
821
102
{ACAD_REACTORS
330
822
102
}
330
7F4
100
AcDbEntity
  8
TopPaste
 62
     8
100
AcDbModelerGeometry
 70
     1
  1
mnmoo kh m mi          
  1
ni ^ *+0;:,4 ^ *+0\^ [ mo ^ LR mmjqnqoqijjlj QK o  
  1
n fqfffffffffffffffjkh:roh nqooooooooooooooooli:rno 
  1
>,27:>;:- {rn rn _nl mmjqnqoqijjlj |
  1
=0;& {rn rn {rn {m {rn {rn |
  1
3*2/ {rn rn {rn {rn {l {n |
  1
,7:33 {rn rn {rn {rn {rn {k {rn {m |
  1
9><: {rn rn {rn {rn {j {l {rn {i 90-(>-; ;0*=3: 0*+ |
  1
300/ {rn rn {rn {rn {h {k |
  1
/3>1:r,*-9><: {rn rn {rn roqjogoooooooooooooohn o o o o n n o o 90-(>-;@) V V V V |
  1
<0:;8: {rn rn {rn {g {f {rn {no 90-(>-; {j {rn |
  1
<0:;8: {rn rn {rn {nn {h {rn {nm 90-(>-; {j {rn |
  1
<0:;8: {rn rn {rn {h {nl {rn {nk 90-(>-; {j {rn |
  1
:;8: {rn rn {rn {nj o {ni nqjhohfilmihfkgfijjg {h {nh 90-(>-; _h *1410(1 |
  1
<0:;8: {rn rn {rn {ng {g {rn {nf 90-(>-; {j {rn |
  1
:;8: {rn rn {rn {ni o {mo oqmjkooooooooooooojfn {g {mn 90-(>-; _h *1410(1 |
  1
<0:;8: {rn rn {rn {f {mm {rn {ml 90-(>-; {j {rn |
  1
:;8: {rn rn {rn {mk o {nj oqmjkooooooooooooooli {f {mj 90-(>-; _h *1410(1 |
  1
):-+:' {rn rn {rn {nk m {mi |
  1
):-+:' {rn rn {rn {nm m {mh |
  1
:336/,:r<*-): {rn rn {rn roqlgofffffffffffffkfg oqnmhoooooooooooooong o o o n oqnmhoooooooooooooong o o n V V |
  1
<0:;8: {rn rn {rn {mg {nn {rn {mf 90-(>-; {j {rn |
  1
:;8: {rn rn {rn {mo o {lo nqjhohfilmihfkgfilli {nn {ln 90-(>-; _h *1410(1 |
  1
):-+:' {rn rn {rn {nf m {lm |
  1
,+->687+r<*-): {rn rn {rn roqlgofffffffffffffkfg oqmjkooooooooooooooli o rn o o V V |
  1
<0:;8: {rn rn {rn {nl {mg {rn {ll 90-(>-; {j {rn |
  1
:;8: {rn rn {rn {lk o {mk nqjhohfilmihfkgfijjg {nl {lj 90-(>-; _h *1410(1 |
  1
):-+:' {rn rn {rn {nk m {li |
  1
,+->687+r<*-): {rn rn {rn roqmjlfffffffffffffkg roqnmhoooooooooooooong o o n o V V |
  1
/061+ {rn rn {rn roqmjlfffffffffffffkg oqnmhoooooooooooooong o |
  1
/061+ {rn rn {rn roqlgofffffffffffffkfg oqmjkooooooooooooooli o |
  1
<0:;8: {rn rn {rn {mm {ng {rn {lh 90-(>-; {j {rn |
  1
:;8: {rn rn {rn {lo o {lg oqmjkooooooooooooooli {ng {lf 90-(>-; _h *1410(1 |
  1
):-+:' {rn rn {rn {mf m {ko |
  1
:336/,:r<*-): {rn rn {rn roqiljoooooooooooooogf oqnmhoooooooooooooong o o o n o oqnmhoooooooooooooong o n V V |
  1
/061+ {rn rn {rn roqiljoooooooooooooogf oqmjkooooooooooooooli o |
  1
:;8: {rn rn {rn {kn o {lk oqmjkooooooooooooojfn {mm {km 90-(>-; _h *1410(1 |
  1
):-+:' {rn rn {rn {ml m {kl |
  1
:336/,:r<*-): {rn rn {rn roqlgofffffffffffffkfg roqnmhoooooooooooooong o o o n o roqnmhoooooooooooooong o n V V |
  1
/061+ {rn rn {rn roqmjlfffffffffffffkg roqnmhoooooooooooooong o |
  1
:;8: {rn rn {rn {lg o {kn nqjhohfilmihfkgfihg {mg {kk 90-(>-; _h *1410(1 |
  1
):-+:' {rn rn {rn {lh m {kj |
  1
,+->687+r<*-): {rn rn {rn roqhimooooooooooooonoh oqnmhooooooooooooomfj o o rn o V V |
  1
/061+ {rn rn {rn roqhimooooooooooooonoh oqnmhooooooooooooomfj o |
  1
):-+:' {rn rn {rn {ll m {ki |
  1
,+->687+r<*-): {rn rn {rn roqiljoooooooooooooogf roqmjkooooooooooooooli o n o o V V |
  1
/061+ {rn rn {rn roqlgofffffffffffffkfg roqmjkooooooooooooooli o |
  1
:336/,:r<*-): {rn rn {rn roqiljoooooooooooooogf roqnmhoooooooooooooong o o o n roqnmhoooooooooooooong mqhhjjjhjinjimgfnljn:rnh o n V V |
  1
/061+ {rn rn {rn roqhimooooooooooooonoh roqnmifffffffffffffhk o |
  1
/061+ {rn rn {rn roqiljoooooooooooooogf roqmjkooooooooooooooli o |
  0
HATCH
  5
822
330
7F4
100
AcDbEntity
  8
TopPaste
 62
     8
100
AcDbHatch
 10
0.0
 20
0.0
 30
0.0
210
0.0
220
0.0
230
1.0
  2
SOLID
 70
     1
 71
     1
 91
        1
 92
        1
 93
        8
 72
     2
 10
-0.3809999999999999
 20
0.127
 40
0.127
 50
0.0
 51
90.0
 73
     1
 72
     1
 10
-0.3809999999999999
 20
0.254
 11
-0.635
 21
0.254
 72
     2
 10
-0.635
 20
0.127
 40
0.127
 50
90.0
 51
180.0
 73
     1
 72
     1
 10
-0.762
 20
0.127
 11
-0.762
 21
-0.127
 72
     2
 10
-0.635
 20
-0.127
 40
0.127
 50
180.0
 51
270.0
 73
     1
 72
     1
 10
-0.635
 20
-0.254
 11
-0.3809999999999999
 21
-0.254
 72
     2
 10
-0.3809999999999999
 20
-0.127
 40
0.127
 50
270.0
 51
360.0
 73
     1
 72
     1
 10
-0.2539999999999999
 20
-0.127
 11
-0.2539999999999999
 21
0.127
 97
        1
330
821
 75
     0
 76
     1
 98
        0
450
        0
451
        0
460
0.0
461
0.0
452
        0
462
0.0
453
        0
470

  0
LINE
  5
823
330
7F4
100
AcDbEntity
  8
TopOverlay
100
AcDbLine
 10
-0.1651
 20
-0.2286
 30
0.0
 11
-0.1651
 21
0.2286
 31
0.0
  0
LINE
  5
824
330
7F4
100
AcDbEntity
  8
TopOverlay
100
AcDbLine
 10
-0.1651
 20
0.2286
 30
0.0
 11
-0.0762
 21
0.2286
 31
0.0
  0
LINE
  5
825
330
7F4
100
AcDbEntity
  8
TopOverlay
100
AcDbLine
 10
-0.0762
 20
0.2286
 30
0.0
 11
-0.0762
 21
-0.2286
 31
0.0
  0
LINE
  5
826
330
7F4
100
AcDbEntity
  8
TopOverlay
100
AcDbLine
 10
-0.0762
 20
-0.2286
 30
0.0
 11
-0.1651
 21
-0.2286
 31
0.0
  0
LINE
  5
827
330
7F4
100
AcDbEntity
  8
TopOverlay
100
AcDbLine
 10
0.1651
 20
0.2286
 30
0.0
 11
0.1651
 21
-0.2286
 31
0.0
  0
LINE
  5
828
330
7F4
100
AcDbEntity
  8
TopOverlay
100
AcDbLine
 10
0.1651
 20
-0.2286
 30
0.0
 11
0.0762
 21
-0.2286
 31
0.0
  0
LINE
  5
829
330
7F4
100
AcDbEntity
  8
TopOverlay
100
AcDbLine
 10
0.0762
 20
-0.2286
 30
0.0
 11
0.0762
 21
0.2286
 31
0.0
  0
LINE
  5
82A
330
7F4
100
AcDbEntity
  8
TopOverlay
100
AcDbLine
 10
0.0762
 20
0.2286
 30
0.0
 11
0.1651
 21
0.2286
 31
0.0
  0
ENDBLK
  5
7F6
330
7F4
100
AcDbEntity
  8
0
100
AcDbBlockEnd
  0
BLOCK
  5
82D
330
82C
100
AcDbEntity
  8
0
100
AcDbBlockBegin
  2
CAP_0402_40
 70
     0
 10
0.0
 20
0.0
 30
0.0
  3
CAP_0402_40
  1

  0
LWPOLYLINE
  5
82F
330
82C
100
AcDbEntity
  8
TopOverlay
100
AcDbPolyline
 90
        2
 70
     0
 43
0.0254
 10
-0.1651
 20
0.2286
 10
-0.0762
 20
0.2286
  0
LWPOLYLINE
  5
830
330
82C
100
AcDbEntity
  8
TopOverlay
100
AcDbPolyline
 90
        2
 70
     1
 43
0.0127
 10
-0.17145
 20
0.2286
 42
1.0
 10
-0.15875
 20
0.2286
 42
1.0
  0
LWPOLYLINE
  5
831
330
82C
100
AcDbEntity
  8
TopOverlay
100
AcDbPolyline
 90
        2
 70
     1
 43
0.0127
 10
-0.08255
 20
0.2286
 42
1.0
 10
-0.06985
 20
0.2286
 42
1.0
  0
LWPOLYLINE
  5
832
330
82C
100
AcDbEntity
  8
TopOverlay
100
AcDbPolyline
 90
        2
 70
     0
 43
0.0254
 10
-0.1651
 20
-0.2286
 10
-0.0762
 20
-0.2286
  0
LWPOLYLINE
  5
833
330
82C
100
AcDbEntity
  8
TopOverlay
100
AcDbPolyline
 90
        2
 70
     1
 43
0.0127
 10
-0.17145
 20
-0.2286
 42
1.0
 10
-0.15875
 20
-0.2286
 42
1.0
  0
LWPOLYLINE
  5
834
330
82C
100
AcDbEntity
  8
TopOverlay
100
AcDbPolyline
 90
        2
 70
     1
 43
0.0127
 10
-0.08255
 20
-0.2286
 42
1.0
 10
-0.06985
 20
-0.2286
 42
1.0
  0
LWPOLYLINE
  5
835
330
82C
100
AcDbEntity
  8
TopOverlay
100
AcDbPolyline
 90
        2
 70
     0
 43
0.0254
 10
-0.0762
 20
-0.2286
 10
-0.0762
 20
0.2286
  0
LWPOLYLINE
  5
836
330
82C
100
AcDbEntity
  8
TopOverlay
100
AcDbPolyline
 90
        2
 70
     1
 43
0.0127
 10
-0.08255
 20
-0.2286
 42
1.0
 10
-0.06985
 20
-0.2286
 42
1.0
  0
LWPOLYLINE
  5
837
330
82C
100
AcDbEntity
  8
TopOverlay
100
AcDbPolyline
 90
        2
 70
     1
 43
0.0127
 10
-0.08255
 20
0.2286
 42
1.0
 10
-0.06985
 20
0.2286
 42
1.0
  0
LWPOLYLINE
  5
838
330
82C
100
AcDbEntity
  8
TopOverlay
100
AcDbPolyline
 90
        2
 70
     0
 43
0.0254
 10
-0.1651
 20
-0.2286
 10
-0.1651
 20
0.2286
  0
LWPOLYLINE
  5
839
330
82C
100
AcDbEntity
  8
TopOverlay
100
AcDbPolyline
 90
        2
 70
     1
 43
0.0127
 10
-0.17145
 20
-0.2286
 42
1.0
 10
-0.15875
 20
-0.2286
 42
1.0
  0
LWPOLYLINE
  5
83A
330
82C
100
AcDbEntity
  8
TopOverlay
100
AcDbPolyline
 90
        2
 70
     1
 43
0.0127
 10
-0.17145
 20
0.2286
 42
1.0
 10
-0.15875
 20
0.2286
 42
1.0
  0
LWPOLYLINE
  5
83B
330
82C
100
AcDbEntity
  8
TopOverlay
100
AcDbPolyline
 90
        2
 70
     0
 43
0.0254
 10
0.1651
 20
-0.2286
 10
0.1651
 20
0.2286
  0
LWPOLYLINE
  5
83C
330
82C
100
AcDbEntity
  8
TopOverlay
100
AcDbPolyline
 90
        2
 70
     1
 43
0.0127
 10
0.15875
 20
-0.2286
 42
1.0
 10
0.17145
 20
-0.2286
 42
1.0
  0
LWPOLYLINE
  5
83D
330
82C
100
AcDbEntity
  8
TopOverlay
100
AcDbPolyline
 90
        2
 70
     1
 43
0.0127
 10
0.15875
 20
0.2286
 42
1.0
 10
0.17145
 20
0.2286
 42
1.0
  0
LWPOLYLINE
  5
83E
330
82C
100
AcDbEntity
  8
TopOverlay
100
AcDbPolyline
 90
        2
 70
     0
 43
0.0254
 10
0.0762
 20
-0.2286
 10
0.0762
 20
0.2286
  0
LWPOLYLINE
  5
83F
330
82C
100
AcDbEntity
  8
TopOverlay
100
AcDbPolyline
 90
        2
 70
     1
 43
0.0127
 10
0.06985
 20
-0.2286
 42
1.0
 10
0.08255
 20
-0.2286
 42
1.0
  0
LWPOLYLINE
  5
840
330
82C
100
AcDbEntity
  8
TopOverlay
100
AcDbPolyline
 90
        2
 70
     1
 43
0.0127
 10
0.06985
 20
0.2286
 42
1.0
 10
0.08255
 20
0.2286
 42
1.0
  0
LWPOLYLINE
  5
841
330
82C
100
AcDbEntity
  8
TopOverlay
100
AcDbPolyline
 90
        2
 70
     0
 43
0.0254
 10
0.0762
 20
0.2286
 10
0.1651
 20
0.2286
  0
LWPOLYLINE
  5
842
330
82C
100
AcDbEntity
  8
TopOverlay
100
AcDbPolyline
 90
        2
 70
     1
 43
0.0127
 10
0.06985
 20
0.2286
 42
1.0
 10
0.08255
 20
0.2286
 42
1.0
  0
LWPOLYLINE
  5
843
330
82C
100
AcDbEntity
  8
TopOverlay
100
AcDbPolyline
 90
        2
 70
     1
 43
0.0127
 10
0.15875
 20
0.2286
 42
1.0
 10
0.17145
 20
0.2286
 42
1.0
  0
LWPOLYLINE
  5
844
330
82C
100
AcDbEntity
  8
TopOverlay
100
AcDbPolyline
 90
        2
 70
     0
 43
0.0254
 10
0.0762
 20
-0.2286
 10
0.1651
 20
-0.2286
  0
LWPOLYLINE
  5
845
330
82C
100
AcDbEntity
  8
TopOverlay
100
AcDbPolyline
 90
        2
 70
     1
 43
0.0127
 10
0.06985
 20
-0.2286
 42
1.0
 10
0.08255
 20
-0.2286
 42
1.0
  0
LWPOLYLINE
  5
846
330
82C
100
AcDbEntity
  8
TopOverlay
100
AcDbPolyline
 90
        2
 70
     1
 43
0.0127
 10
0.15875
 20
-0.2286
 42
1.0
 10
0.17145
 20
-0.2286
 42
1.0
  0
LINE
  5
847
330
82C
100
AcDbEntity
  8
TopOverlay
100
AcDbLine
 10
-0.1651
 20
-0.2286
 30
0.0
 11
-0.1651
 21
0.2286
 31
0.0
  0
LINE
  5
848
330
82C
100
AcDbEntity
  8
TopOverlay
100
AcDbLine
 10
-0.1651
 20
0.2286
 30
0.0
 11
-0.0762
 21
0.2286
 31
0.0
  0
LINE
  5
849
330
82C
100
AcDbEntity
  8
TopOverlay
100
AcDbLine
 10
-0.0762
 20
0.2286
 30
0.0
 11
-0.0762
 21
-0.2286
 31
0.0
  0
LINE
  5
84A
330
82C
100
AcDbEntity
  8
TopOverlay
100
AcDbLine
 10
-0.0762
 20
-0.2286
 30
0.0
 11
-0.1651
 21
-0.2286
 31
0.0
  0
LINE
  5
84B
330
82C
100
AcDbEntity
  8
TopOverlay
100
AcDbLine
 10
0.1651
 20
0.2286
 30
0.0
 11
0.1651
 21
-0.2286
 31
0.0
  0
LINE
  5
84C
330
82C
100
AcDbEntity
  8
TopOverlay
100
AcDbLine
 10
0.1651
 20
-0.2286
 30
0.0
 11
0.0762
 21
-0.2286
 31
0.0
  0
LINE
  5
84D
330
82C
100
AcDbEntity
  8
TopOverlay
100
AcDbLine
 10
0.0762
 20
-0.2286
 30
0.0
 11
0.0762
 21
0.2286
 31
0.0
  0
LINE
  5
84E
330
82C
100
AcDbEntity
  8
TopOverlay
100
AcDbLine
 10
0.0762
 20
0.2286
 30
0.0
 11
0.1651
 21
0.2286
 31
0.0
  0
ENDBLK
  5
82E
330
82C
100
AcDbEntity
  8
0
100
AcDbBlockEnd
  0
BLOCK
  5
851
330
850
100
AcDbEntity
  8
0
100
AcDbBlockBegin
  2
CAP_0402_B_41
 70
     0
 10
0.0
 20
0.0
 30
0.0
  3
CAP_0402_B_41
  1

  0
ENDBLK
  5
852
330
850
100
AcDbEntity
  8
0
100
AcDbBlockEnd
  0
BLOCK
  5
855
330
854
100
AcDbEntity
  8
0
100
AcDbBlockBegin
  2
CAP_0402_42
 70
     0
 10
0.0
 20
0.0
 30
0.0
  3
CAP_0402_42
  1

  0
LWPOLYLINE
  5
857
330
854
100
AcDbEntity
  8
TopOverlay
100
AcDbPolyline
 90
        2
 70
     0
 43
0.0254
 10
-0.0762
 20
0.2286
 10
-0.1651
 20
0.2286
  0
LWPOLYLINE
  5
858
330
854
100
AcDbEntity
  8
TopOverlay
100
AcDbPolyline
 90
        2
 70
     1
 43
0.0127
 10
-0.08255
 20
0.2286
 42
1.0
 10
-0.06985
 20
0.2286
 42
1.0
  0
LWPOLYLINE
  5
859
330
854
100
AcDbEntity
  8
TopOverlay
100
AcDbPolyline
 90
        2
 70
     1
 43
0.0127
 10
-0.17145
 20
0.2286
 42
1.0
 10
-0.15875
 20
0.2286
 42
1.0
  0
LWPOLYLINE
  5
85A
330
854
100
AcDbEntity
  8
TopOverlay
100
AcDbPolyline
 90
        2
 70
     0
 43
0.0254
 10
-0.0762
 20
-0.2286
 10
-0.1651
 20
-0.2286
  0
LWPOLYLINE
  5
85B
330
854
100
AcDbEntity
  8
TopOverlay
100
AcDbPolyline
 90
        2
 70
     1
 43
0.0127
 10
-0.08255
 20
-0.2286
 42
1.0
 10
-0.06985
 20
-0.2286
 42
1.0
  0
LWPOLYLINE
  5
85C
330
854
100
AcDbEntity
  8
TopOverlay
100
AcDbPolyline
 90
        2
 70
     1
 43
0.0127
 10
-0.17145
 20
-0.2286
 42
1.0
 10
-0.15875
 20
-0.2286
 42
1.0
  0
LWPOLYLINE
  5
85D
330
854
100
AcDbEntity
  8
TopOverlay
100
AcDbPolyline
 90
        2
 70
     0
 43
0.0254
 10
-0.0762
 20
-0.2286
 10
-0.0762
 20
0.2286
  0
LWPOLYLINE
  5
85E
330
854
100
AcDbEntity
  8
TopOverlay
100
AcDbPolyline
 90
        2
 70
     1
 43
0.0127
 10
-0.08255
 20
-0.2286
 42
1.0
 10
-0.06985
 20
-0.2286
 42
1.0
  0
LWPOLYLINE
  5
85F
330
854
100
AcDbEntity
  8
TopOverlay
100
AcDbPolyline
 90
        2
 70
     1
 43
0.0127
 10
-0.08255
 20
0.2286
 42
1.0
 10
-0.06985
 20
0.2286
 42
1.0
  0
LWPOLYLINE
  5
860
330
854
100
AcDbEntity
  8
TopOverlay
100
AcDbPolyline
 90
        2
 70
     0
 43
0.0254
 10
-0.1651
 20
-0.2286
 10
-0.1651
 20
0.2286
  0
LWPOLYLINE
  5
861
330
854
100
AcDbEntity
  8
TopOverlay
100
AcDbPolyline
 90
        2
 70
     1
 43
0.0127
 10
-0.17145
 20
-0.2286
 42
1.0
 10
-0.15875
 20
-0.2286
 42
1.0
  0
LWPOLYLINE
  5
862
330
854
100
AcDbEntity
  8
TopOverlay
100
AcDbPolyline
 90
        2
 70
     1
 43
0.0127
 10
-0.17145
 20
0.2286
 42
1.0
 10
-0.15875
 20
0.2286
 42
1.0
  0
LWPOLYLINE
  5
863
330
854
100
AcDbEntity
  8
TopOverlay
100
AcDbPolyline
 90
        2
 70
     0
 43
0.0254
 10
0.1651
 20
-0.2286
 10
0.1651
 20
0.2286
  0
LWPOLYLINE
  5
864
330
854
100
AcDbEntity
  8
TopOverlay
100
AcDbPolyline
 90
        2
 70
     1
 43
0.0127
 10
0.15875
 20
-0.2286
 42
1.0
 10
0.17145
 20
-0.2286
 42
1.0
  0
LWPOLYLINE
  5
865
330
854
100
AcDbEntity
  8
TopOverlay
100
AcDbPolyline
 90
        2
 70
     1
 43
0.0127
 10
0.15875
 20
0.2286
 42
1.0
 10
0.17145
 20
0.2286
 42
1.0
  0
LWPOLYLINE
  5
866
330
854
100
AcDbEntity
  8
TopOverlay
100
AcDbPolyline
 90
        2
 70
     0
 43
0.0254
 10
0.0762
 20
-0.2286
 10
0.0762
 20
0.2286
  0
LWPOLYLINE
  5
867
330
854
100
AcDbEntity
  8
TopOverlay
100
AcDbPolyline
 90
        2
 70
     1
 43
0.0127
 10
0.06985
 20
-0.2286
 42
1.0
 10
0.08255
 20
-0.2286
 42
1.0
  0
LWPOLYLINE
  5
868
330
854
100
AcDbEntity
  8
TopOverlay
100
AcDbPolyline
 90
        2
 70
     1
 43
0.0127
 10
0.06985
 20
0.2286
 42
1.0
 10
0.08255
 20
0.2286
 42
1.0
  0
LWPOLYLINE
  5
869
330
854
100
AcDbEntity
  8
TopOverlay
100
AcDbPolyline
 90
        2
 70
     0
 43
0.0254
 10
0.1651
 20
0.2286
 10
0.0762
 20
0.2286
  0
LWPOLYLINE
  5
86A
330
854
100
AcDbEntity
  8
TopOverlay
100
AcDbPolyline
 90
        2
 70
     1
 43
0.0127
 10
0.15875
 20
0.2286
 42
1.0
 10
0.17145
 20
0.2286
 42
1.0
  0
LWPOLYLINE
  5
86B
330
854
100
AcDbEntity
  8
TopOverlay
100
AcDbPolyline
 90
        2
 70
     1
 43
0.0127
 10
0.06985
 20
0.2286
 42
1.0
 10
0.08255
 20
0.2286
 42
1.0
  0
LWPOLYLINE
  5
86C
330
854
100
AcDbEntity
  8
TopOverlay
100
AcDbPolyline
 90
        2
 70
     0
 43
0.0254
 10
0.1651
 20
-0.2286
 10
0.0762
 20
-0.2286
  0
LWPOLYLINE
  5
86D
330
854
100
AcDbEntity
  8
TopOverlay
100
AcDbPolyline
 90
        2
 70
     1
 43
0.0127
 10
0.15875
 20
-0.2286
 42
1.0
 10
0.17145
 20
-0.2286
 42
1.0
  0
LWPOLYLINE
  5
86E
330
854
100
AcDbEntity
  8
TopOverlay
100
AcDbPolyline
 90
        2
 70
     1
 43
0.0127
 10
0.06985
 20
-0.2286
 42
1.0
 10
0.08255
 20
-0.2286
 42
1.0
  0
REGION
  5
877
102
{ACAD_REACTORS
330
878
102
}
330
854
100
AcDbEntity
  8
TopPaste
 62
     8
100
AcDbModelerGeometry
 70
     1
  1
mnmoo kh m mi          
  1
ni ^ *+0;:,4 ^ *+0\^ [ mo ^ LR mmjqnqoqijjlj QK o  
  1
n fqfffffffffffffffjkh:roh nqooooooooooooooooli:rno 
  1
>,27:>;:- {rn rn _nl mmjqnqoqijjlj |
  1
=0;& {rn rn {rn {m {rn {rn |
  1
3*2/ {rn rn {rn {rn {l {n |
  1
,7:33 {rn rn {rn {rn {rn {k {rn {m |
  1
9><: {rn rn {rn {rn {j {l {rn {i 90-(>-; ;0*=3: 0*+ |
  1
300/ {rn rn {rn {rn {h {k |
  1
/3>1:r,*-9><: {rn rn {rn oqjogoooooooooooooohn o o o o n n o o 90-(>-;@) V V V V |
  1
<0:;8: {rn rn {rn {g {f {rn {no 90-(>-; {j {rn |
  1
<0:;8: {rn rn {rn {nn {h {rn {nm 90-(>-; {j {rn |
  1
<0:;8: {rn rn {rn {h {nl {rn {nk 90-(>-; {j {rn |
  1
:;8: {rn rn {rn {nj o {ni nqjhohfilmihfkgfijjg {h {nh 90-(>-; _h *1410(1 |
  1
<0:;8: {rn rn {rn {ng {g {rn {nf 90-(>-; {j {rn |
  1
:;8: {rn rn {rn {ni o {mo oqmjkooooooooooooojfn {g {mn 90-(>-; _h *1410(1 |
  1
<0:;8: {rn rn {rn {f {mm {rn {ml 90-(>-; {j {rn |
  1
:;8: {rn rn {rn {mk o {nj oqmjkooooooooooooooli {f {mj 90-(>-; _h *1410(1 |
  1
):-+:' {rn rn {rn {nk m {mi |
  1
):-+:' {rn rn {rn {nm m {mh |
  1
:336/,:r<*-): {rn rn {rn oqiljoooooooooooooogf oqnmhoooooooooooooong o o o n oqnmhoooooooooooooong o o n V V |
  1
<0:;8: {rn rn {rn {mg {nn {rn {mf 90-(>-; {j {rn |
  1
:;8: {rn rn {rn {mo o {lo nqjhohfilmihfkgfilli {nn {ln 90-(>-; _h *1410(1 |
  1
):-+:' {rn rn {rn {nf m {lm |
  1
,+->687+r<*-): {rn rn {rn oqiljoooooooooooooogf oqmjkooooooooooooooli o rn o o V V |
  1
<0:;8: {rn rn {rn {nl {mg {rn {ll 90-(>-; {j {rn |
  1
:;8: {rn rn {rn {lk o {mk nqjhohfilmihfkgfijjg {nl {lj 90-(>-; _h *1410(1 |
  1
):-+:' {rn rn {rn {nk m {li |
  1
,+->687+r<*-): {rn rn {rn oqhimooooooooooooonoh roqnmhoooooooooooooong o o n o V V |
  1
/061+ {rn rn {rn oqhimooooooooooooonoh oqnmhoooooooooooooong o |
  1
/061+ {rn rn {rn oqiljoooooooooooooogf oqmjkooooooooooooooli o |
  1
<0:;8: {rn rn {rn {mm {ng {rn {lh 90-(>-; {j {rn |
  1
:;8: {rn rn {rn {lo o {lg oqmjkooooooooooooooli {ng {lf 90-(>-; _h *1410(1 |
  1
):-+:' {rn rn {rn {mf m {ko |
  1
:336/,:r<*-): {rn rn {rn oqlgofffffffffffffkfg oqnmhoooooooooooooong o o o n o oqnmhoooooooooooooong o n V V |
  1
/061+ {rn rn {rn oqlgofffffffffffffkfg oqmjkooooooooooooooli o |
  1
:;8: {rn rn {rn {kn o {lk oqmjkooooooooooooojfn {mm {km 90-(>-; _h *1410(1 |
  1
):-+:' {rn rn {rn {ml m {kl |
  1
:336/,:r<*-): {rn rn {rn oqiljoooooooooooooogf roqnmhoooooooooooooong o o o n o roqnmhoooooooooooooong o n V V |
  1
/061+ {rn rn {rn oqhimooooooooooooonoh roqnmhoooooooooooooong o |
  1
:;8: {rn rn {rn {lg o {kn nqjhohfilmihfkgfihg {mg {kk 90-(>-; _h *1410(1 |
  1
):-+:' {rn rn {rn {lh m {kj |
  1
,+->687+r<*-): {rn rn {rn oqmjlfffffffffffffkg oqnmhooooooooooooomfj o o rn o V V |
  1
/061+ {rn rn {rn oqmjlfffffffffffffkg oqnmhooooooooooooomfj o |
  1
):-+:' {rn rn {rn {ll m {ki |
  1
,+->687+r<*-): {rn rn {rn oqlgofffffffffffffkfg roqmjkooooooooooooooli o n o o V V |
  1
/061+ {rn rn {rn oqiljoooooooooooooogf roqmjkooooooooooooooli o |
  1
:336/,:r<*-): {rn rn {rn oqlgofffffffffffffkfg roqnmhoooooooooooooong o o o n roqnmhoooooooooooooong mqhhjjjhjinjimgfnljn:rnh o n V V |
  1
/061+ {rn rn {rn oqmjlfffffffffffffkg roqnmifffffffffffffhk o |
  1
/061+ {rn rn {rn oqlgofffffffffffffkfg roqmjkooooooooooooooli o |
  0
HATCH
  5
878
330
854
100
AcDbEntity
  8
TopPaste
 62
     8
100
AcDbHatch
 10
0.0
 20
0.0
 30
0.0
210
0.0
220
0.0
230
1.0
  2
SOLID
 70
     1
 71
     1
 91
        1
 92
        1
 93
        8
 72
     2
 10
0.635
 20
0.127
 40
0.127
 50
0.0
 51
90.0
 73
     1
 72
     1
 10
0.635
 20
0.254
 11
0.3809999999999999
 21
0.254
 72
     2
 10
0.3809999999999999
 20
0.127
 40
0.127
 50
90.0
 51
180.0
 73
     1
 72
     1
 10
0.2539999999999999
 20
0.127
 11
0.2539999999999999
 21
-0.127
 72
     2
 10
0.3809999999999999
 20
-0.127
 40
0.127
 50
180.0
 51
270.0
 73
     1
 72
     1
 10
0.3809999999999999
 20
-0.254
 11
0.635
 21
-0.254
 72
     2
 10
0.635
 20
-0.127
 40
0.127
 50
270.0
 51
360.0
 73
     1
 72
     1
 10
0.762
 20
-0.127
 11
0.762
 21
0.127
 97
        1
330
877
 75
     0
 76
     1
 98
        0
450
        0
451
        0
460
0.0
461
0.0
452
        0
462
0.0
453
        0
470

  0
REGION
  5
881
102
{ACAD_REACTORS
330
882
102
}
330
854
100
AcDbEntity
  8
TopPaste
 62
     8
100
AcDbModelerGeometry
 70
     1
  1
mnmoo kh m mi          
  1
ni ^ *+0;:,4 ^ *+0\^ [ mo ^ LR mmjqnqoqijjlj QK o  
  1
n fqfffffffffffffffjkh:roh nqooooooooooooooooli:rno 
  1
>,27:>;:- {rn rn _nl mmjqnqoqijjlj |
  1
=0;& {rn rn {rn {m {rn {rn |
  1
3*2/ {rn rn {rn {rn {l {n |
  1
,7:33 {rn rn {rn {rn {rn {k {rn {m |
  1
9><: {rn rn {rn {rn {j {l {rn {i 90-(>-; ;0*=3: 0*+ |
  1
300/ {rn rn {rn {rn {h {k |
  1
/3>1:r,*-9><: {rn rn {rn roqjogoooooooooooooohn o o o o n n o o 90-(>-;@) V V V V |
  1
<0:;8: {rn rn {rn {g {f {rn {no 90-(>-; {j {rn |
  1
<0:;8: {rn rn {rn {nn {h {rn {nm 90-(>-; {j {rn |
  1
<0:;8: {rn rn {rn {h {nl {rn {nk 90-(>-; {j {rn |
  1
:;8: {rn rn {rn {nj o {ni nqjhohfilmihfkgfijjg {h {nh 90-(>-; _h *1410(1 |
  1
<0:;8: {rn rn {rn {ng {g {rn {nf 90-(>-; {j {rn |
  1
:;8: {rn rn {rn {ni o {mo oqmjkooooooooooooojfn {g {mn 90-(>-; _h *1410(1 |
  1
<0:;8: {rn rn {rn {f {mm {rn {ml 90-(>-; {j {rn |
  1
:;8: {rn rn {rn {mk o {nj oqmjkooooooooooooooli {f {mj 90-(>-; _h *1410(1 |
  1
):-+:' {rn rn {rn {nk m {mi |
  1
):-+:' {rn rn {rn {nm m {mh |
  1
:336/,:r<*-): {rn rn {rn roqlgofffffffffffffkfg oqnmhoooooooooooooong o o o n oqnmhoooooooooooooong o o n V V |
  1
<0:;8: {rn rn {rn {mg {nn {rn {mf 90-(>-; {j {rn |
  1
:;8: {rn rn {rn {mo o {lo nqjhohfilmihfkgfilli {nn {ln 90-(>-; _h *1410(1 |
  1
):-+:' {rn rn {rn {nf m {lm |
  1
,+->687+r<*-): {rn rn {rn roqlgofffffffffffffkfg oqmjkooooooooooooooli o rn o o V V |
  1
<0:;8: {rn rn {rn {nl {mg {rn {ll 90-(>-; {j {rn |
  1
:;8: {rn rn {rn {lk o {mk nqjhohfilmihfkgfijjg {nl {lj 90-(>-; _h *1410(1 |
  1
):-+:' {rn rn {rn {nk m {li |
  1
,+->687+r<*-): {rn rn {rn roqmjlfffffffffffffkg roqnmhoooooooooooooong o o n o V V |
  1
/061+ {rn rn {rn roqmjlfffffffffffffkg oqnmhoooooooooooooong o |
  1
/061+ {rn rn {rn roqlgofffffffffffffkfg oqmjkooooooooooooooli o |
  1
<0:;8: {rn rn {rn {mm {ng {rn {lh 90-(>-; {j {rn |
  1
:;8: {rn rn {rn {lo o {lg oqmjkooooooooooooooli {ng {lf 90-(>-; _h *1410(1 |
  1
):-+:' {rn rn {rn {mf m {ko |
  1
:336/,:r<*-): {rn rn {rn roqiljoooooooooooooogf oqnmhoooooooooooooong o o o n o oqnmhoooooooooooooong o n V V |
  1
/061+ {rn rn {rn roqiljoooooooooooooogf oqmjkooooooooooooooli o |
  1
:;8: {rn rn {rn {kn o {lk oqmjkooooooooooooojfn {mm {km 90-(>-; _h *1410(1 |
  1
):-+:' {rn rn {rn {ml m {kl |
  1
:336/,:r<*-): {rn rn {rn roqlgofffffffffffffkfg roqnmhoooooooooooooong o o o n o roqnmhoooooooooooooong o n V V |
  1
/061+ {rn rn {rn roqmjlfffffffffffffkg roqnmhoooooooooooooong o |
  1
:;8: {rn rn {rn {lg o {kn nqjhohfilmihfkgfihg {mg {kk 90-(>-; _h *1410(1 |
  1
):-+:' {rn rn {rn {lh m {kj |
  1
,+->687+r<*-): {rn rn {rn roqhimooooooooooooonoh oqnmhooooooooooooomfj o o rn o V V |
  1
/061+ {rn rn {rn roqhimooooooooooooonoh oqnmhooooooooooooomfj o |
  1
):-+:' {rn rn {rn {ll m {ki |
  1
,+->687+r<*-): {rn rn {rn roqiljoooooooooooooogf roqmjkooooooooooooooli o n o o V V |
  1
/061+ {rn rn {rn roqlgofffffffffffffkfg roqmjkooooooooooooooli o |
  1
:336/,:r<*-): {rn rn {rn roqiljoooooooooooooogf roqnmhoooooooooooooong o o o n roqnmhoooooooooooooong mqhhjjjhjinjimgfnljn:rnh o n V V |
  1
/061+ {rn rn {rn roqhimooooooooooooonoh roqnmifffffffffffffhk o |
  1
/061+ {rn rn {rn roqiljoooooooooooooogf roqmjkooooooooooooooli o |
  0
HATCH
  5
882
330
854
100
AcDbEntity
  8
TopPaste
 62
     8
100
AcDbHatch
 10
0.0
 20
0.0
 30
0.0
210
0.0
220
0.0
230
1.0
  2
SOLID
 70
     1
 71
     1
 91
        1
 92
        1
 93
        8
 72
     2
 10
-0.3809999999999999
 20
0.127
 40
0.127
 50
0.0
 51
90.0
 73
     1
 72
     1
 10
-0.3809999999999999
 20
0.254
 11
-0.635
 21
0.254
 72
     2
 10
-0.635
 20
0.127
 40
0.127
 50
90.0
 51
180.0
 73
     1
 72
     1
 10
-0.762
 20
0.127
 11
-0.762
 21
-0.127
 72
     2
 10
-0.635
 20
-0.127
 40
0.127
 50
180.0
 51
270.0
 73
     1
 72
     1
 10
-0.635
 20
-0.254
 11
-0.3809999999999999
 21
-0.254
 72
     2
 10
-0.3809999999999999
 20
-0.127
 40
0.127
 50
270.0
 51
360.0
 73
     1
 72
     1
 10
-0.2539999999999999
 20
-0.127
 11
-0.2539999999999999
 21
0.127
 97
        1
330
881
 75
     0
 76
     1
 98
        0
450
        0
451
        0
460
0.0
461
0.0
452
        0
462
0.0
453
        0
470

  0
LINE
  5
883
330
854
100
AcDbEntity
  8
TopOverlay
100
AcDbLine
 10
-0.1651
 20
-0.2286
 30
0.0
 11
-0.1651
 21
0.2286
 31
0.0
  0
LINE
  5
884
330
854
100
AcDbEntity
  8
TopOverlay
100
AcDbLine
 10
-0.1651
 20
0.2286
 30
0.0
 11
-0.0762
 21
0.2286
 31
0.0
  0
LINE
  5
885
330
854
100
AcDbEntity
  8
TopOverlay
100
AcDbLine
 10
-0.0762
 20
0.2286
 30
0.0
 11
-0.0762
 21
-0.2286
 31
0.0
  0
LINE
  5
886
330
854
100
AcDbEntity
  8
TopOverlay
100
AcDbLine
 10
-0.0762
 20
-0.2286
 30
0.0
 11
-0.1651
 21
-0.2286
 31
0.0
  0
LINE
  5
887
330
854
100
AcDbEntity
  8
TopOverlay
100
AcDbLine
 10
0.1651
 20
0.2286
 30
0.0
 11
0.1651
 21
-0.2286
 31
0.0
  0
LINE
  5
888
330
854
100
AcDbEntity
  8
TopOverlay
100
AcDbLine
 10
0.1651
 20
-0.2286
 30
0.0
 11
0.0762
 21
-0.2286
 31
0.0
  0
LINE
  5
889
330
854
100
AcDbEntity
  8
TopOverlay
100
AcDbLine
 10
0.0762
 20
-0.2286
 30
0.0
 11
0.0762
 21
0.2286
 31
0.0
  0
LINE
  5
88A
330
854
100
AcDbEntity
  8
TopOverlay
100
AcDbLine
 10
0.0762
 20
0.2286
 30
0.0
 11
0.1651
 21
0.2286
 31
0.0
  0
ENDBLK
  5
856
330
854
100
AcDbEntity
  8
0
100
AcDbBlockEnd
  0
BLOCK
  5
88D
330
88C
100
AcDbEntity
  8
0
100
AcDbBlockBegin
  2
CAP_0402_B_43
 70
     0
 10
0.0
 20
0.0
 30
0.0
  3
CAP_0402_B_43
  1

  0
ENDBLK
  5
88E
330
88C
100
AcDbEntity
  8
0
100
AcDbBlockEnd
  0
BLOCK
  5
891
330
890
100
AcDbEntity
  8
0
100
AcDbBlockBegin
  2
CAP_0402_B_44
 70
     0
 10
0.0
 20
0.0
 30
0.0
  3
CAP_0402_B_44
  1

  0
ENDBLK
  5
892
330
890
100
AcDbEntity
  8
0
100
AcDbBlockEnd
  0
BLOCK
  5
895
330
894
100
AcDbEntity
  8
0
100
AcDbBlockBegin
  2
CAP_0402_45
 70
     0
 10
0.0
 20
0.0
 30
0.0
  3
CAP_0402_45
  1

  0
LWPOLYLINE
  5
897
330
894
100
AcDbEntity
  8
TopOverlay
100
AcDbPolyline
 90
        2
 70
     0
 43
0.0254
 10
-0.1651
 20
0.2286
 10
-0.0762
 20
0.2286
  0
LWPOLYLINE
  5
898
330
894
100
AcDbEntity
  8
TopOverlay
100
AcDbPolyline
 90
        2
 70
     1
 43
0.0127
 10
-0.17145
 20
0.2286
 42
1.0
 10
-0.15875
 20
0.2286
 42
1.0
  0
LWPOLYLINE
  5
899
330
894
100
AcDbEntity
  8
TopOverlay
100
AcDbPolyline
 90
        2
 70
     1
 43
0.0127
 10
-0.08255
 20
0.2286
 42
1.0
 10
-0.06985
 20
0.2286
 42
1.0
  0
LWPOLYLINE
  5
89A
330
894
100
AcDbEntity
  8
TopOverlay
100
AcDbPolyline
 90
        2
 70
     0
 43
0.0254
 10
-0.1651
 20
-0.2286
 10
-0.0762
 20
-0.2286
  0
LWPOLYLINE
  5
89B
330
894
100
AcDbEntity
  8
TopOverlay
100
AcDbPolyline
 90
        2
 70
     1
 43
0.0127
 10
-0.17145
 20
-0.2286
 42
1.0
 10
-0.15875
 20
-0.2286
 42
1.0
  0
LWPOLYLINE
  5
89C
330
894
100
AcDbEntity
  8
TopOverlay
100
AcDbPolyline
 90
        2
 70
     1
 43
0.0127
 10
-0.08255
 20
-0.2286
 42
1.0
 10
-0.06985
 20
-0.2286
 42
1.0
  0
LWPOLYLINE
  5
89D
330
894
100
AcDbEntity
  8
TopOverlay
100
AcDbPolyline
 90
        2
 70
     0
 43
0.0254
 10
-0.0762
 20
0.2286
 10
-0.0762
 20
-0.2286
  0
LWPOLYLINE
  5
89E
330
894
100
AcDbEntity
  8
TopOverlay
100
AcDbPolyline
 90
        2
 70
     1
 43
0.0127
 10
-0.08255
 20
0.2286
 42
1.0
 10
-0.06985
 20
0.2286
 42
1.0
  0
LWPOLYLINE
  5
89F
330
894
100
AcDbEntity
  8
TopOverlay
100
AcDbPolyline
 90
        2
 70
     1
 43
0.0127
 10
-0.08255
 20
-0.2286
 42
1.0
 10
-0.06985
 20
-0.2286
 42
1.0
  0
LWPOLYLINE
  5
8A0
330
894
100
AcDbEntity
  8
TopOverlay
100
AcDbPolyline
 90
        2
 70
     0
 43
0.0254
 10
-0.1651
 20
0.2286
 10
-0.1651
 20
-0.2286
  0
LWPOLYLINE
  5
8A1
330
894
100
AcDbEntity
  8
TopOverlay
100
AcDbPolyline
 90
        2
 70
     1
 43
0.0127
 10
-0.17145
 20
0.2286
 42
1.0
 10
-0.15875
 20
0.2286
 42
1.0
  0
LWPOLYLINE
  5
8A2
330
894
100
AcDbEntity
  8
TopOverlay
100
AcDbPolyline
 90
        2
 70
     1
 43
0.0127
 10
-0.17145
 20
-0.2286
 42
1.0
 10
-0.15875
 20
-0.2286
 42
1.0
  0
LWPOLYLINE
  5
8A3
330
894
100
AcDbEntity
  8
TopOverlay
100
AcDbPolyline
 90
        2
 70
     0
 43
0.0254
 10
0.1651
 20
0.2286
 10
0.1651
 20
-0.2286
  0
LWPOLYLINE
  5
8A4
330
894
100
AcDbEntity
  8
TopOverlay
100
AcDbPolyline
 90
        2
 70
     1
 43
0.0127
 10
0.15875
 20
0.2286
 42
1.0
 10
0.17145
 20
0.2286
 42
1.0
  0
LWPOLYLINE
  5
8A5
330
894
100
AcDbEntity
  8
TopOverlay
100
AcDbPolyline
 90
        2
 70
     1
 43
0.0127
 10
0.15875
 20
-0.2286
 42
1.0
 10
0.17145
 20
-0.2286
 42
1.0
  0
LWPOLYLINE
  5
8A6
330
894
100
AcDbEntity
  8
TopOverlay
100
AcDbPolyline
 90
        2
 70
     0
 43
0.0254
 10
0.0762
 20
0.2286
 10
0.0762
 20
-0.2286
  0
LWPOLYLINE
  5
8A7
330
894
100
AcDbEntity
  8
TopOverlay
100
AcDbPolyline
 90
        2
 70
     1
 43
0.0127
 10
0.06985
 20
0.2286
 42
1.0
 10
0.08255
 20
0.2286
 42
1.0
  0
LWPOLYLINE
  5
8A8
330
894
100
AcDbEntity
  8
TopOverlay
100
AcDbPolyline
 90
        2
 70
     1
 43
0.0127
 10
0.06985
 20
-0.2286
 42
1.0
 10
0.08255
 20
-0.2286
 42
1.0
  0
LWPOLYLINE
  5
8A9
330
894
100
AcDbEntity
  8
TopOverlay
100
AcDbPolyline
 90
        2
 70
     0
 43
0.0254
 10
0.0762
 20
0.2286
 10
0.1651
 20
0.2286
  0
LWPOLYLINE
  5
8AA
330
894
100
AcDbEntity
  8
TopOverlay
100
AcDbPolyline
 90
        2
 70
     1
 43
0.0127
 10
0.06985
 20
0.2286
 42
1.0
 10
0.08255
 20
0.2286
 42
1.0
  0
LWPOLYLINE
  5
8AB
330
894
100
AcDbEntity
  8
TopOverlay
100
AcDbPolyline
 90
        2
 70
     1
 43
0.0127
 10
0.15875
 20
0.2286
 42
1.0
 10
0.17145
 20
0.2286
 42
1.0
  0
LWPOLYLINE
  5
8AC
330
894
100
AcDbEntity
  8
TopOverlay
100
AcDbPolyline
 90
        2
 70
     0
 43
0.0254
 10
0.0762
 20
-0.2286
 10
0.1651
 20
-0.2286
  0
LWPOLYLINE
  5
8AD
330
894
100
AcDbEntity
  8
TopOverlay
100
AcDbPolyline
 90
        2
 70
     1
 43
0.0127
 10
0.06985
 20
-0.2286
 42
1.0
 10
0.08255
 20
-0.2286
 42
1.0
  0
LWPOLYLINE
  5
8AE
330
894
100
AcDbEntity
  8
TopOverlay
100
AcDbPolyline
 90
        2
 70
     1
 43
0.0127
 10
0.15875
 20
-0.2286
 42
1.0
 10
0.17145
 20
-0.2286
 42
1.0
  0
REGION
  5
8B7
102
{ACAD_REACTORS
330
8B8
102
}
330
894
100
AcDbEntity
  8
TopPaste
 62
     8
100
AcDbModelerGeometry
 70
     1
  1
mnmoo kh m mi          
  1
ni ^ *+0;:,4 ^ *+0\^ [ mo ^ LR mmjqnqoqijjlj QK o  
  1
n fqfffffffffffffffjkh:roh nqooooooooooooooooli:rno 
  1
>,27:>;:- {rn rn _nl mmjqnqoqijjlj |
  1
=0;& {rn rn {rn {m {rn {rn |
  1
3*2/ {rn rn {rn {rn {l {n |
  1
,7:33 {rn rn {rn {rn {rn {k {rn {m |
  1
9><: {rn rn {rn {rn {j {l {rn {i 90-(>-; ;0*=3: 0*+ |
  1
300/ {rn rn {rn {rn {h {k |
  1
/3>1:r,*-9><: {rn rn {rn oqjogoooooooooooooohn o o o o n n o o 90-(>-;@) V V V V |
  1
<0:;8: {rn rn {rn {g {f {rn {no 90-(>-; {j {rn |
  1
<0:;8: {rn rn {rn {nn {h {rn {nm 90-(>-; {j {rn |
  1
<0:;8: {rn rn {rn {h {nl {rn {nk 90-(>-; {j {rn |
  1
:;8: {rn rn {rn {nj o {ni nqjhohfilmihfkgfijjg {h {nh 90-(>-; _h *1410(1 |
  1
<0:;8: {rn rn {rn {ng {g {rn {nf 90-(>-; {j {rn |
  1
:;8: {rn rn {rn {ni o {mo oqmjkooooooooooooojfn {g {mn 90-(>-; _h *1410(1 |
  1
<0:;8: {rn rn {rn {f {mm {rn {ml 90-(>-; {j {rn |
  1
:;8: {rn rn {rn {mk o {nj oqmjkooooooooooooooli {f {mj 90-(>-; _h *1410(1 |
  1
):-+:' {rn rn {rn {nk m {mi |
  1
):-+:' {rn rn {rn {nm m {mh |
  1
:336/,:r<*-): {rn rn {rn oqiljoooooooooooooogf oqnmhoooooooooooooong o o o n oqnmhoooooooooooooong o o n V V |
  1
<0:;8: {rn rn {rn {mg {nn {rn {mf 90-(>-; {j {rn |
  1
:;8: {rn rn {rn {mo o {lo nqjhohfilmihfkgfilli {nn {ln 90-(>-; _h *1410(1 |
  1
):-+:' {rn rn {rn {nf m {lm |
  1
,+->687+r<*-): {rn rn {rn oqiljoooooooooooooogf oqmjkooooooooooooooli o rn o o V V |
  1
<0:;8: {rn rn {rn {nl {mg {rn {ll 90-(>-; {j {rn |
  1
:;8: {rn rn {rn {lk o {mk nqjhohfilmihfkgfijjg {nl {lj 90-(>-; _h *1410(1 |
  1
):-+:' {rn rn {rn {nk m {li |
  1
,+->687+r<*-): {rn rn {rn oqhimooooooooooooonoh roqnmhoooooooooooooong o o n o V V |
  1
/061+ {rn rn {rn oqhimooooooooooooonoh oqnmhoooooooooooooong o |
  1
/061+ {rn rn {rn oqiljoooooooooooooogf oqmjkooooooooooooooli o |
  1
<0:;8: {rn rn {rn {mm {ng {rn {lh 90-(>-; {j {rn |
  1
:;8: {rn rn {rn {lo o {lg oqmjkooooooooooooooli {ng {lf 90-(>-; _h *1410(1 |
  1
):-+:' {rn rn {rn {mf m {ko |
  1
:336/,:r<*-): {rn rn {rn oqlgofffffffffffffkfg oqnmhoooooooooooooong o o o n o oqnmhoooooooooooooong o n V V |
  1
/061+ {rn rn {rn oqlgofffffffffffffkfg oqmjkooooooooooooooli o |
  1
:;8: {rn rn {rn {kn o {lk oqmjkooooooooooooojfn {mm {km 90-(>-; _h *1410(1 |
  1
):-+:' {rn rn {rn {ml m {kl |
  1
:336/,:r<*-): {rn rn {rn oqiljoooooooooooooogf roqnmhoooooooooooooong o o o n o roqnmhoooooooooooooong o n V V |
  1
/061+ {rn rn {rn oqhimooooooooooooonoh roqnmhoooooooooooooong o |
  1
:;8: {rn rn {rn {lg o {kn nqjhohfilmihfkgfihg {mg {kk 90-(>-; _h *1410(1 |
  1
):-+:' {rn rn {rn {lh m {kj |
  1
,+->687+r<*-): {rn rn {rn oqmjlfffffffffffffkg oqnmhooooooooooooomfj o o rn o V V |
  1
/061+ {rn rn {rn oqmjlfffffffffffffkg oqnmhooooooooooooomfj o |
  1
):-+:' {rn rn {rn {ll m {ki |
  1
,+->687+r<*-): {rn rn {rn oqlgofffffffffffffkfg roqmjkooooooooooooooli o n o o V V |
  1
/061+ {rn rn {rn oqiljoooooooooooooogf roqmjkooooooooooooooli o |
  1
:336/,:r<*-): {rn rn {rn oqlgofffffffffffffkfg roqnmhoooooooooooooong o o o n roqnmhoooooooooooooong mqhhjjjhjinjimgfnljn:rnh o n V V |
  1
/061+ {rn rn {rn oqmjlfffffffffffffkg roqnmifffffffffffffhk o |
  1
/061+ {rn rn {rn oqlgofffffffffffffkfg roqmjkooooooooooooooli o |
  0
HATCH
  5
8B8
330
894
100
AcDbEntity
  8
TopPaste
 62
     8
100
AcDbHatch
 10
0.0
 20
0.0
 30
0.0
210
0.0
220
0.0
230
1.0
  2
SOLID
 70
     1
 71
     1
 91
        1
 92
        1
 93
        8
 72
     2
 10
0.635
 20
0.127
 40
0.127
 50
0.0
 51
90.0
 73
     1
 72
     1
 10
0.635
 20
0.254
 11
0.3809999999999999
 21
0.254
 72
     2
 10
0.3809999999999999
 20
0.127
 40
0.127
 50
90.0
 51
180.0
 73
     1
 72
     1
 10
0.2539999999999999
 20
0.127
 11
0.2539999999999999
 21
-0.127
 72
     2
 10
0.3809999999999999
 20
-0.127
 40
0.127
 50
180.0
 51
270.0
 73
     1
 72
     1
 10
0.3809999999999999
 20
-0.254
 11
0.635
 21
-0.254
 72
     2
 10
0.635
 20
-0.127
 40
0.127
 50
270.0
 51
360.0
 73
     1
 72
     1
 10
0.762
 20
-0.127
 11
0.762
 21
0.127
 97
        1
330
8B7
 75
     0
 76
     1
 98
        0
450
        0
451
        0
460
0.0
461
0.0
452
        0
462
0.0
453
        0
470

  0
REGION
  5
8C1
102
{ACAD_REACTORS
330
8C2
102
}
330
894
100
AcDbEntity
  8
TopPaste
 62
     8
100
AcDbModelerGeometry
 70
     1
  1
mnmoo kh m mi          
  1
ni ^ *+0;:,4 ^ *+0\^ [ mo ^ LR mmjqnqoqijjlj QK o  
  1
n fqfffffffffffffffjkh:roh nqooooooooooooooooli:rno 
  1
>,27:>;:- {rn rn _nl mmjqnqoqijjlj |
  1
=0;& {rn rn {rn {m {rn {rn |
  1
3*2/ {rn rn {rn {rn {l {n |
  1
,7:33 {rn rn {rn {rn {rn {k {rn {m |
  1
9><: {rn rn {rn {rn {j {l {rn {i 90-(>-; ;0*=3: 0*+ |
  1
300/ {rn rn {rn {rn {h {k |
  1
/3>1:r,*-9><: {rn rn {rn roqjogoooooooooooooohn o o o o n n o o 90-(>-;@) V V V V |
  1
<0:;8: {rn rn {rn {g {f {rn {no 90-(>-; {j {rn |
  1
<0:;8: {rn rn {rn {nn {h {rn {nm 90-(>-; {j {rn |
  1
<0:;8: {rn rn {rn {h {nl {rn {nk 90-(>-; {j {rn |
  1
:;8: {rn rn {rn {nj o {ni nqjhohfilmihfkgfijjg {h {nh 90-(>-; _h *1410(1 |
  1
<0:;8: {rn rn {rn {ng {g {rn {nf 90-(>-; {j {rn |
  1
:;8: {rn rn {rn {ni o {mo oqmjkooooooooooooojfn {g {mn 90-(>-; _h *1410(1 |
  1
<0:;8: {rn rn {rn {f {mm {rn {ml 90-(>-; {j {rn |
  1
:;8: {rn rn {rn {mk o {nj oqmjkooooooooooooooli {f {mj 90-(>-; _h *1410(1 |
  1
):-+:' {rn rn {rn {nk m {mi |
  1
):-+:' {rn rn {rn {nm m {mh |
  1
:336/,:r<*-): {rn rn {rn roqlgofffffffffffffkfg oqnmhoooooooooooooong o o o n oqnmhoooooooooooooong o o n V V |
  1
<0:;8: {rn rn {rn {mg {nn {rn {mf 90-(>-; {j {rn |
  1
:;8: {rn rn {rn {mo o {lo nqjhohfilmihfkgfilli {nn {ln 90-(>-; _h *1410(1 |
  1
):-+:' {rn rn {rn {nf m {lm |
  1
,+->687+r<*-): {rn rn {rn roqlgofffffffffffffkfg oqmjkooooooooooooooli o rn o o V V |
  1
<0:;8: {rn rn {rn {nl {mg {rn {ll 90-(>-; {j {rn |
  1
:;8: {rn rn {rn {lk o {mk nqjhohfilmihfkgfijjg {nl {lj 90-(>-; _h *1410(1 |
  1
):-+:' {rn rn {rn {nk m {li |
  1
,+->687+r<*-): {rn rn {rn roqmjlfffffffffffffkg roqnmhoooooooooooooong o o n o V V |
  1
/061+ {rn rn {rn roqmjlfffffffffffffkg oqnmhoooooooooooooong o |
  1
/061+ {rn rn {rn roqlgofffffffffffffkfg oqmjkooooooooooooooli o |
  1
<0:;8: {rn rn {rn {mm {ng {rn {lh 90-(>-; {j {rn |
  1
:;8: {rn rn {rn {lo o {lg oqmjkooooooooooooooli {ng {lf 90-(>-; _h *1410(1 |
  1
):-+:' {rn rn {rn {mf m {ko |
  1
:336/,:r<*-): {rn rn {rn roqiljoooooooooooooogf oqnmhoooooooooooooong o o o n o oqnmhoooooooooooooong o n V V |
  1
/061+ {rn rn {rn roqiljoooooooooooooogf oqmjkooooooooooooooli o |
  1
:;8: {rn rn {rn {kn o {lk oqmjkooooooooooooojfn {mm {km 90-(>-; _h *1410(1 |
  1
):-+:' {rn rn {rn {ml m {kl |
  1
:336/,:r<*-): {rn rn {rn roqlgofffffffffffffkfg roqnmhoooooooooooooong o o o n o roqnmhoooooooooooooong o n V V |
  1
/061+ {rn rn {rn roqmjlfffffffffffffkg roqnmhoooooooooooooong o |
  1
:;8: {rn rn {rn {lg o {kn nqjhohfilmihfkgfihg {mg {kk 90-(>-; _h *1410(1 |
  1
):-+:' {rn rn {rn {lh m {kj |
  1
,+->687+r<*-): {rn rn {rn roqhimooooooooooooonoh oqnmhooooooooooooomfj o o rn o V V |
  1
/061+ {rn rn {rn roqhimooooooooooooonoh oqnmhooooooooooooomfj o |
  1
):-+:' {rn rn {rn {ll m {ki |
  1
,+->687+r<*-): {rn rn {rn roqiljoooooooooooooogf roqmjkooooooooooooooli o n o o V V |
  1
/061+ {rn rn {rn roqlgofffffffffffffkfg roqmjkooooooooooooooli o |
  1
:336/,:r<*-): {rn rn {rn roqiljoooooooooooooogf roqnmhoooooooooooooong o o o n roqnmhoooooooooooooong mqhhjjjhjinjimgfnljn:rnh o n V V |
  1
/061+ {rn rn {rn roqhimooooooooooooonoh roqnmifffffffffffffhk o |
  1
/061+ {rn rn {rn roqiljoooooooooooooogf roqmjkooooooooooooooli o |
  0
HATCH
  5
8C2
330
894
100
AcDbEntity
  8
TopPaste
 62
     8
100
AcDbHatch
 10
0.0
 20
0.0
 30
0.0
210
0.0
220
0.0
230
1.0
  2
SOLID
 70
     1
 71
     1
 91
        1
 92
        1
 93
        8
 72
     2
 10
-0.3809999999999999
 20
0.127
 40
0.127
 50
0.0
 51
90.0
 73
     1
 72
     1
 10
-0.3809999999999999
 20
0.254
 11
-0.635
 21
0.254
 72
     2
 10
-0.635
 20
0.127
 40
0.127
 50
90.0
 51
180.0
 73
     1
 72
     1
 10
-0.762
 20
0.127
 11
-0.762
 21
-0.127
 72
     2
 10
-0.635
 20
-0.127
 40
0.127
 50
180.0
 51
270.0
 73
     1
 72
     1
 10
-0.635
 20
-0.254
 11
-0.3809999999999999
 21
-0.254
 72
     2
 10
-0.3809999999999999
 20
-0.127
 40
0.127
 50
270.0
 51
360.0
 73
     1
 72
     1
 10
-0.2539999999999999
 20
-0.127
 11
-0.2539999999999999
 21
0.127
 97
        1
330
8C1
 75
     0
 76
     1
 98
        0
450
        0
451
        0
460
0.0
461
0.0
452
        0
462
0.0
453
        0
470

  0
LINE
  5
8C3
330
894
100
AcDbEntity
  8
TopOverlay
100
AcDbLine
 10
-0.1651
 20
-0.2286
 30
0.0
 11
-0.1651
 21
0.2286
 31
0.0
  0
LINE
  5
8C4
330
894
100
AcDbEntity
  8
TopOverlay
100
AcDbLine
 10
-0.1651
 20
0.2286
 30
0.0
 11
-0.0762
 21
0.2286
 31
0.0
  0
LINE
  5
8C5
330
894
100
AcDbEntity
  8
TopOverlay
100
AcDbLine
 10
-0.0762
 20
0.2286
 30
0.0
 11
-0.0762
 21
-0.2286
 31
0.0
  0
LINE
  5
8C6
330
894
100
AcDbEntity
  8
TopOverlay
100
AcDbLine
 10
-0.0762
 20
-0.2286
 30
0.0
 11
-0.1651
 21
-0.2286
 31
0.0
  0
LINE
  5
8C7
330
894
100
AcDbEntity
  8
TopOverlay
100
AcDbLine
 10
0.1651
 20
0.2286
 30
0.0
 11
0.1651
 21
-0.2286
 31
0.0
  0
LINE
  5
8C8
330
894
100
AcDbEntity
  8
TopOverlay
100
AcDbLine
 10
0.1651
 20
-0.2286
 30
0.0
 11
0.0762
 21
-0.2286
 31
0.0
  0
LINE
  5
8C9
330
894
100
AcDbEntity
  8
TopOverlay
100
AcDbLine
 10
0.0762
 20
-0.2286
 30
0.0
 11
0.0762
 21
0.2286
 31
0.0
  0
LINE
  5
8CA
330
894
100
AcDbEntity
  8
TopOverlay
100
AcDbLine
 10
0.0762
 20
0.2286
 30
0.0
 11
0.1651
 21
0.2286
 31
0.0
  0
ENDBLK
  5
896
330
894
100
AcDbEntity
  8
0
100
AcDbBlockEnd
  0
BLOCK
  5
8CD
330
8CC
100
AcDbEntity
  8
0
100
AcDbBlockBegin
  2
CAP_0402_46
 70
     0
 10
0.0
 20
0.0
 30
0.0
  3
CAP_0402_46
  1

  0
LWPOLYLINE
  5
8CF
330
8CC
100
AcDbEntity
  8
TopOverlay
100
AcDbPolyline
 90
        2
 70
     0
 43
0.0254
 10
-0.0762
 20
0.2286
 10
-0.1651
 20
0.2286
  0
LWPOLYLINE
  5
8D0
330
8CC
100
AcDbEntity
  8
TopOverlay
100
AcDbPolyline
 90
        2
 70
     1
 43
0.0127
 10
-0.08255
 20
0.2286
 42
1.0
 10
-0.06985
 20
0.2286
 42
1.0
  0
LWPOLYLINE
  5
8D1
330
8CC
100
AcDbEntity
  8
TopOverlay
100
AcDbPolyline
 90
        2
 70
     1
 43
0.0127
 10
-0.17145
 20
0.2286
 42
1.0
 10
-0.15875
 20
0.2286
 42
1.0
  0
LWPOLYLINE
  5
8D2
330
8CC
100
AcDbEntity
  8
TopOverlay
100
AcDbPolyline
 90
        2
 70
     0
 43
0.0254
 10
-0.0762
 20
-0.2286
 10
-0.1651
 20
-0.2286
  0
LWPOLYLINE
  5
8D3
330
8CC
100
AcDbEntity
  8
TopOverlay
100
AcDbPolyline
 90
        2
 70
     1
 43
0.0127
 10
-0.08255
 20
-0.2286
 42
1.0
 10
-0.06985
 20
-0.2286
 42
1.0
  0
LWPOLYLINE
  5
8D4
330
8CC
100
AcDbEntity
  8
TopOverlay
100
AcDbPolyline
 90
        2
 70
     1
 43
0.0127
 10
-0.17145
 20
-0.2286
 42
1.0
 10
-0.15875
 20
-0.2286
 42
1.0
  0
LWPOLYLINE
  5
8D5
330
8CC
100
AcDbEntity
  8
TopOverlay
100
AcDbPolyline
 90
        2
 70
     0
 43
0.0254
 10
-0.0762
 20
-0.2286
 10
-0.0762
 20
0.2286
  0
LWPOLYLINE
  5
8D6
330
8CC
100
AcDbEntity
  8
TopOverlay
100
AcDbPolyline
 90
        2
 70
     1
 43
0.0127
 10
-0.08255
 20
-0.2286
 42
1.0
 10
-0.06985
 20
-0.2286
 42
1.0
  0
LWPOLYLINE
  5
8D7
330
8CC
100
AcDbEntity
  8
TopOverlay
100
AcDbPolyline
 90
        2
 70
     1
 43
0.0127
 10
-0.08255
 20
0.2286
 42
1.0
 10
-0.06985
 20
0.2286
 42
1.0
  0
LWPOLYLINE
  5
8D8
330
8CC
100
AcDbEntity
  8
TopOverlay
100
AcDbPolyline
 90
        2
 70
     0
 43
0.0254
 10
-0.1651
 20
-0.2286
 10
-0.1651
 20
0.2286
  0
LWPOLYLINE
  5
8D9
330
8CC
100
AcDbEntity
  8
TopOverlay
100
AcDbPolyline
 90
        2
 70
     1
 43
0.0127
 10
-0.17145
 20
-0.2286
 42
1.0
 10
-0.15875
 20
-0.2286
 42
1.0
  0
LWPOLYLINE
  5
8DA
330
8CC
100
AcDbEntity
  8
TopOverlay
100
AcDbPolyline
 90
        2
 70
     1
 43
0.0127
 10
-0.17145
 20
0.2286
 42
1.0
 10
-0.15875
 20
0.2286
 42
1.0
  0
LWPOLYLINE
  5
8DB
330
8CC
100
AcDbEntity
  8
TopOverlay
100
AcDbPolyline
 90
        2
 70
     0
 43
0.0254
 10
0.1651
 20
-0.2286
 10
0.1651
 20
0.2286
  0
LWPOLYLINE
  5
8DC
330
8CC
100
AcDbEntity
  8
TopOverlay
100
AcDbPolyline
 90
        2
 70
     1
 43
0.0127
 10
0.15875
 20
-0.2286
 42
1.0
 10
0.17145
 20
-0.2286
 42
1.0
  0
LWPOLYLINE
  5
8DD
330
8CC
100
AcDbEntity
  8
TopOverlay
100
AcDbPolyline
 90
        2
 70
     1
 43
0.0127
 10
0.15875
 20
0.2286
 42
1.0
 10
0.17145
 20
0.2286
 42
1.0
  0
LWPOLYLINE
  5
8DE
330
8CC
100
AcDbEntity
  8
TopOverlay
100
AcDbPolyline
 90
        2
 70
     0
 43
0.0254
 10
0.0762
 20
-0.2286
 10
0.0762
 20
0.2286
  0
LWPOLYLINE
  5
8DF
330
8CC
100
AcDbEntity
  8
TopOverlay
100
AcDbPolyline
 90
        2
 70
     1
 43
0.0127
 10
0.06985
 20
-0.2286
 42
1.0
 10
0.08255
 20
-0.2286
 42
1.0
  0
LWPOLYLINE
  5
8E0
330
8CC
100
AcDbEntity
  8
TopOverlay
100
AcDbPolyline
 90
        2
 70
     1
 43
0.0127
 10
0.06985
 20
0.2286
 42
1.0
 10
0.08255
 20
0.2286
 42
1.0
  0
LWPOLYLINE
  5
8E1
330
8CC
100
AcDbEntity
  8
TopOverlay
100
AcDbPolyline
 90
        2
 70
     0
 43
0.0254
 10
0.1651
 20
0.2286
 10
0.0762
 20
0.2286
  0
LWPOLYLINE
  5
8E2
330
8CC
100
AcDbEntity
  8
TopOverlay
100
AcDbPolyline
 90
        2
 70
     1
 43
0.0127
 10
0.15875
 20
0.2286
 42
1.0
 10
0.17145
 20
0.2286
 42
1.0
  0
LWPOLYLINE
  5
8E3
330
8CC
100
AcDbEntity
  8
TopOverlay
100
AcDbPolyline
 90
        2
 70
     1
 43
0.0127
 10
0.06985
 20
0.2286
 42
1.0
 10
0.08255
 20
0.2286
 42
1.0
  0
LWPOLYLINE
  5
8E4
330
8CC
100
AcDbEntity
  8
TopOverlay
100
AcDbPolyline
 90
        2
 70
     0
 43
0.0254
 10
0.1651
 20
-0.2286
 10
0.0762
 20
-0.2286
  0
LWPOLYLINE
  5
8E5
330
8CC
100
AcDbEntity
  8
TopOverlay
100
AcDbPolyline
 90
        2
 70
     1
 43
0.0127
 10
0.15875
 20
-0.2286
 42
1.0
 10
0.17145
 20
-0.2286
 42
1.0
  0
LWPOLYLINE
  5
8E6
330
8CC
100
AcDbEntity
  8
TopOverlay
100
AcDbPolyline
 90
        2
 70
     1
 43
0.0127
 10
0.06985
 20
-0.2286
 42
1.0
 10
0.08255
 20
-0.2286
 42
1.0
  0
REGION
  5
8EF
102
{ACAD_REACTORS
330
8F0
102
}
330
8CC
100
AcDbEntity
  8
TopPaste
 62
     8
100
AcDbModelerGeometry
 70
     1
  1
mnmoo kh m mi          
  1
ni ^ *+0;:,4 ^ *+0\^ [ mo ^ LR mmjqnqoqijjlj QK o  
  1
n fqfffffffffffffffjkh:roh nqooooooooooooooooli:rno 
  1
>,27:>;:- {rn rn _nl mmjqnqoqijjlj |
  1
=0;& {rn rn {rn {m {rn {rn |
  1
3*2/ {rn rn {rn {rn {l {n |
  1
,7:33 {rn rn {rn {rn {rn {k {rn {m |
  1
9><: {rn rn {rn {rn {j {l {rn {i 90-(>-; ;0*=3: 0*+ |
  1
300/ {rn rn {rn {rn {h {k |
  1
/3>1:r,*-9><: {rn rn {rn oqjogoooooooooooooohn o o o o n n o o 90-(>-;@) V V V V |
  1
<0:;8: {rn rn {rn {g {f {rn {no 90-(>-; {j {rn |
  1
<0:;8: {rn rn {rn {nn {h {rn {nm 90-(>-; {j {rn |
  1
<0:;8: {rn rn {rn {h {nl {rn {nk 90-(>-; {j {rn |
  1
:;8: {rn rn {rn {nj o {ni nqjhohfilmihfkgfijjg {h {nh 90-(>-; _h *1410(1 |
  1
<0:;8: {rn rn {rn {ng {g {rn {nf 90-(>-; {j {rn |
  1
:;8: {rn rn {rn {ni o {mo oqmjkooooooooooooojfn {g {mn 90-(>-; _h *1410(1 |
  1
<0:;8: {rn rn {rn {f {mm {rn {ml 90-(>-; {j {rn |
  1
:;8: {rn rn {rn {mk o {nj oqmjkooooooooooooooli {f {mj 90-(>-; _h *1410(1 |
  1
):-+:' {rn rn {rn {nk m {mi |
  1
):-+:' {rn rn {rn {nm m {mh |
  1
:336/,:r<*-): {rn rn {rn oqiljoooooooooooooogf oqnmhoooooooooooooong o o o n oqnmhoooooooooooooong o o n V V |
  1
<0:;8: {rn rn {rn {mg {nn {rn {mf 90-(>-; {j {rn |
  1
:;8: {rn rn {rn {mo o {lo nqjhohfilmihfkgfilli {nn {ln 90-(>-; _h *1410(1 |
  1
):-+:' {rn rn {rn {nf m {lm |
  1
,+->687+r<*-): {rn rn {rn oqiljoooooooooooooogf oqmjkooooooooooooooli o rn o o V V |
  1
<0:;8: {rn rn {rn {nl {mg {rn {ll 90-(>-; {j {rn |
  1
:;8: {rn rn {rn {lk o {mk nqjhohfilmihfkgfijjg {nl {lj 90-(>-; _h *1410(1 |
  1
):-+:' {rn rn {rn {nk m {li |
  1
,+->687+r<*-): {rn rn {rn oqhimooooooooooooonoh roqnmhoooooooooooooong o o n o V V |
  1
/061+ {rn rn {rn oqhimooooooooooooonoh oqnmhoooooooooooooong o |
  1
/061+ {rn rn {rn oqiljoooooooooooooogf oqmjkooooooooooooooli o |
  1
<0:;8: {rn rn {rn {mm {ng {rn {lh 90-(>-; {j {rn |
  1
:;8: {rn rn {rn {lo o {lg oqmjkooooooooooooooli {ng {lf 90-(>-; _h *1410(1 |
  1
):-+:' {rn rn {rn {mf m {ko |
  1
:336/,:r<*-): {rn rn {rn oqlgofffffffffffffkfg oqnmhoooooooooooooong o o o n o oqnmhoooooooooooooong o n V V |
  1
/061+ {rn rn {rn oqlgofffffffffffffkfg oqmjkooooooooooooooli o |
  1
:;8: {rn rn {rn {kn o {lk oqmjkooooooooooooojfn {mm {km 90-(>-; _h *1410(1 |
  1
):-+:' {rn rn {rn {ml m {kl |
  1
:336/,:r<*-): {rn rn {rn oqiljoooooooooooooogf roqnmhoooooooooooooong o o o n o roqnmhoooooooooooooong o n V V |
  1
/061+ {rn rn {rn oqhimooooooooooooonoh roqnmhoooooooooooooong o |
  1
:;8: {rn rn {rn {lg o {kn nqjhohfilmihfkgfihg {mg {kk 90-(>-; _h *1410(1 |
  1
):-+:' {rn rn {rn {lh m {kj |
  1
,+->687+r<*-): {rn rn {rn oqmjlfffffffffffffkg oqnmhooooooooooooomfj o o rn o V V |
  1
/061+ {rn rn {rn oqmjlfffffffffffffkg oqnmhooooooooooooomfj o |
  1
):-+:' {rn rn {rn {ll m {ki |
  1
,+->687+r<*-): {rn rn {rn oqlgofffffffffffffkfg roqmjkooooooooooooooli o n o o V V |
  1
/061+ {rn rn {rn oqiljoooooooooooooogf roqmjkooooooooooooooli o |
  1
:336/,:r<*-): {rn rn {rn oqlgofffffffffffffkfg roqnmhoooooooooooooong o o o n roqnmhoooooooooooooong mqhhjjjhjinjimgfnljn:rnh o n V V |
  1
/061+ {rn rn {rn oqmjlfffffffffffffkg roqnmifffffffffffffhk o |
  1
/061+ {rn rn {rn oqlgofffffffffffffkfg roqmjkooooooooooooooli o |
  0
HATCH
  5
8F0
330
8CC
100
AcDbEntity
  8
TopPaste
 62
     8
100
AcDbHatch
 10
0.0
 20
0.0
 30
0.0
210
0.0
220
0.0
230
1.0
  2
SOLID
 70
     1
 71
     1
 91
        1
 92
        1
 93
        8
 72
     2
 10
0.635
 20
0.127
 40
0.127
 50
0.0
 51
90.0
 73
     1
 72
     1
 10
0.635
 20
0.254
 11
0.3809999999999999
 21
0.254
 72
     2
 10
0.3809999999999999
 20
0.127
 40
0.127
 50
90.0
 51
180.0
 73
     1
 72
     1
 10
0.2539999999999999
 20
0.127
 11
0.2539999999999999
 21
-0.127
 72
     2
 10
0.3809999999999999
 20
-0.127
 40
0.127
 50
180.0
 51
270.0
 73
     1
 72
     1
 10
0.3809999999999999
 20
-0.254
 11
0.635
 21
-0.254
 72
     2
 10
0.635
 20
-0.127
 40
0.127
 50
270.0
 51
360.0
 73
     1
 72
     1
 10
0.762
 20
-0.127
 11
0.762
 21
0.127
 97
        1
330
8EF
 75
     0
 76
     1
 98
        0
450
        0
451
        0
460
0.0
461
0.0
452
        0
462
0.0
453
        0
470

  0
REGION
  5
8F9
102
{ACAD_REACTORS
330
8FA
102
}
330
8CC
100
AcDbEntity
  8
TopPaste
 62
     8
100
AcDbModelerGeometry
 70
     1
  1
mnmoo kh m mi          
  1
ni ^ *+0;:,4 ^ *+0\^ [ mo ^ LR mmjqnqoqijjlj QK o  
  1
n fqfffffffffffffffjkh:roh nqooooooooooooooooli:rno 
  1
>,27:>;:- {rn rn _nl mmjqnqoqijjlj |
  1
=0;& {rn rn {rn {m {rn {rn |
  1
3*2/ {rn rn {rn {rn {l {n |
  1
,7:33 {rn rn {rn {rn {rn {k {rn {m |
  1
9><: {rn rn {rn {rn {j {l {rn {i 90-(>-; ;0*=3: 0*+ |
  1
300/ {rn rn {rn {rn {h {k |
  1
/3>1:r,*-9><: {rn rn {rn roqjogoooooooooooooohn o o o o n n o o 90-(>-;@) V V V V |
  1
<0:;8: {rn rn {rn {g {f {rn {no 90-(>-; {j {rn |
  1
<0:;8: {rn rn {rn {nn {h {rn {nm 90-(>-; {j {rn |
  1
<0:;8: {rn rn {rn {h {nl {rn {nk 90-(>-; {j {rn |
  1
:;8: {rn rn {rn {nj o {ni nqjhohfilmihfkgfijjg {h {nh 90-(>-; _h *1410(1 |
  1
<0:;8: {rn rn {rn {ng {g {rn {nf 90-(>-; {j {rn |
  1
:;8: {rn rn {rn {ni o {mo oqmjkooooooooooooojfn {g {mn 90-(>-; _h *1410(1 |
  1
<0:;8: {rn rn {rn {f {mm {rn {ml 90-(>-; {j {rn |
  1
:;8: {rn rn {rn {mk o {nj oqmjkooooooooooooooli {f {mj 90-(>-; _h *1410(1 |
  1
):-+:' {rn rn {rn {nk m {mi |
  1
):-+:' {rn rn {rn {nm m {mh |
  1
:336/,:r<*-): {rn rn {rn roqlgofffffffffffffkfg oqnmhoooooooooooooong o o o n oqnmhoooooooooooooong o o n V V |
  1
<0:;8: {rn rn {rn {mg {nn {rn {mf 90-(>-; {j {rn |
  1
:;8: {rn rn {rn {mo o {lo nqjhohfilmihfkgfilli {nn {ln 90-(>-; _h *1410(1 |
  1
):-+:' {rn rn {rn {nf m {lm |
  1
,+->687+r<*-): {rn rn {rn roqlgofffffffffffffkfg oqmjkooooooooooooooli o rn o o V V |
  1
<0:;8: {rn rn {rn {nl {mg {rn {ll 90-(>-; {j {rn |
  1
:;8: {rn rn {rn {lk o {mk nqjhohfilmihfkgfijjg {nl {lj 90-(>-; _h *1410(1 |
  1
):-+:' {rn rn {rn {nk m {li |
  1
,+->687+r<*-): {rn rn {rn roqmjlfffffffffffffkg roqnmhoooooooooooooong o o n o V V |
  1
/061+ {rn rn {rn roqmjlfffffffffffffkg oqnmhoooooooooooooong o |
  1
/061+ {rn rn {rn roqlgofffffffffffffkfg oqmjkooooooooooooooli o |
  1
<0:;8: {rn rn {rn {mm {ng {rn {lh 90-(>-; {j {rn |
  1
:;8: {rn rn {rn {lo o {lg oqmjkooooooooooooooli {ng {lf 90-(>-; _h *1410(1 |
  1
):-+:' {rn rn {rn {mf m {ko |
  1
:336/,:r<*-): {rn rn {rn roqiljoooooooooooooogf oqnmhoooooooooooooong o o o n o oqnmhoooooooooooooong o n V V |
  1
/061+ {rn rn {rn roqiljoooooooooooooogf oqmjkooooooooooooooli o |
  1
:;8: {rn rn {rn {kn o {lk oqmjkooooooooooooojfn {mm {km 90-(>-; _h *1410(1 |
  1
):-+:' {rn rn {rn {ml m {kl |
  1
:336/,:r<*-): {rn rn {rn roqlgofffffffffffffkfg roqnmhoooooooooooooong o o o n o roqnmhoooooooooooooong o n V V |
  1
/061+ {rn rn {rn roqmjlfffffffffffffkg roqnmhoooooooooooooong o |
  1
:;8: {rn rn {rn {lg o {kn nqjhohfilmihfkgfihg {mg {kk 90-(>-; _h *1410(1 |
  1
):-+:' {rn rn {rn {lh m {kj |
  1
,+->687+r<*-): {rn rn {rn roqhimooooooooooooonoh oqnmhooooooooooooomfj o o rn o V V |
  1
/061+ {rn rn {rn roqhimooooooooooooonoh oqnmhooooooooooooomfj o |
  1
):-+:' {rn rn {rn {ll m {ki |
  1
,+->687+r<*-): {rn rn {rn roqiljoooooooooooooogf roqmjkooooooooooooooli o n o o V V |
  1
/061+ {rn rn {rn roqlgofffffffffffffkfg roqmjkooooooooooooooli o |
  1
:336/,:r<*-): {rn rn {rn roqiljoooooooooooooogf roqnmhoooooooooooooong o o o n roqnmhoooooooooooooong mqhhjjjhjinjimgfnljn:rnh o n V V |
  1
/061+ {rn rn {rn roqhimooooooooooooonoh roqnmifffffffffffffhk o |
  1
/061+ {rn rn {rn roqiljoooooooooooooogf roqmjkooooooooooooooli o |
  0
HATCH
  5
8FA
330
8CC
100
AcDbEntity
  8
TopPaste
 62
     8
100
AcDbHatch
 10
0.0
 20
0.0
 30
0.0
210
0.0
220
0.0
230
1.0
  2
SOLID
 70
     1
 71
     1
 91
        1
 92
        1
 93
        8
 72
     2
 10
-0.3809999999999999
 20
0.127
 40
0.127
 50
0.0
 51
90.0
 73
     1
 72
     1
 10
-0.3809999999999999
 20
0.254
 11
-0.635
 21
0.254
 72
     2
 10
-0.635
 20
0.127
 40
0.127
 50
90.0
 51
180.0
 73
     1
 72
     1
 10
-0.762
 20
0.127
 11
-0.762
 21
-0.127
 72
     2
 10
-0.635
 20
-0.127
 40
0.127
 50
180.0
 51
270.0
 73
     1
 72
     1
 10
-0.635
 20
-0.254
 11
-0.3809999999999999
 21
-0.254
 72
     2
 10
-0.3809999999999999
 20
-0.127
 40
0.127
 50
270.0
 51
360.0
 73
     1
 72
     1
 10
-0.2539999999999999
 20
-0.127
 11
-0.2539999999999999
 21
0.127
 97
        1
330
8F9
 75
     0
 76
     1
 98
        0
450
        0
451
        0
460
0.0
461
0.0
452
        0
462
0.0
453
        0
470

  0
LINE
  5
8FB
330
8CC
100
AcDbEntity
  8
TopOverlay
100
AcDbLine
 10
-0.1651
 20
-0.2286
 30
0.0
 11
-0.1651
 21
0.2286
 31
0.0
  0
LINE
  5
8FC
330
8CC
100
AcDbEntity
  8
TopOverlay
100
AcDbLine
 10
-0.1651
 20
0.2286
 30
0.0
 11
-0.0762
 21
0.2286
 31
0.0
  0
LINE
  5
8FD
330
8CC
100
AcDbEntity
  8
TopOverlay
100
AcDbLine
 10
-0.0762
 20
0.2286
 30
0.0
 11
-0.0762
 21
-0.2286
 31
0.0
  0
LINE
  5
8FE
330
8CC
100
AcDbEntity
  8
TopOverlay
100
AcDbLine
 10
-0.0762
 20
-0.2286
 30
0.0
 11
-0.1651
 21
-0.2286
 31
0.0
  0
LINE
  5
8FF
330
8CC
100
AcDbEntity
  8
TopOverlay
100
AcDbLine
 10
0.1651
 20
0.2286
 30
0.0
 11
0.1651
 21
-0.2286
 31
0.0
  0
LINE
  5
900
330
8CC
100
AcDbEntity
  8
TopOverlay
100
AcDbLine
 10
0.1651
 20
-0.2286
 30
0.0
 11
0.0762
 21
-0.2286
 31
0.0
  0
LINE
  5
901
330
8CC
100
AcDbEntity
  8
TopOverlay
100
AcDbLine
 10
0.0762
 20
-0.2286
 30
0.0
 11
0.0762
 21
0.2286
 31
0.0
  0
LINE
  5
902
330
8CC
100
AcDbEntity
  8
TopOverlay
100
AcDbLine
 10
0.0762
 20
0.2286
 30
0.0
 11
0.1651
 21
0.2286
 31
0.0
  0
ENDBLK
  5
8CE
330
8CC
100
AcDbEntity
  8
0
100
AcDbBlockEnd
  0
BLOCK
  5
905
330
904
100
AcDbEntity
  8
0
100
AcDbBlockBegin
  2
CAP_0402_47
 70
     0
 10
0.0
 20
0.0
 30
0.0
  3
CAP_0402_47
  1

  0
LWPOLYLINE
  5
907
330
904
100
AcDbEntity
  8
TopOverlay
100
AcDbPolyline
 90
        2
 70
     0
 43
0.0254
 10
-0.1651
 20
0.2286
 10
-0.0762
 20
0.2286
  0
LWPOLYLINE
  5
908
330
904
100
AcDbEntity
  8
TopOverlay
100
AcDbPolyline
 90
        2
 70
     1
 43
0.0127
 10
-0.17145
 20
0.2286
 42
1.0
 10
-0.15875
 20
0.2286
 42
1.0
  0
LWPOLYLINE
  5
909
330
904
100
AcDbEntity
  8
TopOverlay
100
AcDbPolyline
 90
        2
 70
     1
 43
0.0127
 10
-0.08255
 20
0.2286
 42
1.0
 10
-0.06985
 20
0.2286
 42
1.0
  0
LWPOLYLINE
  5
90A
330
904
100
AcDbEntity
  8
TopOverlay
100
AcDbPolyline
 90
        2
 70
     0
 43
0.0254
 10
-0.1651
 20
-0.2286
 10
-0.0762
 20
-0.2286
  0
LWPOLYLINE
  5
90B
330
904
100
AcDbEntity
  8
TopOverlay
100
AcDbPolyline
 90
        2
 70
     1
 43
0.0127
 10
-0.17145
 20
-0.2286
 42
1.0
 10
-0.15875
 20
-0.2286
 42
1.0
  0
LWPOLYLINE
  5
90C
330
904
100
AcDbEntity
  8
TopOverlay
100
AcDbPolyline
 90
        2
 70
     1
 43
0.0127
 10
-0.08255
 20
-0.2286
 42
1.0
 10
-0.06985
 20
-0.2286
 42
1.0
  0
LWPOLYLINE
  5
90D
330
904
100
AcDbEntity
  8
TopOverlay
100
AcDbPolyline
 90
        2
 70
     0
 43
0.0254
 10
-0.0762
 20
0.2286
 10
-0.0762
 20
-0.2286
  0
LWPOLYLINE
  5
90E
330
904
100
AcDbEntity
  8
TopOverlay
100
AcDbPolyline
 90
        2
 70
     1
 43
0.0127
 10
-0.08255
 20
0.2286
 42
1.0
 10
-0.06985
 20
0.2286
 42
1.0
  0
LWPOLYLINE
  5
90F
330
904
100
AcDbEntity
  8
TopOverlay
100
AcDbPolyline
 90
        2
 70
     1
 43
0.0127
 10
-0.08255
 20
-0.2286
 42
1.0
 10
-0.06985
 20
-0.2286
 42
1.0
  0
LWPOLYLINE
  5
910
330
904
100
AcDbEntity
  8
TopOverlay
100
AcDbPolyline
 90
        2
 70
     0
 43
0.0254
 10
-0.1651
 20
0.2286
 10
-0.1651
 20
-0.2286
  0
LWPOLYLINE
  5
911
330
904
100
AcDbEntity
  8
TopOverlay
100
AcDbPolyline
 90
        2
 70
     1
 43
0.0127
 10
-0.17145
 20
0.2286
 42
1.0
 10
-0.15875
 20
0.2286
 42
1.0
  0
LWPOLYLINE
  5
912
330
904
100
AcDbEntity
  8
TopOverlay
100
AcDbPolyline
 90
        2
 70
     1
 43
0.0127
 10
-0.17145
 20
-0.2286
 42
1.0
 10
-0.15875
 20
-0.2286
 42
1.0
  0
LWPOLYLINE
  5
913
330
904
100
AcDbEntity
  8
TopOverlay
100
AcDbPolyline
 90
        2
 70
     0
 43
0.0254
 10
0.1651
 20
0.2286
 10
0.1651
 20
-0.2286
  0
LWPOLYLINE
  5
914
330
904
100
AcDbEntity
  8
TopOverlay
100
AcDbPolyline
 90
        2
 70
     1
 43
0.0127
 10
0.15875
 20
0.2286
 42
1.0
 10
0.17145
 20
0.2286
 42
1.0
  0
LWPOLYLINE
  5
915
330
904
100
AcDbEntity
  8
TopOverlay
100
AcDbPolyline
 90
        2
 70
     1
 43
0.0127
 10
0.15875
 20
-0.2286
 42
1.0
 10
0.17145
 20
-0.2286
 42
1.0
  0
LWPOLYLINE
  5
916
330
904
100
AcDbEntity
  8
TopOverlay
100
AcDbPolyline
 90
        2
 70
     0
 43
0.0254
 10
0.0762
 20
0.2286
 10
0.0762
 20
-0.2286
  0
LWPOLYLINE
  5
917
330
904
100
AcDbEntity
  8
TopOverlay
100
AcDbPolyline
 90
        2
 70
     1
 43
0.0127
 10
0.06985
 20
0.2286
 42
1.0
 10
0.08255
 20
0.2286
 42
1.0
  0
LWPOLYLINE
  5
918
330
904
100
AcDbEntity
  8
TopOverlay
100
AcDbPolyline
 90
        2
 70
     1
 43
0.0127
 10
0.06985
 20
-0.2286
 42
1.0
 10
0.08255
 20
-0.2286
 42
1.0
  0
LWPOLYLINE
  5
919
330
904
100
AcDbEntity
  8
TopOverlay
100
AcDbPolyline
 90
        2
 70
     0
 43
0.0254
 10
0.0762
 20
0.2286
 10
0.1651
 20
0.2286
  0
LWPOLYLINE
  5
91A
330
904
100
AcDbEntity
  8
TopOverlay
100
AcDbPolyline
 90
        2
 70
     1
 43
0.0127
 10
0.06985
 20
0.2286
 42
1.0
 10
0.08255
 20
0.2286
 42
1.0
  0
LWPOLYLINE
  5
91B
330
904
100
AcDbEntity
  8
TopOverlay
100
AcDbPolyline
 90
        2
 70
     1
 43
0.0127
 10
0.15875
 20
0.2286
 42
1.0
 10
0.17145
 20
0.2286
 42
1.0
  0
LWPOLYLINE
  5
91C
330
904
100
AcDbEntity
  8
TopOverlay
100
AcDbPolyline
 90
        2
 70
     0
 43
0.0254
 10
0.0762
 20
-0.2286
 10
0.1651
 20
-0.2286
  0
LWPOLYLINE
  5
91D
330
904
100
AcDbEntity
  8
TopOverlay
100
AcDbPolyline
 90
        2
 70
     1
 43
0.0127
 10
0.06985
 20
-0.2286
 42
1.0
 10
0.08255
 20
-0.2286
 42
1.0
  0
LWPOLYLINE
  5
91E
330
904
100
AcDbEntity
  8
TopOverlay
100
AcDbPolyline
 90
        2
 70
     1
 43
0.0127
 10
0.15875
 20
-0.2286
 42
1.0
 10
0.17145
 20
-0.2286
 42
1.0
  0
REGION
  5
927
102
{ACAD_REACTORS
330
928
102
}
330
904
100
AcDbEntity
  8
TopPaste
 62
     8
100
AcDbModelerGeometry
 70
     1
  1
mnmoo kh m mi          
  1
ni ^ *+0;:,4 ^ *+0\^ [ mo ^ LR mmjqnqoqijjlj QK o  
  1
n fqfffffffffffffffjkh:roh nqooooooooooooooooli:rno 
  1
>,27:>;:- {rn rn _nl mmjqnqoqijjlj |
  1
=0;& {rn rn {rn {m {rn {rn |
  1
3*2/ {rn rn {rn {rn {l {n |
  1
,7:33 {rn rn {rn {rn {rn {k {rn {m |
  1
9><: {rn rn {rn {rn {j {l {rn {i 90-(>-; ;0*=3: 0*+ |
  1
300/ {rn rn {rn {rn {h {k |
  1
/3>1:r,*-9><: {rn rn {rn oqjogoooooooooooooohn o o o o n n o o 90-(>-;@) V V V V |
  1
<0:;8: {rn rn {rn {g {f {rn {no 90-(>-; {j {rn |
  1
<0:;8: {rn rn {rn {nn {h {rn {nm 90-(>-; {j {rn |
  1
<0:;8: {rn rn {rn {h {nl {rn {nk 90-(>-; {j {rn |
  1
:;8: {rn rn {rn {nj o {ni nqjhohfilmihfkgfijjg {h {nh 90-(>-; _h *1410(1 |
  1
<0:;8: {rn rn {rn {ng {g {rn {nf 90-(>-; {j {rn |
  1
:;8: {rn rn {rn {ni o {mo oqmjkooooooooooooojfn {g {mn 90-(>-; _h *1410(1 |
  1
<0:;8: {rn rn {rn {f {mm {rn {ml 90-(>-; {j {rn |
  1
:;8: {rn rn {rn {mk o {nj oqmjkooooooooooooooli {f {mj 90-(>-; _h *1410(1 |
  1
):-+:' {rn rn {rn {nk m {mi |
  1
):-+:' {rn rn {rn {nm m {mh |
  1
:336/,:r<*-): {rn rn {rn oqiljoooooooooooooogf oqnmhoooooooooooooong o o o n oqnmhoooooooooooooong o o n V V |
  1
<0:;8: {rn rn {rn {mg {nn {rn {mf 90-(>-; {j {rn |
  1
:;8: {rn rn {rn {mo o {lo nqjhohfilmihfkgfilli {nn {ln 90-(>-; _h *1410(1 |
  1
):-+:' {rn rn {rn {nf m {lm |
  1
,+->687+r<*-): {rn rn {rn oqiljoooooooooooooogf oqmjkooooooooooooooli o rn o o V V |
  1
<0:;8: {rn rn {rn {nl {mg {rn {ll 90-(>-; {j {rn |
  1
:;8: {rn rn {rn {lk o {mk nqjhohfilmihfkgfijjg {nl {lj 90-(>-; _h *1410(1 |
  1
):-+:' {rn rn {rn {nk m {li |
  1
,+->687+r<*-): {rn rn {rn oqhimooooooooooooonoh roqnmhoooooooooooooong o o n o V V |
  1
/061+ {rn rn {rn oqhimooooooooooooonoh oqnmhoooooooooooooong o |
  1
/061+ {rn rn {rn oqiljoooooooooooooogf oqmjkooooooooooooooli o |
  1
<0:;8: {rn rn {rn {mm {ng {rn {lh 90-(>-; {j {rn |
  1
:;8: {rn rn {rn {lo o {lg oqmjkooooooooooooooli {ng {lf 90-(>-; _h *1410(1 |
  1
):-+:' {rn rn {rn {mf m {ko |
  1
:336/,:r<*-): {rn rn {rn oqlgofffffffffffffkfg oqnmhoooooooooooooong o o o n o oqnmhoooooooooooooong o n V V |
  1
/061+ {rn rn {rn oqlgofffffffffffffkfg oqmjkooooooooooooooli o |
  1
:;8: {rn rn {rn {kn o {lk oqmjkooooooooooooojfn {mm {km 90-(>-; _h *1410(1 |
  1
):-+:' {rn rn {rn {ml m {kl |
  1
:336/,:r<*-): {rn rn {rn oqiljoooooooooooooogf roqnmhoooooooooooooong o o o n o roqnmhoooooooooooooong o n V V |
  1
/061+ {rn rn {rn oqhimooooooooooooonoh roqnmhoooooooooooooong o |
  1
:;8: {rn rn {rn {lg o {kn nqjhohfilmihfkgfihg {mg {kk 90-(>-; _h *1410(1 |
  1
):-+:' {rn rn {rn {lh m {kj |
  1
,+->687+r<*-): {rn rn {rn oqmjlfffffffffffffkg oqnmhooooooooooooomfj o o rn o V V |
  1
/061+ {rn rn {rn oqmjlfffffffffffffkg oqnmhooooooooooooomfj o |
  1
):-+:' {rn rn {rn {ll m {ki |
  1
,+->687+r<*-): {rn rn {rn oqlgofffffffffffffkfg roqmjkooooooooooooooli o n o o V V |
  1
/061+ {rn rn {rn oqiljoooooooooooooogf roqmjkooooooooooooooli o |
  1
:336/,:r<*-): {rn rn {rn oqlgofffffffffffffkfg roqnmhoooooooooooooong o o o n roqnmhoooooooooooooong mqhhjjjhjinjimgfnljn:rnh o n V V |
  1
/061+ {rn rn {rn oqmjlfffffffffffffkg roqnmifffffffffffffhk o |
  1
/061+ {rn rn {rn oqlgofffffffffffffkfg roqmjkooooooooooooooli o |
  0
HATCH
  5
928
330
904
100
AcDbEntity
  8
TopPaste
 62
     8
100
AcDbHatch
 10
0.0
 20
0.0
 30
0.0
210
0.0
220
0.0
230
1.0
  2
SOLID
 70
     1
 71
     1
 91
        1
 92
        1
 93
        8
 72
     2
 10
0.635
 20
0.127
 40
0.127
 50
0.0
 51
90.0
 73
     1
 72
     1
 10
0.635
 20
0.254
 11
0.3809999999999999
 21
0.254
 72
     2
 10
0.3809999999999999
 20
0.127
 40
0.127
 50
90.0
 51
180.0
 73
     1
 72
     1
 10
0.2539999999999999
 20
0.127
 11
0.2539999999999999
 21
-0.127
 72
     2
 10
0.3809999999999999
 20
-0.127
 40
0.127
 50
180.0
 51
270.0
 73
     1
 72
     1
 10
0.3809999999999999
 20
-0.254
 11
0.635
 21
-0.254
 72
     2
 10
0.635
 20
-0.127
 40
0.127
 50
270.0
 51
360.0
 73
     1
 72
     1
 10
0.762
 20
-0.127
 11
0.762
 21
0.127
 97
        1
330
927
 75
     0
 76
     1
 98
        0
450
        0
451
        0
460
0.0
461
0.0
452
        0
462
0.0
453
        0
470

  0
REGION
  5
931
102
{ACAD_REACTORS
330
932
102
}
330
904
100
AcDbEntity
  8
TopPaste
 62
     8
100
AcDbModelerGeometry
 70
     1
  1
mnmoo kh m mi          
  1
ni ^ *+0;:,4 ^ *+0\^ [ mo ^ LR mmjqnqoqijjlj QK o  
  1
n fqfffffffffffffffjkh:roh nqooooooooooooooooli:rno 
  1
>,27:>;:- {rn rn _nl mmjqnqoqijjlj |
  1
=0;& {rn rn {rn {m {rn {rn |
  1
3*2/ {rn rn {rn {rn {l {n |
  1
,7:33 {rn rn {rn {rn {rn {k {rn {m |
  1
9><: {rn rn {rn {rn {j {l {rn {i 90-(>-; ;0*=3: 0*+ |
  1
300/ {rn rn {rn {rn {h {k |
  1
/3>1:r,*-9><: {rn rn {rn roqjogoooooooooooooohn o o o o n n o o 90-(>-;@) V V V V |
  1
<0:;8: {rn rn {rn {g {f {rn {no 90-(>-; {j {rn |
  1
<0:;8: {rn rn {rn {nn {h {rn {nm 90-(>-; {j {rn |
  1
<0:;8: {rn rn {rn {h {nl {rn {nk 90-(>-; {j {rn |
  1
:;8: {rn rn {rn {nj o {ni nqjhohfilmihfkgfijjg {h {nh 90-(>-; _h *1410(1 |
  1
<0:;8: {rn rn {rn {ng {g {rn {nf 90-(>-; {j {rn |
  1
:;8: {rn rn {rn {ni o {mo oqmjkooooooooooooojfn {g {mn 90-(>-; _h *1410(1 |
  1
<0:;8: {rn rn {rn {f {mm {rn {ml 90-(>-; {j {rn |
  1
:;8: {rn rn {rn {mk o {nj oqmjkooooooooooooooli {f {mj 90-(>-; _h *1410(1 |
  1
):-+:' {rn rn {rn {nk m {mi |
  1
):-+:' {rn rn {rn {nm m {mh |
  1
:336/,:r<*-): {rn rn {rn roqlgofffffffffffffkfg oqnmhoooooooooooooong o o o n oqnmhoooooooooooooong o o n V V |
  1
<0:;8: {rn rn {rn {mg {nn {rn {mf 90-(>-; {j {rn |
  1
:;8: {rn rn {rn {mo o {lo nqjhohfilmihfkgfilli {nn {ln 90-(>-; _h *1410(1 |
  1
):-+:' {rn rn {rn {nf m {lm |
  1
,+->687+r<*-): {rn rn {rn roqlgofffffffffffffkfg oqmjkooooooooooooooli o rn o o V V |
  1
<0:;8: {rn rn {rn {nl {mg {rn {ll 90-(>-; {j {rn |
  1
:;8: {rn rn {rn {lk o {mk nqjhohfilmihfkgfijjg {nl {lj 90-(>-; _h *1410(1 |
  1
):-+:' {rn rn {rn {nk m {li |
  1
,+->687+r<*-): {rn rn {rn roqmjlfffffffffffffkg roqnmhoooooooooooooong o o n o V V |
  1
/061+ {rn rn {rn roqmjlfffffffffffffkg oqnmhoooooooooooooong o |
  1
/061+ {rn rn {rn roqlgofffffffffffffkfg oqmjkooooooooooooooli o |
  1
<0:;8: {rn rn {rn {mm {ng {rn {lh 90-(>-; {j {rn |
  1
:;8: {rn rn {rn {lo o {lg oqmjkooooooooooooooli {ng {lf 90-(>-; _h *1410(1 |
  1
):-+:' {rn rn {rn {mf m {ko |
  1
:336/,:r<*-): {rn rn {rn roqiljoooooooooooooogf oqnmhoooooooooooooong o o o n o oqnmhoooooooooooooong o n V V |
  1
/061+ {rn rn {rn roqiljoooooooooooooogf oqmjkooooooooooooooli o |
  1
:;8: {rn rn {rn {kn o {lk oqmjkooooooooooooojfn {mm {km 90-(>-; _h *1410(1 |
  1
):-+:' {rn rn {rn {ml m {kl |
  1
:336/,:r<*-): {rn rn {rn roqlgofffffffffffffkfg roqnmhoooooooooooooong o o o n o roqnmhoooooooooooooong o n V V |
  1
/061+ {rn rn {rn roqmjlfffffffffffffkg roqnmhoooooooooooooong o |
  1
:;8: {rn rn {rn {lg o {kn nqjhohfilmihfkgfihg {mg {kk 90-(>-; _h *1410(1 |
  1
):-+:' {rn rn {rn {lh m {kj |
  1
,+->687+r<*-): {rn rn {rn roqhimooooooooooooonoh oqnmhooooooooooooomfj o o rn o V V |
  1
/061+ {rn rn {rn roqhimooooooooooooonoh oqnmhooooooooooooomfj o |
  1
):-+:' {rn rn {rn {ll m {ki |
  1
,+->687+r<*-): {rn rn {rn roqiljoooooooooooooogf roqmjkooooooooooooooli o n o o V V |
  1
/061+ {rn rn {rn roqlgofffffffffffffkfg roqmjkooooooooooooooli o |
  1
:336/,:r<*-): {rn rn {rn roqiljoooooooooooooogf roqnmhoooooooooooooong o o o n roqnmhoooooooooooooong mqhhjjjhjinjimgfnljn:rnh o n V V |
  1
/061+ {rn rn {rn roqhimooooooooooooonoh roqnmifffffffffffffhk o |
  1
/061+ {rn rn {rn roqiljoooooooooooooogf roqmjkooooooooooooooli o |
  0
HATCH
  5
932
330
904
100
AcDbEntity
  8
TopPaste
 62
     8
100
AcDbHatch
 10
0.0
 20
0.0
 30
0.0
210
0.0
220
0.0
230
1.0
  2
SOLID
 70
     1
 71
     1
 91
        1
 92
        1
 93
        8
 72
     2
 10
-0.3809999999999999
 20
0.127
 40
0.127
 50
0.0
 51
90.0
 73
     1
 72
     1
 10
-0.3809999999999999
 20
0.254
 11
-0.635
 21
0.254
 72
     2
 10
-0.635
 20
0.127
 40
0.127
 50
90.0
 51
180.0
 73
     1
 72
     1
 10
-0.762
 20
0.127
 11
-0.762
 21
-0.127
 72
     2
 10
-0.635
 20
-0.127
 40
0.127
 50
180.0
 51
270.0
 73
     1
 72
     1
 10
-0.635
 20
-0.254
 11
-0.3809999999999999
 21
-0.254
 72
     2
 10
-0.3809999999999999
 20
-0.127
 40
0.127
 50
270.0
 51
360.0
 73
     1
 72
     1
 10
-0.2539999999999999
 20
-0.127
 11
-0.2539999999999999
 21
0.127
 97
        1
330
931
 75
     0
 76
     1
 98
        0
450
        0
451
        0
460
0.0
461
0.0
452
        0
462
0.0
453
        0
470

  0
LINE
  5
933
330
904
100
AcDbEntity
  8
TopOverlay
100
AcDbLine
 10
-0.1651
 20
-0.2286
 30
0.0
 11
-0.1651
 21
0.2286
 31
0.0
  0
LINE
  5
934
330
904
100
AcDbEntity
  8
TopOverlay
100
AcDbLine
 10
-0.1651
 20
0.2286
 30
0.0
 11
-0.0762
 21
0.2286
 31
0.0
  0
LINE
  5
935
330
904
100
AcDbEntity
  8
TopOverlay
100
AcDbLine
 10
-0.0762
 20
0.2286
 30
0.0
 11
-0.0762
 21
-0.2286
 31
0.0
  0
LINE
  5
936
330
904
100
AcDbEntity
  8
TopOverlay
100
AcDbLine
 10
-0.0762
 20
-0.2286
 30
0.0
 11
-0.1651
 21
-0.2286
 31
0.0
  0
LINE
  5
937
330
904
100
AcDbEntity
  8
TopOverlay
100
AcDbLine
 10
0.1651
 20
0.2286
 30
0.0
 11
0.1651
 21
-0.2286
 31
0.0
  0
LINE
  5
938
330
904
100
AcDbEntity
  8
TopOverlay
100
AcDbLine
 10
0.1651
 20
-0.2286
 30
0.0
 11
0.0762
 21
-0.2286
 31
0.0
  0
LINE
  5
939
330
904
100
AcDbEntity
  8
TopOverlay
100
AcDbLine
 10
0.0762
 20
-0.2286
 30
0.0
 11
0.0762
 21
0.2286
 31
0.0
  0
LINE
  5
93A
330
904
100
AcDbEntity
  8
TopOverlay
100
AcDbLine
 10
0.0762
 20
0.2286
 30
0.0
 11
0.1651
 21
0.2286
 31
0.0
  0
ENDBLK
  5
906
330
904
100
AcDbEntity
  8
0
100
AcDbBlockEnd
  0
BLOCK
  5
93D
330
93C
100
AcDbEntity
  8
0
100
AcDbBlockBegin
  2
CAP_0402_48
 70
     0
 10
0.0
 20
0.0
 30
0.0
  3
CAP_0402_48
  1

  0
LWPOLYLINE
  5
93F
330
93C
100
AcDbEntity
  8
TopOverlay
100
AcDbPolyline
 90
        2
 70
     0
 43
0.0254
 10
-0.0762
 20
0.2286
 10
-0.1651
 20
0.2286
  0
LWPOLYLINE
  5
940
330
93C
100
AcDbEntity
  8
TopOverlay
100
AcDbPolyline
 90
        2
 70
     1
 43
0.0127
 10
-0.08255
 20
0.2286
 42
1.0
 10
-0.06985
 20
0.2286
 42
1.0
  0
LWPOLYLINE
  5
941
330
93C
100
AcDbEntity
  8
TopOverlay
100
AcDbPolyline
 90
        2
 70
     1
 43
0.0127
 10
-0.17145
 20
0.2286
 42
1.0
 10
-0.15875
 20
0.2286
 42
1.0
  0
LWPOLYLINE
  5
942
330
93C
100
AcDbEntity
  8
TopOverlay
100
AcDbPolyline
 90
        2
 70
     0
 43
0.0254
 10
-0.0762
 20
-0.2286
 10
-0.1651
 20
-0.2286
  0
LWPOLYLINE
  5
943
330
93C
100
AcDbEntity
  8
TopOverlay
100
AcDbPolyline
 90
        2
 70
     1
 43
0.0127
 10
-0.08255
 20
-0.2286
 42
1.0
 10
-0.06985
 20
-0.2286
 42
1.0
  0
LWPOLYLINE
  5
944
330
93C
100
AcDbEntity
  8
TopOverlay
100
AcDbPolyline
 90
        2
 70
     1
 43
0.0127
 10
-0.17145
 20
-0.2286
 42
1.0
 10
-0.15875
 20
-0.2286
 42
1.0
  0
LWPOLYLINE
  5
945
330
93C
100
AcDbEntity
  8
TopOverlay
100
AcDbPolyline
 90
        2
 70
     0
 43
0.0254
 10
-0.0762
 20
0.2286
 10
-0.0762
 20
-0.2286
  0
LWPOLYLINE
  5
946
330
93C
100
AcDbEntity
  8
TopOverlay
100
AcDbPolyline
 90
        2
 70
     1
 43
0.0127
 10
-0.08255
 20
0.2286
 42
1.0
 10
-0.06985
 20
0.2286
 42
1.0
  0
LWPOLYLINE
  5
947
330
93C
100
AcDbEntity
  8
TopOverlay
100
AcDbPolyline
 90
        2
 70
     1
 43
0.0127
 10
-0.08255
 20
-0.2286
 42
1.0
 10
-0.06985
 20
-0.2286
 42
1.0
  0
LWPOLYLINE
  5
948
330
93C
100
AcDbEntity
  8
TopOverlay
100
AcDbPolyline
 90
        2
 70
     0
 43
0.0254
 10
-0.1651
 20
0.2286
 10
-0.1651
 20
-0.2286
  0
LWPOLYLINE
  5
949
330
93C
100
AcDbEntity
  8
TopOverlay
100
AcDbPolyline
 90
        2
 70
     1
 43
0.0127
 10
-0.17145
 20
0.2286
 42
1.0
 10
-0.15875
 20
0.2286
 42
1.0
  0
LWPOLYLINE
  5
94A
330
93C
100
AcDbEntity
  8
TopOverlay
100
AcDbPolyline
 90
        2
 70
     1
 43
0.0127
 10
-0.17145
 20
-0.2286
 42
1.0
 10
-0.15875
 20
-0.2286
 42
1.0
  0
LWPOLYLINE
  5
94B
330
93C
100
AcDbEntity
  8
TopOverlay
100
AcDbPolyline
 90
        2
 70
     0
 43
0.0254
 10
0.1651
 20
0.2286
 10
0.1651
 20
-0.2286
  0
LWPOLYLINE
  5
94C
330
93C
100
AcDbEntity
  8
TopOverlay
100
AcDbPolyline
 90
        2
 70
     1
 43
0.0127
 10
0.15875
 20
0.2286
 42
1.0
 10
0.17145
 20
0.2286
 42
1.0
  0
LWPOLYLINE
  5
94D
330
93C
100
AcDbEntity
  8
TopOverlay
100
AcDbPolyline
 90
        2
 70
     1
 43
0.0127
 10
0.15875
 20
-0.2286
 42
1.0
 10
0.17145
 20
-0.2286
 42
1.0
  0
LWPOLYLINE
  5
94E
330
93C
100
AcDbEntity
  8
TopOverlay
100
AcDbPolyline
 90
        2
 70
     0
 43
0.0254
 10
0.0762
 20
0.2286
 10
0.0762
 20
-0.2286
  0
LWPOLYLINE
  5
94F
330
93C
100
AcDbEntity
  8
TopOverlay
100
AcDbPolyline
 90
        2
 70
     1
 43
0.0127
 10
0.06985
 20
0.2286
 42
1.0
 10
0.08255
 20
0.2286
 42
1.0
  0
LWPOLYLINE
  5
950
330
93C
100
AcDbEntity
  8
TopOverlay
100
AcDbPolyline
 90
        2
 70
     1
 43
0.0127
 10
0.06985
 20
-0.2286
 42
1.0
 10
0.08255
 20
-0.2286
 42
1.0
  0
LWPOLYLINE
  5
951
330
93C
100
AcDbEntity
  8
TopOverlay
100
AcDbPolyline
 90
        2
 70
     0
 43
0.0254
 10
0.1651
 20
0.2286
 10
0.0762
 20
0.2286
  0
LWPOLYLINE
  5
952
330
93C
100
AcDbEntity
  8
TopOverlay
100
AcDbPolyline
 90
        2
 70
     1
 43
0.0127
 10
0.15875
 20
0.2286
 42
1.0
 10
0.17145
 20
0.2286
 42
1.0
  0
LWPOLYLINE
  5
953
330
93C
100
AcDbEntity
  8
TopOverlay
100
AcDbPolyline
 90
        2
 70
     1
 43
0.0127
 10
0.06985
 20
0.2286
 42
1.0
 10
0.08255
 20
0.2286
 42
1.0
  0
LWPOLYLINE
  5
954
330
93C
100
AcDbEntity
  8
TopOverlay
100
AcDbPolyline
 90
        2
 70
     0
 43
0.0254
 10
0.1651
 20
-0.2286
 10
0.0762
 20
-0.2286
  0
LWPOLYLINE
  5
955
330
93C
100
AcDbEntity
  8
TopOverlay
100
AcDbPolyline
 90
        2
 70
     1
 43
0.0127
 10
0.15875
 20
-0.2286
 42
1.0
 10
0.17145
 20
-0.2286
 42
1.0
  0
LWPOLYLINE
  5
956
330
93C
100
AcDbEntity
  8
TopOverlay
100
AcDbPolyline
 90
        2
 70
     1
 43
0.0127
 10
0.06985
 20
-0.2286
 42
1.0
 10
0.08255
 20
-0.2286
 42
1.0
  0
REGION
  5
95F
102
{ACAD_REACTORS
330
960
102
}
330
93C
100
AcDbEntity
  8
TopPaste
 62
     8
100
AcDbModelerGeometry
 70
     1
  1
mnmoo kh m mi          
  1
ni ^ *+0;:,4 ^ *+0\^ [ mo ^ LR mmjqnqoqijjlj QK o  
  1
n fqfffffffffffffffjkh:roh nqooooooooooooooooli:rno 
  1
>,27:>;:- {rn rn _nl mmjqnqoqijjlj |
  1
=0;& {rn rn {rn {m {rn {rn |
  1
3*2/ {rn rn {rn {rn {l {n |
  1
,7:33 {rn rn {rn {rn {rn {k {rn {m |
  1
9><: {rn rn {rn {rn {j {l {rn {i 90-(>-; ;0*=3: 0*+ |
  1
300/ {rn rn {rn {rn {h {k |
  1
/3>1:r,*-9><: {rn rn {rn oqjogoooooooooooooohn o o o o n n o o 90-(>-;@) V V V V |
  1
<0:;8: {rn rn {rn {g {f {rn {no 90-(>-; {j {rn |
  1
<0:;8: {rn rn {rn {nn {h {rn {nm 90-(>-; {j {rn |
  1
<0:;8: {rn rn {rn {h {nl {rn {nk 90-(>-; {j {rn |
  1
:;8: {rn rn {rn {nj o {ni nqjhohfilmihfkgfijjg {h {nh 90-(>-; _h *1410(1 |
  1
<0:;8: {rn rn {rn {ng {g {rn {nf 90-(>-; {j {rn |
  1
:;8: {rn rn {rn {ni o {mo oqmjkooooooooooooojfn {g {mn 90-(>-; _h *1410(1 |
  1
<0:;8: {rn rn {rn {f {mm {rn {ml 90-(>-; {j {rn |
  1
:;8: {rn rn {rn {mk o {nj oqmjkooooooooooooooli {f {mj 90-(>-; _h *1410(1 |
  1
):-+:' {rn rn {rn {nk m {mi |
  1
):-+:' {rn rn {rn {nm m {mh |
  1
:336/,:r<*-): {rn rn {rn oqiljoooooooooooooogf oqnmhoooooooooooooong o o o n oqnmhoooooooooooooong o o n V V |
  1
<0:;8: {rn rn {rn {mg {nn {rn {mf 90-(>-; {j {rn |
  1
:;8: {rn rn {rn {mo o {lo nqjhohfilmihfkgfilli {nn {ln 90-(>-; _h *1410(1 |
  1
):-+:' {rn rn {rn {nf m {lm |
  1
,+->687+r<*-): {rn rn {rn oqiljoooooooooooooogf oqmjkooooooooooooooli o rn o o V V |
  1
<0:;8: {rn rn {rn {nl {mg {rn {ll 90-(>-; {j {rn |
  1
:;8: {rn rn {rn {lk o {mk nqjhohfilmihfkgfijjg {nl {lj 90-(>-; _h *1410(1 |
  1
):-+:' {rn rn {rn {nk m {li |
  1
,+->687+r<*-): {rn rn {rn oqhimooooooooooooonoh roqnmhoooooooooooooong o o n o V V |
  1
/061+ {rn rn {rn oqhimooooooooooooonoh oqnmhoooooooooooooong o |
  1
/061+ {rn rn {rn oqiljoooooooooooooogf oqmjkooooooooooooooli o |
  1
<0:;8: {rn rn {rn {mm {ng {rn {lh 90-(>-; {j {rn |
  1
:;8: {rn rn {rn {lo o {lg oqmjkooooooooooooooli {ng {lf 90-(>-; _h *1410(1 |
  1
):-+:' {rn rn {rn {mf m {ko |
  1
:336/,:r<*-): {rn rn {rn oqlgofffffffffffffkfg oqnmhoooooooooooooong o o o n o oqnmhoooooooooooooong o n V V |
  1
/061+ {rn rn {rn oqlgofffffffffffffkfg oqmjkooooooooooooooli o |
  1
:;8: {rn rn {rn {kn o {lk oqmjkooooooooooooojfn {mm {km 90-(>-; _h *1410(1 |
  1
):-+:' {rn rn {rn {ml m {kl |
  1
:336/,:r<*-): {rn rn {rn oqiljoooooooooooooogf roqnmhoooooooooooooong o o o n o roqnmhoooooooooooooong o n V V |
  1
/061+ {rn rn {rn oqhimooooooooooooonoh roqnmhoooooooooooooong o |
  1
:;8: {rn rn {rn {lg o {kn nqjhohfilmihfkgfihg {mg {kk 90-(>-; _h *1410(1 |
  1
):-+:' {rn rn {rn {lh m {kj |
  1
,+->687+r<*-): {rn rn {rn oqmjlfffffffffffffkg oqnmhooooooooooooomfj o o rn o V V |
  1
/061+ {rn rn {rn oqmjlfffffffffffffkg oqnmhooooooooooooomfj o |
  1
):-+:' {rn rn {rn {ll m {ki |
  1
,+->687+r<*-): {rn rn {rn oqlgofffffffffffffkfg roqmjkooooooooooooooli o n o o V V |
  1
/061+ {rn rn {rn oqiljoooooooooooooogf roqmjkooooooooooooooli o |
  1
:336/,:r<*-): {rn rn {rn oqlgofffffffffffffkfg roqnmhoooooooooooooong o o o n roqnmhoooooooooooooong mqhhjjjhjinjimgfnljn:rnh o n V V |
  1
/061+ {rn rn {rn oqmjlfffffffffffffkg roqnmifffffffffffffhk o |
  1
/061+ {rn rn {rn oqlgofffffffffffffkfg roqmjkooooooooooooooli o |
  0
HATCH
  5
960
330
93C
100
AcDbEntity
  8
TopPaste
 62
     8
100
AcDbHatch
 10
0.0
 20
0.0
 30
0.0
210
0.0
220
0.0
230
1.0
  2
SOLID
 70
     1
 71
     1
 91
        1
 92
        1
 93
        8
 72
     2
 10
0.635
 20
0.127
 40
0.127
 50
0.0
 51
90.0
 73
     1
 72
     1
 10
0.635
 20
0.254
 11
0.3809999999999999
 21
0.254
 72
     2
 10
0.3809999999999999
 20
0.127
 40
0.127
 50
90.0
 51
180.0
 73
     1
 72
     1
 10
0.2539999999999999
 20
0.127
 11
0.2539999999999999
 21
-0.127
 72
     2
 10
0.3809999999999999
 20
-0.127
 40
0.127
 50
180.0
 51
270.0
 73
     1
 72
     1
 10
0.3809999999999999
 20
-0.254
 11
0.635
 21
-0.254
 72
     2
 10
0.635
 20
-0.127
 40
0.127
 50
270.0
 51
360.0
 73
     1
 72
     1
 10
0.762
 20
-0.127
 11
0.762
 21
0.127
 97
        1
330
95F
 75
     0
 76
     1
 98
        0
450
        0
451
        0
460
0.0
461
0.0
452
        0
462
0.0
453
        0
470

  0
REGION
  5
969
102
{ACAD_REACTORS
330
96A
102
}
330
93C
100
AcDbEntity
  8
TopPaste
 62
     8
100
AcDbModelerGeometry
 70
     1
  1
mnmoo kh m mi          
  1
ni ^ *+0;:,4 ^ *+0\^ [ mo ^ LR mmjqnqoqijjlj QK o  
  1
n fqfffffffffffffffjkh:roh nqooooooooooooooooli:rno 
  1
>,27:>;:- {rn rn _nl mmjqnqoqijjlj |
  1
=0;& {rn rn {rn {m {rn {rn |
  1
3*2/ {rn rn {rn {rn {l {n |
  1
,7:33 {rn rn {rn {rn {rn {k {rn {m |
  1
9><: {rn rn {rn {rn {j {l {rn {i 90-(>-; ;0*=3: 0*+ |
  1
300/ {rn rn {rn {rn {h {k |
  1
/3>1:r,*-9><: {rn rn {rn roqjogoooooooooooooohn o o o o n n o o 90-(>-;@) V V V V |
  1
<0:;8: {rn rn {rn {g {f {rn {no 90-(>-; {j {rn |
  1
<0:;8: {rn rn {rn {nn {h {rn {nm 90-(>-; {j {rn |
  1
<0:;8: {rn rn {rn {h {nl {rn {nk 90-(>-; {j {rn |
  1
:;8: {rn rn {rn {nj o {ni nqjhohfilmihfkgfijjg {h {nh 90-(>-; _h *1410(1 |
  1
<0:;8: {rn rn {rn {ng {g {rn {nf 90-(>-; {j {rn |
  1
:;8: {rn rn {rn {ni o {mo oqmjkooooooooooooojfn {g {mn 90-(>-; _h *1410(1 |
  1
<0:;8: {rn rn {rn {f {mm {rn {ml 90-(>-; {j {rn |
  1
:;8: {rn rn {rn {mk o {nj oqmjkooooooooooooooli {f {mj 90-(>-; _h *1410(1 |
  1
):-+:' {rn rn {rn {nk m {mi |
  1
):-+:' {rn rn {rn {nm m {mh |
  1
:336/,:r<*-): {rn rn {rn roqlgofffffffffffffkfg oqnmhoooooooooooooong o o o n oqnmhoooooooooooooong o o n V V |
  1
<0:;8: {rn rn {rn {mg {nn {rn {mf 90-(>-; {j {rn |
  1
:;8: {rn rn {rn {mo o {lo nqjhohfilmihfkgfilli {nn {ln 90-(>-; _h *1410(1 |
  1
):-+:' {rn rn {rn {nf m {lm |
  1
,+->687+r<*-): {rn rn {rn roqlgofffffffffffffkfg oqmjkooooooooooooooli o rn o o V V |
  1
<0:;8: {rn rn {rn {nl {mg {rn {ll 90-(>-; {j {rn |
  1
:;8: {rn rn {rn {lk o {mk nqjhohfilmihfkgfijjg {nl {lj 90-(>-; _h *1410(1 |
  1
):-+:' {rn rn {rn {nk m {li |
  1
,+->687+r<*-): {rn rn {rn roqmjlfffffffffffffkg roqnmhoooooooooooooong o o n o V V |
  1
/061+ {rn rn {rn roqmjlfffffffffffffkg oqnmhoooooooooooooong o |
  1
/061+ {rn rn {rn roqlgofffffffffffffkfg oqmjkooooooooooooooli o |
  1
<0:;8: {rn rn {rn {mm {ng {rn {lh 90-(>-; {j {rn |
  1
:;8: {rn rn {rn {lo o {lg oqmjkooooooooooooooli {ng {lf 90-(>-; _h *1410(1 |
  1
):-+:' {rn rn {rn {mf m {ko |
  1
:336/,:r<*-): {rn rn {rn roqiljoooooooooooooogf oqnmhoooooooooooooong o o o n o oqnmhoooooooooooooong o n V V |
  1
/061+ {rn rn {rn roqiljoooooooooooooogf oqmjkooooooooooooooli o |
  1
:;8: {rn rn {rn {kn o {lk oqmjkooooooooooooojfn {mm {km 90-(>-; _h *1410(1 |
  1
):-+:' {rn rn {rn {ml m {kl |
  1
:336/,:r<*-): {rn rn {rn roqlgofffffffffffffkfg roqnmhoooooooooooooong o o o n o roqnmhoooooooooooooong o n V V |
  1
/061+ {rn rn {rn roqmjlfffffffffffffkg roqnmhoooooooooooooong o |
  1
:;8: {rn rn {rn {lg o {kn nqjhohfilmihfkgfihg {mg {kk 90-(>-; _h *1410(1 |
  1
):-+:' {rn rn {rn {lh m {kj |
  1
,+->687+r<*-): {rn rn {rn roqhimooooooooooooonoh oqnmhooooooooooooomfj o o rn o V V |
  1
/061+ {rn rn {rn roqhimooooooooooooonoh oqnmhooooooooooooomfj o |
  1
):-+:' {rn rn {rn {ll m {ki |
  1
,+->687+r<*-): {rn rn {rn roqiljoooooooooooooogf roqmjkooooooooooooooli o n o o V V |
  1
/061+ {rn rn {rn roqlgofffffffffffffkfg roqmjkooooooooooooooli o |
  1
:336/,:r<*-): {rn rn {rn roqiljoooooooooooooogf roqnmhoooooooooooooong o o o n roqnmhoooooooooooooong mqhhjjjhjinjimgfnljn:rnh o n V V |
  1
/061+ {rn rn {rn roqhimooooooooooooonoh roqnmifffffffffffffhk o |
  1
/061+ {rn rn {rn roqiljoooooooooooooogf roqmjkooooooooooooooli o |
  0
HATCH
  5
96A
330
93C
100
AcDbEntity
  8
TopPaste
 62
     8
100
AcDbHatch
 10
0.0
 20
0.0
 30
0.0
210
0.0
220
0.0
230
1.0
  2
SOLID
 70
     1
 71
     1
 91
        1
 92
        1
 93
        8
 72
     2
 10
-0.3809999999999999
 20
0.127
 40
0.127
 50
0.0
 51
90.0
 73
     1
 72
     1
 10
-0.3809999999999999
 20
0.254
 11
-0.635
 21
0.254
 72
     2
 10
-0.635
 20
0.127
 40
0.127
 50
90.0
 51
180.0
 73
     1
 72
     1
 10
-0.762
 20
0.127
 11
-0.762
 21
-0.127
 72
     2
 10
-0.635
 20
-0.127
 40
0.127
 50
180.0
 51
270.0
 73
     1
 72
     1
 10
-0.635
 20
-0.254
 11
-0.3809999999999999
 21
-0.254
 72
     2
 10
-0.3809999999999999
 20
-0.127
 40
0.127
 50
270.0
 51
360.0
 73
     1
 72
     1
 10
-0.2539999999999999
 20
-0.127
 11
-0.2539999999999999
 21
0.127
 97
        1
330
969
 75
     0
 76
     1
 98
        0
450
        0
451
        0
460
0.0
461
0.0
452
        0
462
0.0
453
        0
470

  0
LINE
  5
96B
330
93C
100
AcDbEntity
  8
TopOverlay
100
AcDbLine
 10
-0.1651
 20
-0.2286
 30
0.0
 11
-0.1651
 21
0.2286
 31
0.0
  0
LINE
  5
96C
330
93C
100
AcDbEntity
  8
TopOverlay
100
AcDbLine
 10
-0.1651
 20
0.2286
 30
0.0
 11
-0.0762
 21
0.2286
 31
0.0
  0
LINE
  5
96D
330
93C
100
AcDbEntity
  8
TopOverlay
100
AcDbLine
 10
-0.0762
 20
0.2286
 30
0.0
 11
-0.0762
 21
-0.2286
 31
0.0
  0
LINE
  5
96E
330
93C
100
AcDbEntity
  8
TopOverlay
100
AcDbLine
 10
-0.0762
 20
-0.2286
 30
0.0
 11
-0.1651
 21
-0.2286
 31
0.0
  0
LINE
  5
96F
330
93C
100
AcDbEntity
  8
TopOverlay
100
AcDbLine
 10
0.1651
 20
0.2286
 30
0.0
 11
0.1651
 21
-0.2286
 31
0.0
  0
LINE
  5
970
330
93C
100
AcDbEntity
  8
TopOverlay
100
AcDbLine
 10
0.1651
 20
-0.2286
 30
0.0
 11
0.0762
 21
-0.2286
 31
0.0
  0
LINE
  5
971
330
93C
100
AcDbEntity
  8
TopOverlay
100
AcDbLine
 10
0.0762
 20
-0.2286
 30
0.0
 11
0.0762
 21
0.2286
 31
0.0
  0
LINE
  5
972
330
93C
100
AcDbEntity
  8
TopOverlay
100
AcDbLine
 10
0.0762
 20
0.2286
 30
0.0
 11
0.1651
 21
0.2286
 31
0.0
  0
ENDBLK
  5
93E
330
93C
100
AcDbEntity
  8
0
100
AcDbBlockEnd
  0
BLOCK
  5
975
330
974
100
AcDbEntity
  8
0
100
AcDbBlockBegin
  2
CAP_0402_49
 70
     0
 10
0.0
 20
0.0
 30
0.0
  3
CAP_0402_49
  1

  0
LWPOLYLINE
  5
977
330
974
100
AcDbEntity
  8
TopOverlay
100
AcDbPolyline
 90
        2
 70
     0
 43
0.0254
 10
-0.0762
 20
0.2286
 10
-0.1651
 20
0.2286
  0
LWPOLYLINE
  5
978
330
974
100
AcDbEntity
  8
TopOverlay
100
AcDbPolyline
 90
        2
 70
     1
 43
0.0127
 10
-0.08255
 20
0.2286
 42
1.0
 10
-0.06985
 20
0.2286
 42
1.0
  0
LWPOLYLINE
  5
979
330
974
100
AcDbEntity
  8
TopOverlay
100
AcDbPolyline
 90
        2
 70
     1
 43
0.0127
 10
-0.17145
 20
0.2286
 42
1.0
 10
-0.15875
 20
0.2286
 42
1.0
  0
LWPOLYLINE
  5
97A
330
974
100
AcDbEntity
  8
TopOverlay
100
AcDbPolyline
 90
        2
 70
     0
 43
0.0254
 10
-0.0762
 20
-0.2286
 10
-0.1651
 20
-0.2286
  0
LWPOLYLINE
  5
97B
330
974
100
AcDbEntity
  8
TopOverlay
100
AcDbPolyline
 90
        2
 70
     1
 43
0.0127
 10
-0.08255
 20
-0.2286
 42
1.0
 10
-0.06985
 20
-0.2286
 42
1.0
  0
LWPOLYLINE
  5
97C
330
974
100
AcDbEntity
  8
TopOverlay
100
AcDbPolyline
 90
        2
 70
     1
 43
0.0127
 10
-0.17145
 20
-0.2286
 42
1.0
 10
-0.15875
 20
-0.2286
 42
1.0
  0
LWPOLYLINE
  5
97D
330
974
100
AcDbEntity
  8
TopOverlay
100
AcDbPolyline
 90
        2
 70
     0
 43
0.0254
 10
-0.0762
 20
0.2286
 10
-0.0762
 20
-0.2286
  0
LWPOLYLINE
  5
97E
330
974
100
AcDbEntity
  8
TopOverlay
100
AcDbPolyline
 90
        2
 70
     1
 43
0.0127
 10
-0.08255
 20
0.2286
 42
1.0
 10
-0.06985
 20
0.2286
 42
1.0
  0
LWPOLYLINE
  5
97F
330
974
100
AcDbEntity
  8
TopOverlay
100
AcDbPolyline
 90
        2
 70
     1
 43
0.0127
 10
-0.08255
 20
-0.2286
 42
1.0
 10
-0.06985
 20
-0.2286
 42
1.0
  0
LWPOLYLINE
  5
980
330
974
100
AcDbEntity
  8
TopOverlay
100
AcDbPolyline
 90
        2
 70
     0
 43
0.0254
 10
-0.1651
 20
0.2286
 10
-0.1651
 20
-0.2286
  0
LWPOLYLINE
  5
981
330
974
100
AcDbEntity
  8
TopOverlay
100
AcDbPolyline
 90
        2
 70
     1
 43
0.0127
 10
-0.17145
 20
0.2286
 42
1.0
 10
-0.15875
 20
0.2286
 42
1.0
  0
LWPOLYLINE
  5
982
330
974
100
AcDbEntity
  8
TopOverlay
100
AcDbPolyline
 90
        2
 70
     1
 43
0.0127
 10
-0.17145
 20
-0.2286
 42
1.0
 10
-0.15875
 20
-0.2286
 42
1.0
  0
LWPOLYLINE
  5
983
330
974
100
AcDbEntity
  8
TopOverlay
100
AcDbPolyline
 90
        2
 70
     0
 43
0.0254
 10
0.1651
 20
0.2286
 10
0.1651
 20
-0.2286
  0
LWPOLYLINE
  5
984
330
974
100
AcDbEntity
  8
TopOverlay
100
AcDbPolyline
 90
        2
 70
     1
 43
0.0127
 10
0.15875
 20
0.2286
 42
1.0
 10
0.17145
 20
0.2286
 42
1.0
  0
LWPOLYLINE
  5
985
330
974
100
AcDbEntity
  8
TopOverlay
100
AcDbPolyline
 90
        2
 70
     1
 43
0.0127
 10
0.15875
 20
-0.2286
 42
1.0
 10
0.17145
 20
-0.2286
 42
1.0
  0
LWPOLYLINE
  5
986
330
974
100
AcDbEntity
  8
TopOverlay
100
AcDbPolyline
 90
        2
 70
     0
 43
0.0254
 10
0.0762
 20
0.2286
 10
0.0762
 20
-0.2286
  0
LWPOLYLINE
  5
987
330
974
100
AcDbEntity
  8
TopOverlay
100
AcDbPolyline
 90
        2
 70
     1
 43
0.0127
 10
0.06985
 20
0.2286
 42
1.0
 10
0.08255
 20
0.2286
 42
1.0
  0
LWPOLYLINE
  5
988
330
974
100
AcDbEntity
  8
TopOverlay
100
AcDbPolyline
 90
        2
 70
     1
 43
0.0127
 10
0.06985
 20
-0.2286
 42
1.0
 10
0.08255
 20
-0.2286
 42
1.0
  0
LWPOLYLINE
  5
989
330
974
100
AcDbEntity
  8
TopOverlay
100
AcDbPolyline
 90
        2
 70
     0
 43
0.0254
 10
0.1651
 20
0.2286
 10
0.0762
 20
0.2286
  0
LWPOLYLINE
  5
98A
330
974
100
AcDbEntity
  8
TopOverlay
100
AcDbPolyline
 90
        2
 70
     1
 43
0.0127
 10
0.15875
 20
0.2286
 42
1.0
 10
0.17145
 20
0.2286
 42
1.0
  0
LWPOLYLINE
  5
98B
330
974
100
AcDbEntity
  8
TopOverlay
100
AcDbPolyline
 90
        2
 70
     1
 43
0.0127
 10
0.06985
 20
0.2286
 42
1.0
 10
0.08255
 20
0.2286
 42
1.0
  0
LWPOLYLINE
  5
98C
330
974
100
AcDbEntity
  8
TopOverlay
100
AcDbPolyline
 90
        2
 70
     0
 43
0.0254
 10
0.1651
 20
-0.2286
 10
0.0762
 20
-0.2286
  0
LWPOLYLINE
  5
98D
330
974
100
AcDbEntity
  8
TopOverlay
100
AcDbPolyline
 90
        2
 70
     1
 43
0.0127
 10
0.15875
 20
-0.2286
 42
1.0
 10
0.17145
 20
-0.2286
 42
1.0
  0
LWPOLYLINE
  5
98E
330
974
100
AcDbEntity
  8
TopOverlay
100
AcDbPolyline
 90
        2
 70
     1
 43
0.0127
 10
0.06985
 20
-0.2286
 42
1.0
 10
0.08255
 20
-0.2286
 42
1.0
  0
REGION
  5
997
102
{ACAD_REACTORS
330
998
102
}
330
974
100
AcDbEntity
  8
TopPaste
 62
     8
100
AcDbModelerGeometry
 70
     1
  1
mnmoo kh m mi          
  1
ni ^ *+0;:,4 ^ *+0\^ [ mo ^ LR mmjqnqoqijjlj QK o  
  1
n fqfffffffffffffffjkh:roh nqooooooooooooooooli:rno 
  1
>,27:>;:- {rn rn _nl mmjqnqoqijjlj |
  1
=0;& {rn rn {rn {m {rn {rn |
  1
3*2/ {rn rn {rn {rn {l {n |
  1
,7:33 {rn rn {rn {rn {rn {k {rn {m |
  1
9><: {rn rn {rn {rn {j {l {rn {i 90-(>-; ;0*=3: 0*+ |
  1
300/ {rn rn {rn {rn {h {k |
  1
/3>1:r,*-9><: {rn rn {rn oqjogoooooooooooooohn o o o o n n o o 90-(>-;@) V V V V |
  1
<0:;8: {rn rn {rn {g {f {rn {no 90-(>-; {j {rn |
  1
<0:;8: {rn rn {rn {nn {h {rn {nm 90-(>-; {j {rn |
  1
<0:;8: {rn rn {rn {h {nl {rn {nk 90-(>-; {j {rn |
  1
:;8: {rn rn {rn {nj o {ni nqjhohfilmihfkgfijjg {h {nh 90-(>-; _h *1410(1 |
  1
<0:;8: {rn rn {rn {ng {g {rn {nf 90-(>-; {j {rn |
  1
:;8: {rn rn {rn {ni o {mo oqmjkooooooooooooojfn {g {mn 90-(>-; _h *1410(1 |
  1
<0:;8: {rn rn {rn {f {mm {rn {ml 90-(>-; {j {rn |
  1
:;8: {rn rn {rn {mk o {nj oqmjkooooooooooooooli {f {mj 90-(>-; _h *1410(1 |
  1
):-+:' {rn rn {rn {nk m {mi |
  1
):-+:' {rn rn {rn {nm m {mh |
  1
:336/,:r<*-): {rn rn {rn oqiljoooooooooooooogf oqnmhoooooooooooooong o o o n oqnmhoooooooooooooong o o n V V |
  1
<0:;8: {rn rn {rn {mg {nn {rn {mf 90-(>-; {j {rn |
  1
:;8: {rn rn {rn {mo o {lo nqjhohfilmihfkgfilli {nn {ln 90-(>-; _h *1410(1 |
  1
):-+:' {rn rn {rn {nf m {lm |
  1
,+->687+r<*-): {rn rn {rn oqiljoooooooooooooogf oqmjkooooooooooooooli o rn o o V V |
  1
<0:;8: {rn rn {rn {nl {mg {rn {ll 90-(>-; {j {rn |
  1
:;8: {rn rn {rn {lk o {mk nqjhohfilmihfkgfijjg {nl {lj 90-(>-; _h *1410(1 |
  1
):-+:' {rn rn {rn {nk m {li |
  1
,+->687+r<*-): {rn rn {rn oqhimooooooooooooonoh roqnmhoooooooooooooong o o n o V V |
  1
/061+ {rn rn {rn oqhimooooooooooooonoh oqnmhoooooooooooooong o |
  1
/061+ {rn rn {rn oqiljoooooooooooooogf oqmjkooooooooooooooli o |
  1
<0:;8: {rn rn {rn {mm {ng {rn {lh 90-(>-; {j {rn |
  1
:;8: {rn rn {rn {lo o {lg oqmjkooooooooooooooli {ng {lf 90-(>-; _h *1410(1 |
  1
):-+:' {rn rn {rn {mf m {ko |
  1
:336/,:r<*-): {rn rn {rn oqlgofffffffffffffkfg oqnmhoooooooooooooong o o o n o oqnmhoooooooooooooong o n V V |
  1
/061+ {rn rn {rn oqlgofffffffffffffkfg oqmjkooooooooooooooli o |
  1
:;8: {rn rn {rn {kn o {lk oqmjkooooooooooooojfn {mm {km 90-(>-; _h *1410(1 |
  1
):-+:' {rn rn {rn {ml m {kl |
  1
:336/,:r<*-): {rn rn {rn oqiljoooooooooooooogf roqnmhoooooooooooooong o o o n o roqnmhoooooooooooooong o n V V |
  1
/061+ {rn rn {rn oqhimooooooooooooonoh roqnmhoooooooooooooong o |
  1
:;8: {rn rn {rn {lg o {kn nqjhohfilmihfkgfihg {mg {kk 90-(>-; _h *1410(1 |
  1
):-+:' {rn rn {rn {lh m {kj |
  1
,+->687+r<*-): {rn rn {rn oqmjlfffffffffffffkg oqnmhooooooooooooomfj o o rn o V V |
  1
/061+ {rn rn {rn oqmjlfffffffffffffkg oqnmhooooooooooooomfj o |
  1
):-+:' {rn rn {rn {ll m {ki |
  1
,+->687+r<*-): {rn rn {rn oqlgofffffffffffffkfg roqmjkooooooooooooooli o n o o V V |
  1
/061+ {rn rn {rn oqiljoooooooooooooogf roqmjkooooooooooooooli o |
  1
:336/,:r<*-): {rn rn {rn oqlgofffffffffffffkfg roqnmhoooooooooooooong o o o n roqnmhoooooooooooooong mqhhjjjhjinjimgfnljn:rnh o n V V |
  1
/061+ {rn rn {rn oqmjlfffffffffffffkg roqnmifffffffffffffhk o |
  1
/061+ {rn rn {rn oqlgofffffffffffffkfg roqmjkooooooooooooooli o |
  0
HATCH
  5
998
330
974
100
AcDbEntity
  8
TopPaste
 62
     8
100
AcDbHatch
 10
0.0
 20
0.0
 30
0.0
210
0.0
220
0.0
230
1.0
  2
SOLID
 70
     1
 71
     1
 91
        1
 92
        1
 93
        8
 72
     2
 10
0.635
 20
0.127
 40
0.127
 50
0.0
 51
90.0
 73
     1
 72
     1
 10
0.635
 20
0.254
 11
0.3809999999999999
 21
0.254
 72
     2
 10
0.3809999999999999
 20
0.127
 40
0.127
 50
90.0
 51
180.0
 73
     1
 72
     1
 10
0.2539999999999999
 20
0.127
 11
0.2539999999999999
 21
-0.127
 72
     2
 10
0.3809999999999999
 20
-0.127
 40
0.127
 50
180.0
 51
270.0
 73
     1
 72
     1
 10
0.3809999999999999
 20
-0.254
 11
0.635
 21
-0.254
 72
     2
 10
0.635
 20
-0.127
 40
0.127
 50
270.0
 51
360.0
 73
     1
 72
     1
 10
0.762
 20
-0.127
 11
0.762
 21
0.127
 97
        1
330
997
 75
     0
 76
     1
 98
        0
450
        0
451
        0
460
0.0
461
0.0
452
        0
462
0.0
453
        0
470

  0
REGION
  5
9A1
102
{ACAD_REACTORS
330
9A2
102
}
330
974
100
AcDbEntity
  8
TopPaste
 62
     8
100
AcDbModelerGeometry
 70
     1
  1
mnmoo kh m mi          
  1
ni ^ *+0;:,4 ^ *+0\^ [ mo ^ LR mmjqnqoqijjlj QK o  
  1
n fqfffffffffffffffjkh:roh nqooooooooooooooooli:rno 
  1
>,27:>;:- {rn rn _nl mmjqnqoqijjlj |
  1
=0;& {rn rn {rn {m {rn {rn |
  1
3*2/ {rn rn {rn {rn {l {n |
  1
,7:33 {rn rn {rn {rn {rn {k {rn {m |
  1
9><: {rn rn {rn {rn {j {l {rn {i 90-(>-; ;0*=3: 0*+ |
  1
300/ {rn rn {rn {rn {h {k |
  1
/3>1:r,*-9><: {rn rn {rn roqjogoooooooooooooohn o o o o n n o o 90-(>-;@) V V V V |
  1
<0:;8: {rn rn {rn {g {f {rn {no 90-(>-; {j {rn |
  1
<0:;8: {rn rn {rn {nn {h {rn {nm 90-(>-; {j {rn |
  1
<0:;8: {rn rn {rn {h {nl {rn {nk 90-(>-; {j {rn |
  1
:;8: {rn rn {rn {nj o {ni nqjhohfilmihfkgfijjg {h {nh 90-(>-; _h *1410(1 |
  1
<0:;8: {rn rn {rn {ng {g {rn {nf 90-(>-; {j {rn |
  1
:;8: {rn rn {rn {ni o {mo oqmjkooooooooooooojfn {g {mn 90-(>-; _h *1410(1 |
  1
<0:;8: {rn rn {rn {f {mm {rn {ml 90-(>-; {j {rn |
  1
:;8: {rn rn {rn {mk o {nj oqmjkooooooooooooooli {f {mj 90-(>-; _h *1410(1 |
  1
):-+:' {rn rn {rn {nk m {mi |
  1
):-+:' {rn rn {rn {nm m {mh |
  1
:336/,:r<*-): {rn rn {rn roqlgofffffffffffffkfg oqnmhoooooooooooooong o o o n oqnmhoooooooooooooong o o n V V |
  1
<0:;8: {rn rn {rn {mg {nn {rn {mf 90-(>-; {j {rn |
  1
:;8: {rn rn {rn {mo o {lo nqjhohfilmihfkgfilli {nn {ln 90-(>-; _h *1410(1 |
  1
):-+:' {rn rn {rn {nf m {lm |
  1
,+->687+r<*-): {rn rn {rn roqlgofffffffffffffkfg oqmjkooooooooooooooli o rn o o V V |
  1
<0:;8: {rn rn {rn {nl {mg {rn {ll 90-(>-; {j {rn |
  1
:;8: {rn rn {rn {lk o {mk nqjhohfilmihfkgfijjg {nl {lj 90-(>-; _h *1410(1 |
  1
):-+:' {rn rn {rn {nk m {li |
  1
,+->687+r<*-): {rn rn {rn roqmjlfffffffffffffkg roqnmhoooooooooooooong o o n o V V |
  1
/061+ {rn rn {rn roqmjlfffffffffffffkg oqnmhoooooooooooooong o |
  1
/061+ {rn rn {rn roqlgofffffffffffffkfg oqmjkooooooooooooooli o |
  1
<0:;8: {rn rn {rn {mm {ng {rn {lh 90-(>-; {j {rn |
  1
:;8: {rn rn {rn {lo o {lg oqmjkooooooooooooooli {ng {lf 90-(>-; _h *1410(1 |
  1
):-+:' {rn rn {rn {mf m {ko |
  1
:336/,:r<*-): {rn rn {rn roqiljoooooooooooooogf oqnmhoooooooooooooong o o o n o oqnmhoooooooooooooong o n V V |
  1
/061+ {rn rn {rn roqiljoooooooooooooogf oqmjkooooooooooooooli o |
  1
:;8: {rn rn {rn {kn o {lk oqmjkooooooooooooojfn {mm {km 90-(>-; _h *1410(1 |
  1
):-+:' {rn rn {rn {ml m {kl |
  1
:336/,:r<*-): {rn rn {rn roqlgofffffffffffffkfg roqnmhoooooooooooooong o o o n o roqnmhoooooooooooooong o n V V |
  1
/061+ {rn rn {rn roqmjlfffffffffffffkg roqnmhoooooooooooooong o |
  1
:;8: {rn rn {rn {lg o {kn nqjhohfilmihfkgfihg {mg {kk 90-(>-; _h *1410(1 |
  1
):-+:' {rn rn {rn {lh m {kj |
  1
,+->687+r<*-): {rn rn {rn roqhimooooooooooooonoh oqnmhooooooooooooomfj o o rn o V V |
  1
/061+ {rn rn {rn roqhimooooooooooooonoh oqnmhooooooooooooomfj o |
  1
):-+:' {rn rn {rn {ll m {ki |
  1
,+->687+r<*-): {rn rn {rn roqiljoooooooooooooogf roqmjkooooooooooooooli o n o o V V |
  1
/061+ {rn rn {rn roqlgofffffffffffffkfg roqmjkooooooooooooooli o |
  1
:336/,:r<*-): {rn rn {rn roqiljoooooooooooooogf roqnmhoooooooooooooong o o o n roqnmhoooooooooooooong mqhhjjjhjinjimgfnljn:rnh o n V V |
  1
/061+ {rn rn {rn roqhimooooooooooooonoh roqnmifffffffffffffhk o |
  1
/061+ {rn rn {rn roqiljoooooooooooooogf roqmjkooooooooooooooli o |
  0
HATCH
  5
9A2
330
974
100
AcDbEntity
  8
TopPaste
 62
     8
100
AcDbHatch
 10
0.0
 20
0.0
 30
0.0
210
0.0
220
0.0
230
1.0
  2
SOLID
 70
     1
 71
     1
 91
        1
 92
        1
 93
        8
 72
     2
 10
-0.3809999999999999
 20
0.127
 40
0.127
 50
0.0
 51
90.0
 73
     1
 72
     1
 10
-0.3809999999999999
 20
0.254
 11
-0.635
 21
0.254
 72
     2
 10
-0.635
 20
0.127
 40
0.127
 50
90.0
 51
180.0
 73
     1
 72
     1
 10
-0.762
 20
0.127
 11
-0.762
 21
-0.127
 72
     2
 10
-0.635
 20
-0.127
 40
0.127
 50
180.0
 51
270.0
 73
     1
 72
     1
 10
-0.635
 20
-0.254
 11
-0.3809999999999999
 21
-0.254
 72
     2
 10
-0.3809999999999999
 20
-0.127
 40
0.127
 50
270.0
 51
360.0
 73
     1
 72
     1
 10
-0.2539999999999999
 20
-0.127
 11
-0.2539999999999999
 21
0.127
 97
        1
330
9A1
 75
     0
 76
     1
 98
        0
450
        0
451
        0
460
0.0
461
0.0
452
        0
462
0.0
453
        0
470

  0
LINE
  5
9A3
330
974
100
AcDbEntity
  8
TopOverlay
100
AcDbLine
 10
-0.1651
 20
-0.2286
 30
0.0
 11
-0.1651
 21
0.2286
 31
0.0
  0
LINE
  5
9A4
330
974
100
AcDbEntity
  8
TopOverlay
100
AcDbLine
 10
-0.1651
 20
0.2286
 30
0.0
 11
-0.0762
 21
0.2286
 31
0.0
  0
LINE
  5
9A5
330
974
100
AcDbEntity
  8
TopOverlay
100
AcDbLine
 10
-0.0762
 20
0.2286
 30
0.0
 11
-0.0762
 21
-0.2286
 31
0.0
  0
LINE
  5
9A6
330
974
100
AcDbEntity
  8
TopOverlay
100
AcDbLine
 10
-0.0762
 20
-0.2286
 30
0.0
 11
-0.1651
 21
-0.2286
 31
0.0
  0
LINE
  5
9A7
330
974
100
AcDbEntity
  8
TopOverlay
100
AcDbLine
 10
0.1651
 20
0.2286
 30
0.0
 11
0.1651
 21
-0.2286
 31
0.0
  0
LINE
  5
9A8
330
974
100
AcDbEntity
  8
TopOverlay
100
AcDbLine
 10
0.1651
 20
-0.2286
 30
0.0
 11
0.0762
 21
-0.2286
 31
0.0
  0
LINE
  5
9A9
330
974
100
AcDbEntity
  8
TopOverlay
100
AcDbLine
 10
0.0762
 20
-0.2286
 30
0.0
 11
0.0762
 21
0.2286
 31
0.0
  0
LINE
  5
9AA
330
974
100
AcDbEntity
  8
TopOverlay
100
AcDbLine
 10
0.0762
 20
0.2286
 30
0.0
 11
0.1651
 21
0.2286
 31
0.0
  0
ENDBLK
  5
976
330
974
100
AcDbEntity
  8
0
100
AcDbBlockEnd
  0
BLOCK
  5
9AD
330
9AC
100
AcDbEntity
  8
0
100
AcDbBlockBegin
  2
CAP_0603_50
 70
     0
 10
0.0
 20
0.0
 30
0.0
  3
CAP_0603_50
  1

  0
LWPOLYLINE
  5
9AF
330
9AC
100
AcDbEntity
  8
TopOverlay
100
AcDbPolyline
 90
        2
 70
     0
 43
0.0254
 10
0.21073364
 20
-0.26067004
 10
0.21073364
 20
0.25333198
  0
LWPOLYLINE
  5
9B0
330
9AC
100
AcDbEntity
  8
TopOverlay
100
AcDbPolyline
 90
        2
 70
     1
 43
0.0127
 10
0.20438364
 20
-0.26067004
 42
1.0
 10
0.21708364
 20
-0.26067004
 42
1.0
  0
LWPOLYLINE
  5
9B1
330
9AC
100
AcDbEntity
  8
TopOverlay
100
AcDbPolyline
 90
        2
 70
     1
 43
0.0127
 10
0.20438364
 20
0.25333198
 42
1.0
 10
0.21708364
 20
0.25333198
 42
1.0
  0
LWPOLYLINE
  5
9B2
330
9AC
100
AcDbEntity
  8
TopOverlay
100
AcDbPolyline
 90
        2
 70
     0
 43
0.0254
 10
0.12183364
 20
0.25333198
 10
0.21073364
 20
0.25333198
  0
LWPOLYLINE
  5
9B3
330
9AC
100
AcDbEntity
  8
TopOverlay
100
AcDbPolyline
 90
        2
 70
     1
 43
0.0127
 10
0.11548364
 20
0.25333198
 42
1.0
 10
0.12818364
 20
0.25333198
 42
1.0
  0
LWPOLYLINE
  5
9B4
330
9AC
100
AcDbEntity
  8
TopOverlay
100
AcDbPolyline
 90
        2
 70
     1
 43
0.0127
 10
0.20438364
 20
0.25333198
 42
1.0
 10
0.21708364
 20
0.25333198
 42
1.0
  0
LWPOLYLINE
  5
9B5
330
9AC
100
AcDbEntity
  8
TopOverlay
100
AcDbPolyline
 90
        2
 70
     0
 43
0.0254
 10
0.12183364
 20
-0.26067004
 10
0.12183364
 20
0.25333198
  0
LWPOLYLINE
  5
9B6
330
9AC
100
AcDbEntity
  8
TopOverlay
100
AcDbPolyline
 90
        2
 70
     1
 43
0.0127
 10
0.11548364
 20
-0.26067004
 42
1.0
 10
0.12818364
 20
-0.26067004
 42
1.0
  0
LWPOLYLINE
  5
9B7
330
9AC
100
AcDbEntity
  8
TopOverlay
100
AcDbPolyline
 90
        2
 70
     1
 43
0.0127
 10
0.11548364
 20
0.25333198
 42
1.0
 10
0.12818364
 20
0.25333198
 42
1.0
  0
LWPOLYLINE
  5
9B8
330
9AC
100
AcDbEntity
  8
TopOverlay
100
AcDbPolyline
 90
        2
 70
     0
 43
0.0254
 10
0.12183364
 20
-0.26067004
 10
0.21073364
 20
-0.26067004
  0
LWPOLYLINE
  5
9B9
330
9AC
100
AcDbEntity
  8
TopOverlay
100
AcDbPolyline
 90
        2
 70
     1
 43
0.0127
 10
0.11548364
 20
-0.26067004
 42
1.0
 10
0.12818364
 20
-0.26067004
 42
1.0
  0
LWPOLYLINE
  5
9BA
330
9AC
100
AcDbEntity
  8
TopOverlay
100
AcDbPolyline
 90
        2
 70
     1
 43
0.0127
 10
0.20438364
 20
-0.26067004
 42
1.0
 10
0.21708364
 20
-0.26067004
 42
1.0
  0
LWPOLYLINE
  5
9BB
330
9AC
100
AcDbEntity
  8
TopOverlay
100
AcDbPolyline
 90
        2
 70
     0
 43
0.0254
 10
-0.22106636
 20
-0.26067004
 10
-0.13216636
 20
-0.26067004
  0
LWPOLYLINE
  5
9BC
330
9AC
100
AcDbEntity
  8
TopOverlay
100
AcDbPolyline
 90
        2
 70
     1
 43
0.0127
 10
-0.22741636
 20
-0.26067004
 42
1.0
 10
-0.21471636
 20
-0.26067004
 42
1.0
  0
LWPOLYLINE
  5
9BD
330
9AC
100
AcDbEntity
  8
TopOverlay
100
AcDbPolyline
 90
        2
 70
     1
 43
0.0127
 10
-0.13851636
 20
-0.26067004
 42
1.0
 10
-0.12581636
 20
-0.26067004
 42
1.0
  0
LWPOLYLINE
  5
9BE
330
9AC
100
AcDbEntity
  8
TopOverlay
100
AcDbPolyline
 90
        2
 70
     0
 43
0.0254
 10
-0.13216636
 20
-0.26067004
 10
-0.13216636
 20
0.25333198
  0
LWPOLYLINE
  5
9BF
330
9AC
100
AcDbEntity
  8
TopOverlay
100
AcDbPolyline
 90
        2
 70
     1
 43
0.0127
 10
-0.13851636
 20
-0.26067004
 42
1.0
 10
-0.12581636
 20
-0.26067004
 42
1.0
  0
LWPOLYLINE
  5
9C0
330
9AC
100
AcDbEntity
  8
TopOverlay
100
AcDbPolyline
 90
        2
 70
     1
 43
0.0127
 10
-0.13851636
 20
0.25333198
 42
1.0
 10
-0.12581636
 20
0.25333198
 42
1.0
  0
LWPOLYLINE
  5
9C1
330
9AC
100
AcDbEntity
  8
TopOverlay
100
AcDbPolyline
 90
        2
 70
     0
 43
0.0254
 10
-0.22106636
 20
0.25333198
 10
-0.13216636
 20
0.25333198
  0
LWPOLYLINE
  5
9C2
330
9AC
100
AcDbEntity
  8
TopOverlay
100
AcDbPolyline
 90
        2
 70
     1
 43
0.0127
 10
-0.22741636
 20
0.25333198
 42
1.0
 10
-0.21471636
 20
0.25333198
 42
1.0
  0
LWPOLYLINE
  5
9C3
330
9AC
100
AcDbEntity
  8
TopOverlay
100
AcDbPolyline
 90
        2
 70
     1
 43
0.0127
 10
-0.13851636
 20
0.25333198
 42
1.0
 10
-0.12581636
 20
0.25333198
 42
1.0
  0
LWPOLYLINE
  5
9C4
330
9AC
100
AcDbEntity
  8
TopOverlay
100
AcDbPolyline
 90
        2
 70
     0
 43
0.0254
 10
-0.22106636
 20
-0.26067004
 10
-0.22106636
 20
0.25333198
  0
LWPOLYLINE
  5
9C5
330
9AC
100
AcDbEntity
  8
TopOverlay
100
AcDbPolyline
 90
        2
 70
     1
 43
0.0127
 10
-0.22741636
 20
-0.26067004
 42
1.0
 10
-0.21471636
 20
-0.26067004
 42
1.0
  0
LWPOLYLINE
  5
9C6
330
9AC
100
AcDbEntity
  8
TopOverlay
100
AcDbPolyline
 90
        2
 70
     1
 43
0.0127
 10
-0.22741636
 20
0.25333198
 42
1.0
 10
-0.21471636
 20
0.25333198
 42
1.0
  0
REGION
  5
9CF
102
{ACAD_REACTORS
330
9D0
102
}
330
9AC
100
AcDbEntity
  8
TopPaste
 62
     8
100
AcDbModelerGeometry
 70
     1
  1
mnmoo kh m mi          
  1
ni ^ *+0;:,4 ^ *+0\^ [ mo ^ LR mmjqnqoqijjlj QK o  
  1
n fqfffffffffffffffjkh:roh nqooooooooooooooooli:rno 
  1
>,27:>;:- {rn rn _nl mmjqnqoqijjlj |
  1
=0;& {rn rn {rn {m {rn {rn |
  1
3*2/ {rn rn {rn {rn {l {n |
  1
,7:33 {rn rn {rn {rn {rn {k {rn {m |
  1
9><: {rn rn {rn {rn {j {l {rn {i 90-(>-; ;0*=3: 0*+ |
  1
300/ {rn rn {rn {rn {h {k |
  1
/3>1:r,*-9><: {rn rn {rn oqiooooooifffffffggjk mqjlfffffffffjlmlhhi:roi o o o n n o o 90-(>-;@) V V V V |
  1
<0:;8: {rn rn {rn {g {f {rn {no 90-(>-; {j {rn |
  1
<0:;8: {rn rn {rn {nn {h {rn {nm 90-(>-; {j {rn |
  1
<0:;8: {rn rn {rn {h {nl {rn {nk 90-(>-; {j {rn |
  1
:;8: {rn rn {rn {nj o {ni nqjhohfilmihfkgfijjg {h {nh 90-(>-; _h *1410(1 |
  1
<0:;8: {rn rn {rn {ng {g {rn {nf 90-(>-; {j {rn |
  1
:;8: {rn rn {rn {ni o {mo oqjoooonjlffffffffiii {g {mn 90-(>-; _h *1410(1 |
  1
<0:;8: {rn rn {rn {f {mm {rn {ml 90-(>-; {j {rn |
  1
:;8: {rn rn {rn {mk o {nj oqkoooonhlfffffffffkj {f {mj 90-(>-; _h *1410(1 |
  1
):-+:' {rn rn {rn {nk m {mi |
  1
):-+:' {rn rn {rn {nm m {mh |
  1
:336/,:r<*-): {rn rn {rn oqiooooooifffffffggjk oqmjooolloffffffffhgi o o o n o oqnfffffjfffffffffffi o n V V |
  1
<0:;8: {rn rn {rn {mg {nn {rn {mf 90-(>-; {j {rn |
  1
:;8: {rn rn {rn {mo rnqfmjflhikgnlonmkigm:rlm {lo nqjhohfilmihfkgfihg {nn {ln 90-(>-; _h *1410(1 |
  1
):-+:' {rn rn {rn {nf m {lm |
  1
,+->687+r<*-): {rn rn {rn oqkoooookifffffffggjg oqmjooolloffffffffhgi o o rn o V V |
  1
<0:;8: {rn rn {rn {nl {mg {rn {ll 90-(>-; {j {rn |
  1
:;8: {rn rn {rn {lk o {mk nqjhohfilmihfkgfijjg {nl {lj 90-(>-; _h *1410(1 |
  1
):-+:' {rn rn {rn {nk m {li |
  1
,+->687+r<*-): {rn rn {rn nqooooongofffffffgg oqkjooomfoffffffffhgm o rn o o V V |
  1
/061+ {rn rn {rn oqiooooooifffffffggjk oqkjooomfoffffffffhgm o |
  1
/061+ {rn rn {rn oqkoooookifffffffggjg oqmjooolloffffffffhgi o |
  1
<0:;8: {rn rn {rn {mm {ng {rn {lh 90-(>-; {j {rn |
  1
:;8: {rn rn {rn {lo o {lg oqkoooonhlfffffffffkj {ng {lf 90-(>-; _h *1410(1 |
  1
):-+:' {rn rn {rn {mf m {ko |
  1
:336/,:r<*-): {rn rn {rn oqiooooooifffffffggjk roqmkfffgmloooooooonjh o o o n roqnfffffjfffffffffffi mqhhjjjhjinjimgfnokl:rnh o n V V |
  1
/061+ {rn rn {rn oqkoooookifffffffggjg roqmkfffgmmffffffffgg o |
  1
:;8: {rn rn {rn {kn o {lk oqjoooonjlffffffffiii {mm {km 90-(>-; _h *1410(1 |
  1
):-+:' {rn rn {rn {ml m {kl |
  1
:336/,:r<*-): {rn rn {rn nqooooongofffffffgg oqmjooolloffffffffhgi o o o n oqnfffffjfffffffffffi o o n V V |
  1
/061+ {rn rn {rn nqooooongofffffffgg oqkjooomfoffffffffhgm o |
  1
:;8: {rn rn {rn {lg o {kn nqjhohfilmihfkgfijjg {mg {kk 90-(>-; _h *1410(1 |
  1
):-+:' {rn rn {rn {lh m {kj |
  1
,+->687+r<*-): {rn rn {rn oqiooooooifffffffggjk roqkkfffhglooooooookln o n o o V V |
  1
/061+ {rn rn {rn oqiooooooifffffffggjk roqkkfffhglooooooookln o |
  1
):-+:' {rn rn {rn {ll m {ki |
  1
,+->687+r<*-): {rn rn {rn nqmoooonkofffffffgmk roqmkfffgmloooooooonjh o o n o V V |
  1
/061+ {rn rn {rn nqmoooonkofffffffgmk oqmjooolloffffffffhgi o |
  1
:336/,:r<*-): {rn rn {rn nqooooongofffffffgg roqmkfffgmloooooooonjh o o o n o roqnfffffjfffffffffffi o n V V |
  1
/061+ {rn rn {rn nqooooongofffffffgg roqkkfffhglooooooookln o |
  1
/061+ {rn rn {rn nqmoooonkofffffffgmk roqmkfffgmloooooooonjh o |
  0
HATCH
  5
9D0
330
9AC
100
AcDbEntity
  8
TopPaste
 62
     8
100
AcDbHatch
 10
0.0
 20
0.0
 30
0.0
210
0.0
220
0.0
230
1.0
  2
SOLID
 70
     1
 71
     1
 91
        1
 92
        1
 93
        8
 72
     2
 10
0.60000007
 20
0.25000331
 40
0.1999996
 50
90.0
 51
180.0
 73
     1
 72
     1
 10
0.4000004699999999
 20
0.25000331
 11
0.4000004699999999
 21
-0.24999823
 72
     2
 10
0.60000007
 20
-0.24999823
 40
0.1999996
 50
180.0
 51
270.0
 73
     1
 72
     1
 10
0.60000007
 20
-0.44999783
 11
1.00000181
 21
-0.44999783
 72
     2
 10
1.00000181
 20
-0.24999823
 40
0.1999996
 50
270.0
 51
360.0
 73
     1
 72
     1
 10
1.20000141
 20
-0.24999823
 11
1.20000141
 21
0.25000331
 72
     2
 10
1.00000181
 20
0.25000331
 40
0.1999996
 50
0.0
 51
90.0
 73
     1
 72
     1
 10
1.00000181
 20
0.45000291
 11
0.60000007
 21
0.45000291
 97
        1
330
9CF
 75
     0
 76
     1
 98
        0
450
        0
451
        0
460
0.0
461
0.0
452
        0
462
0.0
453
        0
470

  0
REGION
  5
9D9
102
{ACAD_REACTORS
330
9DA
102
}
330
9AC
100
AcDbEntity
  8
TopPaste
 62
     8
100
AcDbModelerGeometry
 70
     1
  1
mnmoo kh m mi          
  1
ni ^ *+0;:,4 ^ *+0\^ [ mo ^ LR mmjqnqoqijjlj QK o  
  1
n fqfffffffffffffffjkh:roh nqooooooooooooooooli:rno 
  1
>,27:>;:- {rn rn _nl mmjqnqoqijjlj |
  1
=0;& {rn rn {rn {m {rn {rn |
  1
3*2/ {rn rn {rn {rn {l {n |
  1
,7:33 {rn rn {rn {rn {rn {k {rn {m |
  1
9><: {rn rn {rn {rn {j {l {rn {i 90-(>-; ;0*=3: 0*+ |
  1
300/ {rn rn {rn {rn {h {k |
  1
/3>1:r,*-9><: {rn rn {rn roqffffffmifffffffggki mqjlfffffffffjlmlhhi:roi o o o n n o o 90-(>-;@) V V V V |
  1
<0:;8: {rn rn {rn {g {f {rn {no 90-(>-; {j {rn |
  1
<0:;8: {rn rn {rn {nn {h {rn {nm 90-(>-; {j {rn |
  1
<0:;8: {rn rn {rn {h {nl {rn {nk 90-(>-; {j {rn |
  1
:;8: {rn rn {rn {nj o {ni nqjhohfilmihfkgfijjg {h {nh 90-(>-; _h *1410(1 |
  1
<0:;8: {rn rn {rn {ng {g {rn {nf 90-(>-; {j {rn |
  1
:;8: {rn rn {rn {ni o {mo oqjoooonjlffffffffiii {g {mn 90-(>-; _h *1410(1 |
  1
<0:;8: {rn rn {rn {f {mm {rn {ml 90-(>-; {j {rn |
  1
:;8: {rn rn {rn {mk o {nj oqkoooonhlfffffffgglj {f {mj 90-(>-; _h *1410(1 |
  1
):-+:' {rn rn {rn {nk m {mi |
  1
):-+:' {rn rn {rn {nm m {mh |
  1
:336/,:r<*-): {rn rn {rn roqffffffmifffffffggki oqmjooolloffffffffhgi o o o n o oqnfffffjfffffffffffi o n V V |
  1
<0:;8: {rn rn {rn {mg {nn {rn {mf 90-(>-; {j {rn |
  1
:;8: {rn rn {rn {mo o {lo nqjhohfilmihfkgfihg {nn {ln 90-(>-; _h *1410(1 |
  1
):-+:' {rn rn {rn {nf m {lm |
  1
,+->687+r<*-): {rn rn {rn rnqnffffggiffffffffk oqmjooolloffffffffhgi o o rn o V V |
  1
<0:;8: {rn rn {rn {nl {mg {rn {ll 90-(>-; {j {rn |
  1
:;8: {rn rn {rn {lk o {mk nqjhohfilmihfkgfijjg {nl {lj 90-(>-; _h *1410(1 |
  1
):-+:' {rn rn {rn {nk m {li |
  1
,+->687+r<*-): {rn rn {rn roqjffffhjlooooooooonn oqkjooomfoffffffffhgm o rn o o V V |
  1
/061+ {rn rn {rn roqffffffmifffffffggki oqkjooomfoffffffffhgm o |
  1
/061+ {rn rn {rn rnqnffffggiffffffffk oqmjooolloffffffffhgi o |
  1
<0:;8: {rn rn {rn {mm {ng {rn {lh 90-(>-; {j {rn |
  1
:;8: {rn rn {rn {lo o {lg oqkoooonhlfffffffgglj {ng {lf 90-(>-; _h *1410(1 |
  1
):-+:' {rn rn {rn {mf m {ko |
  1
:336/,:r<*-): {rn rn {rn roqffffffmifffffffggki roqmkfffgmloooooooonjh o o o n roqnfffffjfffffffffffi mqhhjjjhjinjimgfohlj:rnh o n V V |
  1
/061+ {rn rn {rn rnqnffffggiffffffffk roqmkfffgmmffffffffgg o |
  1
:;8: {rn rn {rn {kn o {lk oqjoooonjlffffffffiii {mm {km 90-(>-; _h *1410(1 |
  1
):-+:' {rn rn {rn {ml m {kl |
  1
:336/,:r<*-): {rn rn {rn roqjffffhjlooooooooonn oqmjooolloffffffffhgi o o o n oqnfffffjfffffffffffi o o n V V |
  1
/061+ {rn rn {rn roqjffffhjlooooooooonn oqkjooomfoffffffffhgm o |
  1
:;8: {rn rn {rn {lg o {kn nqjhohfilmihfkgfijjg {mg {kk 90-(>-; _h *1410(1 |
  1
):-+:' {rn rn {rn {lh m {kj |
  1
,+->687+r<*-): {rn rn {rn roqffffffmifffffffggki roqkkfffhglooooooookln o n o o V V |
  1
/061+ {rn rn {rn roqffffffmifffffffggki roqkkfffhglooooooookln o |
  1
):-+:' {rn rn {rn {ll m {ki |
  1
,+->687+r<*-): {rn rn {rn roqlffffhflooooooooonj roqmkfffgmloooooooonjh o o n o V V |
  1
/061+ {rn rn {rn roqlffffhflooooooooonj oqmjooolloffffffffhgi o |
  1
:336/,:r<*-): {rn rn {rn roqjffffhjlooooooooonn roqmkfffgmloooooooonjh o o o n o roqnfffffjfffffffffffi o n V V |
  1
/061+ {rn rn {rn roqjffffhjlooooooooonn roqkkfffhglooooooookln o |
  1
/061+ {rn rn {rn roqlffffhflooooooooonj roqmkfffgmloooooooonjh o |
  0
HATCH
  5
9DA
330
9AC
100
AcDbEntity
  8
TopPaste
 62
     8
100
AcDbHatch
 10
0.0
 20
0.0
 30
0.0
210
0.0
220
0.0
230
1.0
  2
SOLID
 70
     1
 71
     1
 91
        1
 92
        1
 93
        8
 72
     2
 10
-0.9999992699999999
 20
0.25000331
 40
0.1999996
 50
90.0
 51
180.0
 73
     1
 72
     1
 10
-1.199998869999999
 20
0.25000331
 11
-1.199998869999999
 21
-0.24999823
 72
     2
 10
-0.9999992699999999
 20
-0.24999823
 40
0.1999996
 50
180.0
 51
270.0
 73
     1
 72
     1
 10
-0.9999992699999999
 20
-0.44999783
 11
-0.59999753
 21
-0.44999783
 72
     2
 10
-0.59999753
 20
-0.24999823
 40
0.1999996
 50
270.0
 51
360.0
 73
     1
 72
     1
 10
-0.39999793
 20
-0.24999823
 11
-0.39999793
 21
0.25000331
 72
     2
 10
-0.59999753
 20
0.25000331
 40
0.1999996
 50
0.0
 51
90.0
 73
     1
 72
     1
 10
-0.59999753
 20
0.45000291
 11
-0.9999992699999999
 21
0.45000291
 97
        1
330
9D9
 75
     0
 76
     1
 98
        0
450
        0
451
        0
460
0.0
461
0.0
452
        0
462
0.0
453
        0
470

  0
LINE
  5
9DB
330
9AC
100
AcDbEntity
  8
TopOverlay
100
AcDbLine
 10
0.12183364
 20
-0.26567384
 30
0.0
 11
0.21073364
 21
-0.26567384
 31
0.0
  0
LINE
  5
9DC
330
9AC
100
AcDbEntity
  8
TopOverlay
100
AcDbLine
 10
0.21073364
 20
-0.26567384
 30
0.0
 11
0.21073364
 21
0.24832818
 31
0.0
  0
LINE
  5
9DD
330
9AC
100
AcDbEntity
  8
TopOverlay
100
AcDbLine
 10
0.21073364
 20
0.24832818
 30
0.0
 11
0.12183364
 21
0.24832818
 31
0.0
  0
LINE
  5
9DE
330
9AC
100
AcDbEntity
  8
TopOverlay
100
AcDbLine
 10
0.12183364
 20
0.24832818
 30
0.0
 11
0.12183364
 21
-0.26567384
 31
0.0
  0
LINE
  5
9DF
330
9AC
100
AcDbEntity
  8
TopOverlay
100
AcDbLine
 10
-0.13216636
 20
-0.26567384
 30
0.0
 11
-0.22106636
 21
-0.26567384
 31
0.0
  0
LINE
  5
9E0
330
9AC
100
AcDbEntity
  8
TopOverlay
100
AcDbLine
 10
-0.22106636
 20
-0.26567384
 30
0.0
 11
-0.22106636
 21
0.24832818
 31
0.0
  0
LINE
  5
9E1
330
9AC
100
AcDbEntity
  8
TopOverlay
100
AcDbLine
 10
-0.22106636
 20
0.24832818
 30
0.0
 11
-0.13216636
 21
0.24832818
 31
0.0
  0
LINE
  5
9E2
330
9AC
100
AcDbEntity
  8
TopOverlay
100
AcDbLine
 10
-0.13216636
 20
0.24832818
 30
0.0
 11
-0.13216636
 21
-0.26567384
 31
0.0
  0
ENDBLK
  5
9AE
330
9AC
100
AcDbEntity
  8
0
100
AcDbBlockEnd
  0
BLOCK
  5
9E5
330
9E4
100
AcDbEntity
  8
0
100
AcDbBlockBegin
  2
CAP_0402_B_51
 70
     0
 10
0.0
 20
0.0
 30
0.0
  3
CAP_0402_B_51
  1

  0
ENDBLK
  5
9E6
330
9E4
100
AcDbEntity
  8
0
100
AcDbBlockEnd
  0
BLOCK
  5
9E9
330
9E8
100
AcDbEntity
  8
0
100
AcDbBlockBegin
  2
CAP_0402_52
 70
     0
 10
0.0
 20
0.0
 30
0.0
  3
CAP_0402_52
  1

  0
LWPOLYLINE
  5
9EB
330
9E8
100
AcDbEntity
  8
TopOverlay
100
AcDbPolyline
 90
        2
 70
     0
 43
0.0254
 10
-0.1651
 20
0.2286
 10
-0.0762
 20
0.2286
  0
LWPOLYLINE
  5
9EC
330
9E8
100
AcDbEntity
  8
TopOverlay
100
AcDbPolyline
 90
        2
 70
     1
 43
0.0127
 10
-0.17145
 20
0.2286
 42
1.0
 10
-0.15875
 20
0.2286
 42
1.0
  0
LWPOLYLINE
  5
9ED
330
9E8
100
AcDbEntity
  8
TopOverlay
100
AcDbPolyline
 90
        2
 70
     1
 43
0.0127
 10
-0.08255
 20
0.2286
 42
1.0
 10
-0.06985
 20
0.2286
 42
1.0
  0
LWPOLYLINE
  5
9EE
330
9E8
100
AcDbEntity
  8
TopOverlay
100
AcDbPolyline
 90
        2
 70
     0
 43
0.0254
 10
-0.1651
 20
-0.2286
 10
-0.0762
 20
-0.2286
  0
LWPOLYLINE
  5
9EF
330
9E8
100
AcDbEntity
  8
TopOverlay
100
AcDbPolyline
 90
        2
 70
     1
 43
0.0127
 10
-0.17145
 20
-0.2286
 42
1.0
 10
-0.15875
 20
-0.2286
 42
1.0
  0
LWPOLYLINE
  5
9F0
330
9E8
100
AcDbEntity
  8
TopOverlay
100
AcDbPolyline
 90
        2
 70
     1
 43
0.0127
 10
-0.08255
 20
-0.2286
 42
1.0
 10
-0.06985
 20
-0.2286
 42
1.0
  0
LWPOLYLINE
  5
9F1
330
9E8
100
AcDbEntity
  8
TopOverlay
100
AcDbPolyline
 90
        2
 70
     0
 43
0.0254
 10
-0.0762
 20
0.2286
 10
-0.0762
 20
-0.2286
  0
LWPOLYLINE
  5
9F2
330
9E8
100
AcDbEntity
  8
TopOverlay
100
AcDbPolyline
 90
        2
 70
     1
 43
0.0127
 10
-0.08255
 20
0.2286
 42
1.0
 10
-0.06985
 20
0.2286
 42
1.0
  0
LWPOLYLINE
  5
9F3
330
9E8
100
AcDbEntity
  8
TopOverlay
100
AcDbPolyline
 90
        2
 70
     1
 43
0.0127
 10
-0.08255
 20
-0.2286
 42
1.0
 10
-0.06985
 20
-0.2286
 42
1.0
  0
LWPOLYLINE
  5
9F4
330
9E8
100
AcDbEntity
  8
TopOverlay
100
AcDbPolyline
 90
        2
 70
     0
 43
0.0254
 10
-0.1651
 20
0.2286
 10
-0.1651
 20
-0.2286
  0
LWPOLYLINE
  5
9F5
330
9E8
100
AcDbEntity
  8
TopOverlay
100
AcDbPolyline
 90
        2
 70
     1
 43
0.0127
 10
-0.17145
 20
0.2286
 42
1.0
 10
-0.15875
 20
0.2286
 42
1.0
  0
LWPOLYLINE
  5
9F6
330
9E8
100
AcDbEntity
  8
TopOverlay
100
AcDbPolyline
 90
        2
 70
     1
 43
0.0127
 10
-0.17145
 20
-0.2286
 42
1.0
 10
-0.15875
 20
-0.2286
 42
1.0
  0
LWPOLYLINE
  5
9F7
330
9E8
100
AcDbEntity
  8
TopOverlay
100
AcDbPolyline
 90
        2
 70
     0
 43
0.0254
 10
0.1651
 20
0.2286
 10
0.1651
 20
-0.2286
  0
LWPOLYLINE
  5
9F8
330
9E8
100
AcDbEntity
  8
TopOverlay
100
AcDbPolyline
 90
        2
 70
     1
 43
0.0127
 10
0.15875
 20
0.2286
 42
1.0
 10
0.17145
 20
0.2286
 42
1.0
  0
LWPOLYLINE
  5
9F9
330
9E8
100
AcDbEntity
  8
TopOverlay
100
AcDbPolyline
 90
        2
 70
     1
 43
0.0127
 10
0.15875
 20
-0.2286
 42
1.0
 10
0.17145
 20
-0.2286
 42
1.0
  0
LWPOLYLINE
  5
9FA
330
9E8
100
AcDbEntity
  8
TopOverlay
100
AcDbPolyline
 90
        2
 70
     0
 43
0.0254
 10
0.0762
 20
0.2286
 10
0.0762
 20
-0.2286
  0
LWPOLYLINE
  5
9FB
330
9E8
100
AcDbEntity
  8
TopOverlay
100
AcDbPolyline
 90
        2
 70
     1
 43
0.0127
 10
0.06985
 20
0.2286
 42
1.0
 10
0.08255
 20
0.2286
 42
1.0
  0
LWPOLYLINE
  5
9FC
330
9E8
100
AcDbEntity
  8
TopOverlay
100
AcDbPolyline
 90
        2
 70
     1
 43
0.0127
 10
0.06985
 20
-0.2286
 42
1.0
 10
0.08255
 20
-0.2286
 42
1.0
  0
LWPOLYLINE
  5
9FD
330
9E8
100
AcDbEntity
  8
TopOverlay
100
AcDbPolyline
 90
        2
 70
     0
 43
0.0254
 10
0.0762
 20
0.2286
 10
0.1651
 20
0.2286
  0
LWPOLYLINE
  5
9FE
330
9E8
100
AcDbEntity
  8
TopOverlay
100
AcDbPolyline
 90
        2
 70
     1
 43
0.0127
 10
0.06985
 20
0.2286
 42
1.0
 10
0.08255
 20
0.2286
 42
1.0
  0
LWPOLYLINE
  5
9FF
330
9E8
100
AcDbEntity
  8
TopOverlay
100
AcDbPolyline
 90
        2
 70
     1
 43
0.0127
 10
0.15875
 20
0.2286
 42
1.0
 10
0.17145
 20
0.2286
 42
1.0
  0
LWPOLYLINE
  5
A00
330
9E8
100
AcDbEntity
  8
TopOverlay
100
AcDbPolyline
 90
        2
 70
     0
 43
0.0254
 10
0.0762
 20
-0.2286
 10
0.1651
 20
-0.2286
  0
LWPOLYLINE
  5
A01
330
9E8
100
AcDbEntity
  8
TopOverlay
100
AcDbPolyline
 90
        2
 70
     1
 43
0.0127
 10
0.06985
 20
-0.2286
 42
1.0
 10
0.08255
 20
-0.2286
 42
1.0
  0
LWPOLYLINE
  5
A02
330
9E8
100
AcDbEntity
  8
TopOverlay
100
AcDbPolyline
 90
        2
 70
     1
 43
0.0127
 10
0.15875
 20
-0.2286
 42
1.0
 10
0.17145
 20
-0.2286
 42
1.0
  0
REGION
  5
A0B
102
{ACAD_REACTORS
330
A0C
102
}
330
9E8
100
AcDbEntity
  8
TopPaste
 62
     8
100
AcDbModelerGeometry
 70
     1
  1
mnmoo kh m mi          
  1
ni ^ *+0;:,4 ^ *+0\^ [ mo ^ LR mmjqnqoqijjlj QK o  
  1
n fqfffffffffffffffjkh:roh nqooooooooooooooooli:rno 
  1
>,27:>;:- {rn rn _nl mmjqnqoqijjlj |
  1
=0;& {rn rn {rn {m {rn {rn |
  1
3*2/ {rn rn {rn {rn {l {n |
  1
,7:33 {rn rn {rn {rn {rn {k {rn {m |
  1
9><: {rn rn {rn {rn {j {l {rn {i 90-(>-; ;0*=3: 0*+ |
  1
300/ {rn rn {rn {rn {h {k |
  1
/3>1:r,*-9><: {rn rn {rn oqjogoooooooooooooohn o o o o n n o o 90-(>-;@) V V V V |
  1
<0:;8: {rn rn {rn {g {f {rn {no 90-(>-; {j {rn |
  1
<0:;8: {rn rn {rn {nn {h {rn {nm 90-(>-; {j {rn |
  1
<0:;8: {rn rn {rn {h {nl {rn {nk 90-(>-; {j {rn |
  1
:;8: {rn rn {rn {nj o {ni nqjhohfilmihfkgfijjg {h {nh 90-(>-; _h *1410(1 |
  1
<0:;8: {rn rn {rn {ng {g {rn {nf 90-(>-; {j {rn |
  1
:;8: {rn rn {rn {ni o {mo oqmjkooooooooooooojfn {g {mn 90-(>-; _h *1410(1 |
  1
<0:;8: {rn rn {rn {f {mm {rn {ml 90-(>-; {j {rn |
  1
:;8: {rn rn {rn {mk o {nj oqmjkooooooooooooooli {f {mj 90-(>-; _h *1410(1 |
  1
):-+:' {rn rn {rn {nk m {mi |
  1
):-+:' {rn rn {rn {nm m {mh |
  1
:336/,:r<*-): {rn rn {rn oqiljoooooooooooooogf oqnmhoooooooooooooong o o o n oqnmhoooooooooooooong o o n V V |
  1
<0:;8: {rn rn {rn {mg {nn {rn {mf 90-(>-; {j {rn |
  1
:;8: {rn rn {rn {mo o {lo nqjhohfilmihfkgfilli {nn {ln 90-(>-; _h *1410(1 |
  1
):-+:' {rn rn {rn {nf m {lm |
  1
,+->687+r<*-): {rn rn {rn oqiljoooooooooooooogf oqmjkooooooooooooooli o rn o o V V |
  1
<0:;8: {rn rn {rn {nl {mg {rn {ll 90-(>-; {j {rn |
  1
:;8: {rn rn {rn {lk o {mk nqjhohfilmihfkgfijjg {nl {lj 90-(>-; _h *1410(1 |
  1
):-+:' {rn rn {rn {nk m {li |
  1
,+->687+r<*-): {rn rn {rn oqhimooooooooooooonoh roqnmhoooooooooooooong o o n o V V |
  1
/061+ {rn rn {rn oqhimooooooooooooonoh oqnmhoooooooooooooong o |
  1
/061+ {rn rn {rn oqiljoooooooooooooogf oqmjkooooooooooooooli o |
  1
<0:;8: {rn rn {rn {mm {ng {rn {lh 90-(>-; {j {rn |
  1
:;8: {rn rn {rn {lo o {lg oqmjkooooooooooooooli {ng {lf 90-(>-; _h *1410(1 |
  1
):-+:' {rn rn {rn {mf m {ko |
  1
:336/,:r<*-): {rn rn {rn oqlgofffffffffffffkfg oqnmhoooooooooooooong o o o n o oqnmhoooooooooooooong o n V V |
  1
/061+ {rn rn {rn oqlgofffffffffffffkfg oqmjkooooooooooooooli o |
  1
:;8: {rn rn {rn {kn o {lk oqmjkooooooooooooojfn {mm {km 90-(>-; _h *1410(1 |
  1
):-+:' {rn rn {rn {ml m {kl |
  1
:336/,:r<*-): {rn rn {rn oqiljoooooooooooooogf roqnmhoooooooooooooong o o o n o roqnmhoooooooooooooong o n V V |
  1
/061+ {rn rn {rn oqhimooooooooooooonoh roqnmhoooooooooooooong o |
  1
:;8: {rn rn {rn {lg o {kn nqjhohfilmihfkgfihg {mg {kk 90-(>-; _h *1410(1 |
  1
):-+:' {rn rn {rn {lh m {kj |
  1
,+->687+r<*-): {rn rn {rn oqmjlfffffffffffffkg oqnmhooooooooooooomfj o o rn o V V |
  1
/061+ {rn rn {rn oqmjlfffffffffffffkg oqnmhooooooooooooomfj o |
  1
):-+:' {rn rn {rn {ll m {ki |
  1
,+->687+r<*-): {rn rn {rn oqlgofffffffffffffkfg roqmjkooooooooooooooli o n o o V V |
  1
/061+ {rn rn {rn oqiljoooooooooooooogf roqmjkooooooooooooooli o |
  1
:336/,:r<*-): {rn rn {rn oqlgofffffffffffffkfg roqnmhoooooooooooooong o o o n roqnmhoooooooooooooong mqhhjjjhjinjimgfnljn:rnh o n V V |
  1
/061+ {rn rn {rn oqmjlfffffffffffffkg roqnmifffffffffffffhk o |
  1
/061+ {rn rn {rn oqlgofffffffffffffkfg roqmjkooooooooooooooli o |
  0
HATCH
  5
A0C
330
9E8
100
AcDbEntity
  8
TopPaste
 62
     8
100
AcDbHatch
 10
0.0
 20
0.0
 30
0.0
210
0.0
220
0.0
230
1.0
  2
SOLID
 70
     1
 71
     1
 91
        1
 92
        1
 93
        8
 72
     2
 10
0.635
 20
0.127
 40
0.127
 50
0.0
 51
90.0
 73
     1
 72
     1
 10
0.635
 20
0.254
 11
0.3809999999999999
 21
0.254
 72
     2
 10
0.3809999999999999
 20
0.127
 40
0.127
 50
90.0
 51
180.0
 73
     1
 72
     1
 10
0.2539999999999999
 20
0.127
 11
0.2539999999999999
 21
-0.127
 72
     2
 10
0.3809999999999999
 20
-0.127
 40
0.127
 50
180.0
 51
270.0
 73
     1
 72
     1
 10
0.3809999999999999
 20
-0.254
 11
0.635
 21
-0.254
 72
     2
 10
0.635
 20
-0.127
 40
0.127
 50
270.0
 51
360.0
 73
     1
 72
     1
 10
0.762
 20
-0.127
 11
0.762
 21
0.127
 97
        1
330
A0B
 75
     0
 76
     1
 98
        0
450
        0
451
        0
460
0.0
461
0.0
452
        0
462
0.0
453
        0
470

  0
REGION
  5
A15
102
{ACAD_REACTORS
330
A16
102
}
330
9E8
100
AcDbEntity
  8
TopPaste
 62
     8
100
AcDbModelerGeometry
 70
     1
  1
mnmoo kh m mi          
  1
ni ^ *+0;:,4 ^ *+0\^ [ mo ^ LR mmjqnqoqijjlj QK o  
  1
n fqfffffffffffffffjkh:roh nqooooooooooooooooli:rno 
  1
>,27:>;:- {rn rn _nl mmjqnqoqijjlj |
  1
=0;& {rn rn {rn {m {rn {rn |
  1
3*2/ {rn rn {rn {rn {l {n |
  1
,7:33 {rn rn {rn {rn {rn {k {rn {m |
  1
9><: {rn rn {rn {rn {j {l {rn {i 90-(>-; ;0*=3: 0*+ |
  1
300/ {rn rn {rn {rn {h {k |
  1
/3>1:r,*-9><: {rn rn {rn roqjogoooooooooooooohn o o o o n n o o 90-(>-;@) V V V V |
  1
<0:;8: {rn rn {rn {g {f {rn {no 90-(>-; {j {rn |
  1
<0:;8: {rn rn {rn {nn {h {rn {nm 90-(>-; {j {rn |
  1
<0:;8: {rn rn {rn {h {nl {rn {nk 90-(>-; {j {rn |
  1
:;8: {rn rn {rn {nj o {ni nqjhohfilmihfkgfijjg {h {nh 90-(>-; _h *1410(1 |
  1
<0:;8: {rn rn {rn {ng {g {rn {nf 90-(>-; {j {rn |
  1
:;8: {rn rn {rn {ni o {mo oqmjkooooooooooooojfn {g {mn 90-(>-; _h *1410(1 |
  1
<0:;8: {rn rn {rn {f {mm {rn {ml 90-(>-; {j {rn |
  1
:;8: {rn rn {rn {mk o {nj oqmjkooooooooooooooli {f {mj 90-(>-; _h *1410(1 |
  1
):-+:' {rn rn {rn {nk m {mi |
  1
):-+:' {rn rn {rn {nm m {mh |
  1
:336/,:r<*-): {rn rn {rn roqlgofffffffffffffkfg oqnmhoooooooooooooong o o o n oqnmhoooooooooooooong o o n V V |
  1
<0:;8: {rn rn {rn {mg {nn {rn {mf 90-(>-; {j {rn |
  1
:;8: {rn rn {rn {mo o {lo nqjhohfilmihfkgfilli {nn {ln 90-(>-; _h *1410(1 |
  1
):-+:' {rn rn {rn {nf m {lm |
  1
,+->687+r<*-): {rn rn {rn roqlgofffffffffffffkfg oqmjkooooooooooooooli o rn o o V V |
  1
<0:;8: {rn rn {rn {nl {mg {rn {ll 90-(>-; {j {rn |
  1
:;8: {rn rn {rn {lk o {mk nqjhohfilmihfkgfijjg {nl {lj 90-(>-; _h *1410(1 |
  1
):-+:' {rn rn {rn {nk m {li |
  1
,+->687+r<*-): {rn rn {rn roqmjlfffffffffffffkg roqnmhoooooooooooooong o o n o V V |
  1
/061+ {rn rn {rn roqmjlfffffffffffffkg oqnmhoooooooooooooong o |
  1
/061+ {rn rn {rn roqlgofffffffffffffkfg oqmjkooooooooooooooli o |
  1
<0:;8: {rn rn {rn {mm {ng {rn {lh 90-(>-; {j {rn |
  1
:;8: {rn rn {rn {lo o {lg oqmjkooooooooooooooli {ng {lf 90-(>-; _h *1410(1 |
  1
):-+:' {rn rn {rn {mf m {ko |
  1
:336/,:r<*-): {rn rn {rn roqiljoooooooooooooogf oqnmhoooooooooooooong o o o n o oqnmhoooooooooooooong o n V V |
  1
/061+ {rn rn {rn roqiljoooooooooooooogf oqmjkooooooooooooooli o |
  1
:;8: {rn rn {rn {kn o {lk oqmjkooooooooooooojfn {mm {km 90-(>-; _h *1410(1 |
  1
):-+:' {rn rn {rn {ml m {kl |
  1
:336/,:r<*-): {rn rn {rn roqlgofffffffffffffkfg roqnmhoooooooooooooong o o o n o roqnmhoooooooooooooong o n V V |
  1
/061+ {rn rn {rn roqmjlfffffffffffffkg roqnmhoooooooooooooong o |
  1
:;8: {rn rn {rn {lg o {kn nqjhohfilmihfkgfihg {mg {kk 90-(>-; _h *1410(1 |
  1
):-+:' {rn rn {rn {lh m {kj |
  1
,+->687+r<*-): {rn rn {rn roqhimooooooooooooonoh oqnmhooooooooooooomfj o o rn o V V |
  1
/061+ {rn rn {rn roqhimooooooooooooonoh oqnmhooooooooooooomfj o |
  1
):-+:' {rn rn {rn {ll m {ki |
  1
,+->687+r<*-): {rn rn {rn roqiljoooooooooooooogf roqmjkooooooooooooooli o n o o V V |
  1
/061+ {rn rn {rn roqlgofffffffffffffkfg roqmjkooooooooooooooli o |
  1
:336/,:r<*-): {rn rn {rn roqiljoooooooooooooogf roqnmhoooooooooooooong o o o n roqnmhoooooooooooooong mqhhjjjhjinjimgfnljn:rnh o n V V |
  1
/061+ {rn rn {rn roqhimooooooooooooonoh roqnmifffffffffffffhk o |
  1
/061+ {rn rn {rn roqiljoooooooooooooogf roqmjkooooooooooooooli o |
  0
HATCH
  5
A16
330
9E8
100
AcDbEntity
  8
TopPaste
 62
     8
100
AcDbHatch
 10
0.0
 20
0.0
 30
0.0
210
0.0
220
0.0
230
1.0
  2
SOLID
 70
     1
 71
     1
 91
        1
 92
        1
 93
        8
 72
     2
 10
-0.3809999999999999
 20
0.127
 40
0.127
 50
0.0
 51
90.0
 73
     1
 72
     1
 10
-0.3809999999999999
 20
0.254
 11
-0.635
 21
0.254
 72
     2
 10
-0.635
 20
0.127
 40
0.127
 50
90.0
 51
180.0
 73
     1
 72
     1
 10
-0.762
 20
0.127
 11
-0.762
 21
-0.127
 72
     2
 10
-0.635
 20
-0.127
 40
0.127
 50
180.0
 51
270.0
 73
     1
 72
     1
 10
-0.635
 20
-0.254
 11
-0.3809999999999999
 21
-0.254
 72
     2
 10
-0.3809999999999999
 20
-0.127
 40
0.127
 50
270.0
 51
360.0
 73
     1
 72
     1
 10
-0.2539999999999999
 20
-0.127
 11
-0.2539999999999999
 21
0.127
 97
        1
330
A15
 75
     0
 76
     1
 98
        0
450
        0
451
        0
460
0.0
461
0.0
452
        0
462
0.0
453
        0
470

  0
LINE
  5
A17
330
9E8
100
AcDbEntity
  8
TopOverlay
100
AcDbLine
 10
-0.1651
 20
-0.2286
 30
0.0
 11
-0.1651
 21
0.2286
 31
0.0
  0
LINE
  5
A18
330
9E8
100
AcDbEntity
  8
TopOverlay
100
AcDbLine
 10
-0.1651
 20
0.2286
 30
0.0
 11
-0.0762
 21
0.2286
 31
0.0
  0
LINE
  5
A19
330
9E8
100
AcDbEntity
  8
TopOverlay
100
AcDbLine
 10
-0.0762
 20
0.2286
 30
0.0
 11
-0.0762
 21
-0.2286
 31
0.0
  0
LINE
  5
A1A
330
9E8
100
AcDbEntity
  8
TopOverlay
100
AcDbLine
 10
-0.0762
 20
-0.2286
 30
0.0
 11
-0.1651
 21
-0.2286
 31
0.0
  0
LINE
  5
A1B
330
9E8
100
AcDbEntity
  8
TopOverlay
100
AcDbLine
 10
0.1651
 20
0.2286
 30
0.0
 11
0.1651
 21
-0.2286
 31
0.0
  0
LINE
  5
A1C
330
9E8
100
AcDbEntity
  8
TopOverlay
100
AcDbLine
 10
0.1651
 20
-0.2286
 30
0.0
 11
0.0762
 21
-0.2286
 31
0.0
  0
LINE
  5
A1D
330
9E8
100
AcDbEntity
  8
TopOverlay
100
AcDbLine
 10
0.0762
 20
-0.2286
 30
0.0
 11
0.0762
 21
0.2286
 31
0.0
  0
LINE
  5
A1E
330
9E8
100
AcDbEntity
  8
TopOverlay
100
AcDbLine
 10
0.0762
 20
0.2286
 30
0.0
 11
0.1651
 21
0.2286
 31
0.0
  0
ENDBLK
  5
9EA
330
9E8
100
AcDbEntity
  8
0
100
AcDbBlockEnd
  0
BLOCK
  5
A21
330
A20
100
AcDbEntity
  8
0
100
AcDbBlockBegin
  2
CAP_0402_53
 70
     0
 10
0.0
 20
0.0
 30
0.0
  3
CAP_0402_53
  1

  0
LWPOLYLINE
  5
A23
330
A20
100
AcDbEntity
  8
TopOverlay
100
AcDbPolyline
 90
        2
 70
     0
 43
0.0254
 10
-0.1651
 20
0.2286
 10
-0.0762
 20
0.2286
  0
LWPOLYLINE
  5
A24
330
A20
100
AcDbEntity
  8
TopOverlay
100
AcDbPolyline
 90
        2
 70
     1
 43
0.0127
 10
-0.17145
 20
0.2286
 42
1.0
 10
-0.15875
 20
0.2286
 42
1.0
  0
LWPOLYLINE
  5
A25
330
A20
100
AcDbEntity
  8
TopOverlay
100
AcDbPolyline
 90
        2
 70
     1
 43
0.0127
 10
-0.08255
 20
0.2286
 42
1.0
 10
-0.06985
 20
0.2286
 42
1.0
  0
LWPOLYLINE
  5
A26
330
A20
100
AcDbEntity
  8
TopOverlay
100
AcDbPolyline
 90
        2
 70
     0
 43
0.0254
 10
-0.1651
 20
-0.2286
 10
-0.0762
 20
-0.2286
  0
LWPOLYLINE
  5
A27
330
A20
100
AcDbEntity
  8
TopOverlay
100
AcDbPolyline
 90
        2
 70
     1
 43
0.0127
 10
-0.17145
 20
-0.2286
 42
1.0
 10
-0.15875
 20
-0.2286
 42
1.0
  0
LWPOLYLINE
  5
A28
330
A20
100
AcDbEntity
  8
TopOverlay
100
AcDbPolyline
 90
        2
 70
     1
 43
0.0127
 10
-0.08255
 20
-0.2286
 42
1.0
 10
-0.06985
 20
-0.2286
 42
1.0
  0
LWPOLYLINE
  5
A29
330
A20
100
AcDbEntity
  8
TopOverlay
100
AcDbPolyline
 90
        2
 70
     0
 43
0.0254
 10
-0.0762
 20
0.2286
 10
-0.0762
 20
-0.2286
  0
LWPOLYLINE
  5
A2A
330
A20
100
AcDbEntity
  8
TopOverlay
100
AcDbPolyline
 90
        2
 70
     1
 43
0.0127
 10
-0.08255
 20
0.2286
 42
1.0
 10
-0.06985
 20
0.2286
 42
1.0
  0
LWPOLYLINE
  5
A2B
330
A20
100
AcDbEntity
  8
TopOverlay
100
AcDbPolyline
 90
        2
 70
     1
 43
0.0127
 10
-0.08255
 20
-0.2286
 42
1.0
 10
-0.06985
 20
-0.2286
 42
1.0
  0
LWPOLYLINE
  5
A2C
330
A20
100
AcDbEntity
  8
TopOverlay
100
AcDbPolyline
 90
        2
 70
     0
 43
0.0254
 10
-0.1651
 20
0.2286
 10
-0.1651
 20
-0.2286
  0
LWPOLYLINE
  5
A2D
330
A20
100
AcDbEntity
  8
TopOverlay
100
AcDbPolyline
 90
        2
 70
     1
 43
0.0127
 10
-0.17145
 20
0.2286
 42
1.0
 10
-0.15875
 20
0.2286
 42
1.0
  0
LWPOLYLINE
  5
A2E
330
A20
100
AcDbEntity
  8
TopOverlay
100
AcDbPolyline
 90
        2
 70
     1
 43
0.0127
 10
-0.17145
 20
-0.2286
 42
1.0
 10
-0.15875
 20
-0.2286
 42
1.0
  0
LWPOLYLINE
  5
A2F
330
A20
100
AcDbEntity
  8
TopOverlay
100
AcDbPolyline
 90
        2
 70
     0
 43
0.0254
 10
0.1651
 20
0.2286
 10
0.1651
 20
-0.2286
  0
LWPOLYLINE
  5
A30
330
A20
100
AcDbEntity
  8
TopOverlay
100
AcDbPolyline
 90
        2
 70
     1
 43
0.0127
 10
0.15875
 20
0.2286
 42
1.0
 10
0.17145
 20
0.2286
 42
1.0
  0
LWPOLYLINE
  5
A31
330
A20
100
AcDbEntity
  8
TopOverlay
100
AcDbPolyline
 90
        2
 70
     1
 43
0.0127
 10
0.15875
 20
-0.2286
 42
1.0
 10
0.17145
 20
-0.2286
 42
1.0
  0
LWPOLYLINE
  5
A32
330
A20
100
AcDbEntity
  8
TopOverlay
100
AcDbPolyline
 90
        2
 70
     0
 43
0.0254
 10
0.0762
 20
0.2286
 10
0.0762
 20
-0.2286
  0
LWPOLYLINE
  5
A33
330
A20
100
AcDbEntity
  8
TopOverlay
100
AcDbPolyline
 90
        2
 70
     1
 43
0.0127
 10
0.06985
 20
0.2286
 42
1.0
 10
0.08255
 20
0.2286
 42
1.0
  0
LWPOLYLINE
  5
A34
330
A20
100
AcDbEntity
  8
TopOverlay
100
AcDbPolyline
 90
        2
 70
     1
 43
0.0127
 10
0.06985
 20
-0.2286
 42
1.0
 10
0.08255
 20
-0.2286
 42
1.0
  0
LWPOLYLINE
  5
A35
330
A20
100
AcDbEntity
  8
TopOverlay
100
AcDbPolyline
 90
        2
 70
     0
 43
0.0254
 10
0.0762
 20
0.2286
 10
0.1651
 20
0.2286
  0
LWPOLYLINE
  5
A36
330
A20
100
AcDbEntity
  8
TopOverlay
100
AcDbPolyline
 90
        2
 70
     1
 43
0.0127
 10
0.06985
 20
0.2286
 42
1.0
 10
0.08255
 20
0.2286
 42
1.0
  0
LWPOLYLINE
  5
A37
330
A20
100
AcDbEntity
  8
TopOverlay
100
AcDbPolyline
 90
        2
 70
     1
 43
0.0127
 10
0.15875
 20
0.2286
 42
1.0
 10
0.17145
 20
0.2286
 42
1.0
  0
LWPOLYLINE
  5
A38
330
A20
100
AcDbEntity
  8
TopOverlay
100
AcDbPolyline
 90
        2
 70
     0
 43
0.0254
 10
0.0762
 20
-0.2286
 10
0.1651
 20
-0.2286
  0
LWPOLYLINE
  5
A39
330
A20
100
AcDbEntity
  8
TopOverlay
100
AcDbPolyline
 90
        2
 70
     1
 43
0.0127
 10
0.06985
 20
-0.2286
 42
1.0
 10
0.08255
 20
-0.2286
 42
1.0
  0
LWPOLYLINE
  5
A3A
330
A20
100
AcDbEntity
  8
TopOverlay
100
AcDbPolyline
 90
        2
 70
     1
 43
0.0127
 10
0.15875
 20
-0.2286
 42
1.0
 10
0.17145
 20
-0.2286
 42
1.0
  0
REGION
  5
A43
102
{ACAD_REACTORS
330
A44
102
}
330
A20
100
AcDbEntity
  8
TopPaste
 62
     8
100
AcDbModelerGeometry
 70
     1
  1
mnmoo kh m mi          
  1
ni ^ *+0;:,4 ^ *+0\^ [ mo ^ LR mmjqnqoqijjlj QK o  
  1
n fqfffffffffffffffjkh:roh nqooooooooooooooooli:rno 
  1
>,27:>;:- {rn rn _nl mmjqnqoqijjlj |
  1
=0;& {rn rn {rn {m {rn {rn |
  1
3*2/ {rn rn {rn {rn {l {n |
  1
,7:33 {rn rn {rn {rn {rn {k {rn {m |
  1
9><: {rn rn {rn {rn {j {l {rn {i 90-(>-; ;0*=3: 0*+ |
  1
300/ {rn rn {rn {rn {h {k |
  1
/3>1:r,*-9><: {rn rn {rn oqjogoooooooooooooohn o o o o n n o o 90-(>-;@) V V V V |
  1
<0:;8: {rn rn {rn {g {f {rn {no 90-(>-; {j {rn |
  1
<0:;8: {rn rn {rn {nn {h {rn {nm 90-(>-; {j {rn |
  1
<0:;8: {rn rn {rn {h {nl {rn {nk 90-(>-; {j {rn |
  1
:;8: {rn rn {rn {nj o {ni nqjhohfilmihfkgfijjg {h {nh 90-(>-; _h *1410(1 |
  1
<0:;8: {rn rn {rn {ng {g {rn {nf 90-(>-; {j {rn |
  1
:;8: {rn rn {rn {ni o {mo oqmjkooooooooooooojfn {g {mn 90-(>-; _h *1410(1 |
  1
<0:;8: {rn rn {rn {f {mm {rn {ml 90-(>-; {j {rn |
  1
:;8: {rn rn {rn {mk o {nj oqmjkooooooooooooooli {f {mj 90-(>-; _h *1410(1 |
  1
):-+:' {rn rn {rn {nk m {mi |
  1
):-+:' {rn rn {rn {nm m {mh |
  1
:336/,:r<*-): {rn rn {rn oqiljoooooooooooooogf oqnmhoooooooooooooong o o o n oqnmhoooooooooooooong o o n V V |
  1
<0:;8: {rn rn {rn {mg {nn {rn {mf 90-(>-; {j {rn |
  1
:;8: {rn rn {rn {mo o {lo nqjhohfilmihfkgfilli {nn {ln 90-(>-; _h *1410(1 |
  1
):-+:' {rn rn {rn {nf m {lm |
  1
,+->687+r<*-): {rn rn {rn oqiljoooooooooooooogf oqmjkooooooooooooooli o rn o o V V |
  1
<0:;8: {rn rn {rn {nl {mg {rn {ll 90-(>-; {j {rn |
  1
:;8: {rn rn {rn {lk o {mk nqjhohfilmihfkgfijjg {nl {lj 90-(>-; _h *1410(1 |
  1
):-+:' {rn rn {rn {nk m {li |
  1
,+->687+r<*-): {rn rn {rn oqhimooooooooooooonoh roqnmhoooooooooooooong o o n o V V |
  1
/061+ {rn rn {rn oqhimooooooooooooonoh oqnmhoooooooooooooong o |
  1
/061+ {rn rn {rn oqiljoooooooooooooogf oqmjkooooooooooooooli o |
  1
<0:;8: {rn rn {rn {mm {ng {rn {lh 90-(>-; {j {rn |
  1
:;8: {rn rn {rn {lo o {lg oqmjkooooooooooooooli {ng {lf 90-(>-; _h *1410(1 |
  1
):-+:' {rn rn {rn {mf m {ko |
  1
:336/,:r<*-): {rn rn {rn oqlgofffffffffffffkfg oqnmhoooooooooooooong o o o n o oqnmhoooooooooooooong o n V V |
  1
/061+ {rn rn {rn oqlgofffffffffffffkfg oqmjkooooooooooooooli o |
  1
:;8: {rn rn {rn {kn o {lk oqmjkooooooooooooojfn {mm {km 90-(>-; _h *1410(1 |
  1
):-+:' {rn rn {rn {ml m {kl |
  1
:336/,:r<*-): {rn rn {rn oqiljoooooooooooooogf roqnmhoooooooooooooong o o o n o roqnmhoooooooooooooong o n V V |
  1
/061+ {rn rn {rn oqhimooooooooooooonoh roqnmhoooooooooooooong o |
  1
:;8: {rn rn {rn {lg o {kn nqjhohfilmihfkgfihg {mg {kk 90-(>-; _h *1410(1 |
  1
):-+:' {rn rn {rn {lh m {kj |
  1
,+->687+r<*-): {rn rn {rn oqmjlfffffffffffffkg oqnmhooooooooooooomfj o o rn o V V |
  1
/061+ {rn rn {rn oqmjlfffffffffffffkg oqnmhooooooooooooomfj o |
  1
):-+:' {rn rn {rn {ll m {ki |
  1
,+->687+r<*-): {rn rn {rn oqlgofffffffffffffkfg roqmjkooooooooooooooli o n o o V V |
  1
/061+ {rn rn {rn oqiljoooooooooooooogf roqmjkooooooooooooooli o |
  1
:336/,:r<*-): {rn rn {rn oqlgofffffffffffffkfg roqnmhoooooooooooooong o o o n roqnmhoooooooooooooong mqhhjjjhjinjimgfnljn:rnh o n V V |
  1
/061+ {rn rn {rn oqmjlfffffffffffffkg roqnmifffffffffffffhk o |
  1
/061+ {rn rn {rn oqlgofffffffffffffkfg roqmjkooooooooooooooli o |
  0
HATCH
  5
A44
330
A20
100
AcDbEntity
  8
TopPaste
 62
     8
100
AcDbHatch
 10
0.0
 20
0.0
 30
0.0
210
0.0
220
0.0
230
1.0
  2
SOLID
 70
     1
 71
     1
 91
        1
 92
        1
 93
        8
 72
     2
 10
0.635
 20
0.127
 40
0.127
 50
0.0
 51
90.0
 73
     1
 72
     1
 10
0.635
 20
0.254
 11
0.3809999999999999
 21
0.254
 72
     2
 10
0.3809999999999999
 20
0.127
 40
0.127
 50
90.0
 51
180.0
 73
     1
 72
     1
 10
0.2539999999999999
 20
0.127
 11
0.2539999999999999
 21
-0.127
 72
     2
 10
0.3809999999999999
 20
-0.127
 40
0.127
 50
180.0
 51
270.0
 73
     1
 72
     1
 10
0.3809999999999999
 20
-0.254
 11
0.635
 21
-0.254
 72
     2
 10
0.635
 20
-0.127
 40
0.127
 50
270.0
 51
360.0
 73
     1
 72
     1
 10
0.762
 20
-0.127
 11
0.762
 21
0.127
 97
        1
330
A43
 75
     0
 76
     1
 98
        0
450
        0
451
        0
460
0.0
461
0.0
452
        0
462
0.0
453
        0
470

  0
REGION
  5
A4D
102
{ACAD_REACTORS
330
A4E
102
}
330
A20
100
AcDbEntity
  8
TopPaste
 62
     8
100
AcDbModelerGeometry
 70
     1
  1
mnmoo kh m mi          
  1
ni ^ *+0;:,4 ^ *+0\^ [ mo ^ LR mmjqnqoqijjlj QK o  
  1
n fqfffffffffffffffjkh:roh nqooooooooooooooooli:rno 
  1
>,27:>;:- {rn rn _nl mmjqnqoqijjlj |
  1
=0;& {rn rn {rn {m {rn {rn |
  1
3*2/ {rn rn {rn {rn {l {n |
  1
,7:33 {rn rn {rn {rn {rn {k {rn {m |
  1
9><: {rn rn {rn {rn {j {l {rn {i 90-(>-; ;0*=3: 0*+ |
  1
300/ {rn rn {rn {rn {h {k |
  1
/3>1:r,*-9><: {rn rn {rn roqjogoooooooooooooohn o o o o n n o o 90-(>-;@) V V V V |
  1
<0:;8: {rn rn {rn {g {f {rn {no 90-(>-; {j {rn |
  1
<0:;8: {rn rn {rn {nn {h {rn {nm 90-(>-; {j {rn |
  1
<0:;8: {rn rn {rn {h {nl {rn {nk 90-(>-; {j {rn |
  1
:;8: {rn rn {rn {nj o {ni nqjhohfilmihfkgfijjg {h {nh 90-(>-; _h *1410(1 |
  1
<0:;8: {rn rn {rn {ng {g {rn {nf 90-(>-; {j {rn |
  1
:;8: {rn rn {rn {ni o {mo oqmjkooooooooooooojfn {g {mn 90-(>-; _h *1410(1 |
  1
<0:;8: {rn rn {rn {f {mm {rn {ml 90-(>-; {j {rn |
  1
:;8: {rn rn {rn {mk o {nj oqmjkooooooooooooooli {f {mj 90-(>-; _h *1410(1 |
  1
):-+:' {rn rn {rn {nk m {mi |
  1
):-+:' {rn rn {rn {nm m {mh |
  1
:336/,:r<*-): {rn rn {rn roqlgofffffffffffffkfg oqnmhoooooooooooooong o o o n oqnmhoooooooooooooong o o n V V |
  1
<0:;8: {rn rn {rn {mg {nn {rn {mf 90-(>-; {j {rn |
  1
:;8: {rn rn {rn {mo o {lo nqjhohfilmihfkgfilli {nn {ln 90-(>-; _h *1410(1 |
  1
):-+:' {rn rn {rn {nf m {lm |
  1
,+->687+r<*-): {rn rn {rn roqlgofffffffffffffkfg oqmjkooooooooooooooli o rn o o V V |
  1
<0:;8: {rn rn {rn {nl {mg {rn {ll 90-(>-; {j {rn |
  1
:;8: {rn rn {rn {lk o {mk nqjhohfilmihfkgfijjg {nl {lj 90-(>-; _h *1410(1 |
  1
):-+:' {rn rn {rn {nk m {li |
  1
,+->687+r<*-): {rn rn {rn roqmjlfffffffffffffkg roqnmhoooooooooooooong o o n o V V |
  1
/061+ {rn rn {rn roqmjlfffffffffffffkg oqnmhoooooooooooooong o |
  1
/061+ {rn rn {rn roqlgofffffffffffffkfg oqmjkooooooooooooooli o |
  1
<0:;8: {rn rn {rn {mm {ng {rn {lh 90-(>-; {j {rn |
  1
:;8: {rn rn {rn {lo o {lg oqmjkooooooooooooooli {ng {lf 90-(>-; _h *1410(1 |
  1
):-+:' {rn rn {rn {mf m {ko |
  1
:336/,:r<*-): {rn rn {rn roqiljoooooooooooooogf oqnmhoooooooooooooong o o o n o oqnmhoooooooooooooong o n V V |
  1
/061+ {rn rn {rn roqiljoooooooooooooogf oqmjkooooooooooooooli o |
  1
:;8: {rn rn {rn {kn o {lk oqmjkooooooooooooojfn {mm {km 90-(>-; _h *1410(1 |
  1
):-+:' {rn rn {rn {ml m {kl |
  1
:336/,:r<*-): {rn rn {rn roqlgofffffffffffffkfg roqnmhoooooooooooooong o o o n o roqnmhoooooooooooooong o n V V |
  1
/061+ {rn rn {rn roqmjlfffffffffffffkg roqnmhoooooooooooooong o |
  1
:;8: {rn rn {rn {lg o {kn nqjhohfilmihfkgfihg {mg {kk 90-(>-; _h *1410(1 |
  1
):-+:' {rn rn {rn {lh m {kj |
  1
,+->687+r<*-): {rn rn {rn roqhimooooooooooooonoh oqnmhooooooooooooomfj o o rn o V V |
  1
/061+ {rn rn {rn roqhimooooooooooooonoh oqnmhooooooooooooomfj o |
  1
):-+:' {rn rn {rn {ll m {ki |
  1
,+->687+r<*-): {rn rn {rn roqiljoooooooooooooogf roqmjkooooooooooooooli o n o o V V |
  1
/061+ {rn rn {rn roqlgofffffffffffffkfg roqmjkooooooooooooooli o |
  1
:336/,:r<*-): {rn rn {rn roqiljoooooooooooooogf roqnmhoooooooooooooong o o o n roqnmhoooooooooooooong mqhhjjjhjinjimgfnljn:rnh o n V V |
  1
/061+ {rn rn {rn roqhimooooooooooooonoh roqnmifffffffffffffhk o |
  1
/061+ {rn rn {rn roqiljoooooooooooooogf roqmjkooooooooooooooli o |
  0
HATCH
  5
A4E
330
A20
100
AcDbEntity
  8
TopPaste
 62
     8
100
AcDbHatch
 10
0.0
 20
0.0
 30
0.0
210
0.0
220
0.0
230
1.0
  2
SOLID
 70
     1
 71
     1
 91
        1
 92
        1
 93
        8
 72
     2
 10
-0.3809999999999999
 20
0.127
 40
0.127
 50
0.0
 51
90.0
 73
     1
 72
     1
 10
-0.3809999999999999
 20
0.254
 11
-0.635
 21
0.254
 72
     2
 10
-0.635
 20
0.127
 40
0.127
 50
90.0
 51
180.0
 73
     1
 72
     1
 10
-0.762
 20
0.127
 11
-0.762
 21
-0.127
 72
     2
 10
-0.635
 20
-0.127
 40
0.127
 50
180.0
 51
270.0
 73
     1
 72
     1
 10
-0.635
 20
-0.254
 11
-0.3809999999999999
 21
-0.254
 72
     2
 10
-0.3809999999999999
 20
-0.127
 40
0.127
 50
270.0
 51
360.0
 73
     1
 72
     1
 10
-0.2539999999999999
 20
-0.127
 11
-0.2539999999999999
 21
0.127
 97
        1
330
A4D
 75
     0
 76
     1
 98
        0
450
        0
451
        0
460
0.0
461
0.0
452
        0
462
0.0
453
        0
470

  0
LINE
  5
A4F
330
A20
100
AcDbEntity
  8
TopOverlay
100
AcDbLine
 10
-0.1651
 20
-0.2286
 30
0.0
 11
-0.1651
 21
0.2286
 31
0.0
  0
LINE
  5
A50
330
A20
100
AcDbEntity
  8
TopOverlay
100
AcDbLine
 10
-0.1651
 20
0.2286
 30
0.0
 11
-0.0762
 21
0.2286
 31
0.0
  0
LINE
  5
A51
330
A20
100
AcDbEntity
  8
TopOverlay
100
AcDbLine
 10
-0.0762
 20
0.2286
 30
0.0
 11
-0.0762
 21
-0.2286
 31
0.0
  0
LINE
  5
A52
330
A20
100
AcDbEntity
  8
TopOverlay
100
AcDbLine
 10
-0.0762
 20
-0.2286
 30
0.0
 11
-0.1651
 21
-0.2286
 31
0.0
  0
LINE
  5
A53
330
A20
100
AcDbEntity
  8
TopOverlay
100
AcDbLine
 10
0.1651
 20
0.2286
 30
0.0
 11
0.1651
 21
-0.2286
 31
0.0
  0
LINE
  5
A54
330
A20
100
AcDbEntity
  8
TopOverlay
100
AcDbLine
 10
0.1651
 20
-0.2286
 30
0.0
 11
0.0762
 21
-0.2286
 31
0.0
  0
LINE
  5
A55
330
A20
100
AcDbEntity
  8
TopOverlay
100
AcDbLine
 10
0.0762
 20
-0.2286
 30
0.0
 11
0.0762
 21
0.2286
 31
0.0
  0
LINE
  5
A56
330
A20
100
AcDbEntity
  8
TopOverlay
100
AcDbLine
 10
0.0762
 20
0.2286
 30
0.0
 11
0.1651
 21
0.2286
 31
0.0
  0
ENDBLK
  5
A22
330
A20
100
AcDbEntity
  8
0
100
AcDbBlockEnd
  0
BLOCK
  5
A59
330
A58
100
AcDbEntity
  8
0
100
AcDbBlockBegin
  2
CAP_0402_54
 70
     0
 10
0.0
 20
0.0
 30
0.0
  3
CAP_0402_54
  1

  0
LWPOLYLINE
  5
A5B
330
A58
100
AcDbEntity
  8
TopOverlay
100
AcDbPolyline
 90
        2
 70
     0
 43
0.0254
 10
-0.1651
 20
0.2286
 10
-0.0762
 20
0.2286
  0
LWPOLYLINE
  5
A5C
330
A58
100
AcDbEntity
  8
TopOverlay
100
AcDbPolyline
 90
        2
 70
     1
 43
0.0127
 10
-0.17145
 20
0.2286
 42
1.0
 10
-0.15875
 20
0.2286
 42
1.0
  0
LWPOLYLINE
  5
A5D
330
A58
100
AcDbEntity
  8
TopOverlay
100
AcDbPolyline
 90
        2
 70
     1
 43
0.0127
 10
-0.08255
 20
0.2286
 42
1.0
 10
-0.06985
 20
0.2286
 42
1.0
  0
LWPOLYLINE
  5
A5E
330
A58
100
AcDbEntity
  8
TopOverlay
100
AcDbPolyline
 90
        2
 70
     0
 43
0.0254
 10
-0.1651
 20
-0.2286
 10
-0.0762
 20
-0.2286
  0
LWPOLYLINE
  5
A5F
330
A58
100
AcDbEntity
  8
TopOverlay
100
AcDbPolyline
 90
        2
 70
     1
 43
0.0127
 10
-0.17145
 20
-0.2286
 42
1.0
 10
-0.15875
 20
-0.2286
 42
1.0
  0
LWPOLYLINE
  5
A60
330
A58
100
AcDbEntity
  8
TopOverlay
100
AcDbPolyline
 90
        2
 70
     1
 43
0.0127
 10
-0.08255
 20
-0.2286
 42
1.0
 10
-0.06985
 20
-0.2286
 42
1.0
  0
LWPOLYLINE
  5
A61
330
A58
100
AcDbEntity
  8
TopOverlay
100
AcDbPolyline
 90
        2
 70
     0
 43
0.0254
 10
-0.0762
 20
-0.2286
 10
-0.0762
 20
0.2286
  0
LWPOLYLINE
  5
A62
330
A58
100
AcDbEntity
  8
TopOverlay
100
AcDbPolyline
 90
        2
 70
     1
 43
0.0127
 10
-0.08255
 20
-0.2286
 42
1.0
 10
-0.06985
 20
-0.2286
 42
1.0
  0
LWPOLYLINE
  5
A63
330
A58
100
AcDbEntity
  8
TopOverlay
100
AcDbPolyline
 90
        2
 70
     1
 43
0.0127
 10
-0.08255
 20
0.2286
 42
1.0
 10
-0.06985
 20
0.2286
 42
1.0
  0
LWPOLYLINE
  5
A64
330
A58
100
AcDbEntity
  8
TopOverlay
100
AcDbPolyline
 90
        2
 70
     0
 43
0.0254
 10
-0.1651
 20
-0.2286
 10
-0.1651
 20
0.2286
  0
LWPOLYLINE
  5
A65
330
A58
100
AcDbEntity
  8
TopOverlay
100
AcDbPolyline
 90
        2
 70
     1
 43
0.0127
 10
-0.17145
 20
-0.2286
 42
1.0
 10
-0.15875
 20
-0.2286
 42
1.0
  0
LWPOLYLINE
  5
A66
330
A58
100
AcDbEntity
  8
TopOverlay
100
AcDbPolyline
 90
        2
 70
     1
 43
0.0127
 10
-0.17145
 20
0.2286
 42
1.0
 10
-0.15875
 20
0.2286
 42
1.0
  0
LWPOLYLINE
  5
A67
330
A58
100
AcDbEntity
  8
TopOverlay
100
AcDbPolyline
 90
        2
 70
     0
 43
0.0254
 10
0.1651
 20
-0.2286
 10
0.1651
 20
0.2286
  0
LWPOLYLINE
  5
A68
330
A58
100
AcDbEntity
  8
TopOverlay
100
AcDbPolyline
 90
        2
 70
     1
 43
0.0127
 10
0.15875
 20
-0.2286
 42
1.0
 10
0.17145
 20
-0.2286
 42
1.0
  0
LWPOLYLINE
  5
A69
330
A58
100
AcDbEntity
  8
TopOverlay
100
AcDbPolyline
 90
        2
 70
     1
 43
0.0127
 10
0.15875
 20
0.2286
 42
1.0
 10
0.17145
 20
0.2286
 42
1.0
  0
LWPOLYLINE
  5
A6A
330
A58
100
AcDbEntity
  8
TopOverlay
100
AcDbPolyline
 90
        2
 70
     0
 43
0.0254
 10
0.0762
 20
-0.2286
 10
0.0762
 20
0.2286
  0
LWPOLYLINE
  5
A6B
330
A58
100
AcDbEntity
  8
TopOverlay
100
AcDbPolyline
 90
        2
 70
     1
 43
0.0127
 10
0.06985
 20
-0.2286
 42
1.0
 10
0.08255
 20
-0.2286
 42
1.0
  0
LWPOLYLINE
  5
A6C
330
A58
100
AcDbEntity
  8
TopOverlay
100
AcDbPolyline
 90
        2
 70
     1
 43
0.0127
 10
0.06985
 20
0.2286
 42
1.0
 10
0.08255
 20
0.2286
 42
1.0
  0
LWPOLYLINE
  5
A6D
330
A58
100
AcDbEntity
  8
TopOverlay
100
AcDbPolyline
 90
        2
 70
     0
 43
0.0254
 10
0.0762
 20
0.2286
 10
0.1651
 20
0.2286
  0
LWPOLYLINE
  5
A6E
330
A58
100
AcDbEntity
  8
TopOverlay
100
AcDbPolyline
 90
        2
 70
     1
 43
0.0127
 10
0.06985
 20
0.2286
 42
1.0
 10
0.08255
 20
0.2286
 42
1.0
  0
LWPOLYLINE
  5
A6F
330
A58
100
AcDbEntity
  8
TopOverlay
100
AcDbPolyline
 90
        2
 70
     1
 43
0.0127
 10
0.15875
 20
0.2286
 42
1.0
 10
0.17145
 20
0.2286
 42
1.0
  0
LWPOLYLINE
  5
A70
330
A58
100
AcDbEntity
  8
TopOverlay
100
AcDbPolyline
 90
        2
 70
     0
 43
0.0254
 10
0.0762
 20
-0.2286
 10
0.1651
 20
-0.2286
  0
LWPOLYLINE
  5
A71
330
A58
100
AcDbEntity
  8
TopOverlay
100
AcDbPolyline
 90
        2
 70
     1
 43
0.0127
 10
0.06985
 20
-0.2286
 42
1.0
 10
0.08255
 20
-0.2286
 42
1.0
  0
LWPOLYLINE
  5
A72
330
A58
100
AcDbEntity
  8
TopOverlay
100
AcDbPolyline
 90
        2
 70
     1
 43
0.0127
 10
0.15875
 20
-0.2286
 42
1.0
 10
0.17145
 20
-0.2286
 42
1.0
  0
LINE
  5
A73
330
A58
100
AcDbEntity
  8
TopOverlay
100
AcDbLine
 10
-0.1651
 20
-0.2286
 30
0.0
 11
-0.1651
 21
0.2286
 31
0.0
  0
LINE
  5
A74
330
A58
100
AcDbEntity
  8
TopOverlay
100
AcDbLine
 10
-0.1651
 20
0.2286
 30
0.0
 11
-0.0762
 21
0.2286
 31
0.0
  0
LINE
  5
A75
330
A58
100
AcDbEntity
  8
TopOverlay
100
AcDbLine
 10
-0.0762
 20
0.2286
 30
0.0
 11
-0.0762
 21
-0.2286
 31
0.0
  0
LINE
  5
A76
330
A58
100
AcDbEntity
  8
TopOverlay
100
AcDbLine
 10
-0.0762
 20
-0.2286
 30
0.0
 11
-0.1651
 21
-0.2286
 31
0.0
  0
LINE
  5
A77
330
A58
100
AcDbEntity
  8
TopOverlay
100
AcDbLine
 10
0.1651
 20
0.2286
 30
0.0
 11
0.1651
 21
-0.2286
 31
0.0
  0
LINE
  5
A78
330
A58
100
AcDbEntity
  8
TopOverlay
100
AcDbLine
 10
0.1651
 20
-0.2286
 30
0.0
 11
0.0762
 21
-0.2286
 31
0.0
  0
LINE
  5
A79
330
A58
100
AcDbEntity
  8
TopOverlay
100
AcDbLine
 10
0.0762
 20
-0.2286
 30
0.0
 11
0.0762
 21
0.2286
 31
0.0
  0
LINE
  5
A7A
330
A58
100
AcDbEntity
  8
TopOverlay
100
AcDbLine
 10
0.0762
 20
0.2286
 30
0.0
 11
0.1651
 21
0.2286
 31
0.0
  0
ENDBLK
  5
A5A
330
A58
100
AcDbEntity
  8
0
100
AcDbBlockEnd
  0
BLOCK
  5
A7D
330
A7C
100
AcDbEntity
  8
0
100
AcDbBlockBegin
  2
CAP_0402_55
 70
     0
 10
0.0
 20
0.0
 30
0.0
  3
CAP_0402_55
  1

  0
LWPOLYLINE
  5
A7F
330
A7C
100
AcDbEntity
  8
TopOverlay
100
AcDbPolyline
 90
        2
 70
     0
 43
0.0254
 10
-0.0762
 20
0.2286
 10
-0.1651
 20
0.2286
  0
LWPOLYLINE
  5
A80
330
A7C
100
AcDbEntity
  8
TopOverlay
100
AcDbPolyline
 90
        2
 70
     1
 43
0.0127
 10
-0.08255
 20
0.2286
 42
1.0
 10
-0.06985
 20
0.2286
 42
1.0
  0
LWPOLYLINE
  5
A81
330
A7C
100
AcDbEntity
  8
TopOverlay
100
AcDbPolyline
 90
        2
 70
     1
 43
0.0127
 10
-0.17145
 20
0.2286
 42
1.0
 10
-0.15875
 20
0.2286
 42
1.0
  0
LWPOLYLINE
  5
A82
330
A7C
100
AcDbEntity
  8
TopOverlay
100
AcDbPolyline
 90
        2
 70
     0
 43
0.0254
 10
-0.0762
 20
-0.2286
 10
-0.1651
 20
-0.2286
  0
LWPOLYLINE
  5
A83
330
A7C
100
AcDbEntity
  8
TopOverlay
100
AcDbPolyline
 90
        2
 70
     1
 43
0.0127
 10
-0.08255
 20
-0.2286
 42
1.0
 10
-0.06985
 20
-0.2286
 42
1.0
  0
LWPOLYLINE
  5
A84
330
A7C
100
AcDbEntity
  8
TopOverlay
100
AcDbPolyline
 90
        2
 70
     1
 43
0.0127
 10
-0.17145
 20
-0.2286
 42
1.0
 10
-0.15875
 20
-0.2286
 42
1.0
  0
LWPOLYLINE
  5
A85
330
A7C
100
AcDbEntity
  8
TopOverlay
100
AcDbPolyline
 90
        2
 70
     0
 43
0.0254
 10
-0.0762
 20
-0.2286
 10
-0.0762
 20
0.2286
  0
LWPOLYLINE
  5
A86
330
A7C
100
AcDbEntity
  8
TopOverlay
100
AcDbPolyline
 90
        2
 70
     1
 43
0.0127
 10
-0.08255
 20
-0.2286
 42
1.0
 10
-0.06985
 20
-0.2286
 42
1.0
  0
LWPOLYLINE
  5
A87
330
A7C
100
AcDbEntity
  8
TopOverlay
100
AcDbPolyline
 90
        2
 70
     1
 43
0.0127
 10
-0.08255
 20
0.2286
 42
1.0
 10
-0.06985
 20
0.2286
 42
1.0
  0
LWPOLYLINE
  5
A88
330
A7C
100
AcDbEntity
  8
TopOverlay
100
AcDbPolyline
 90
        2
 70
     0
 43
0.0254
 10
-0.1651
 20
-0.2286
 10
-0.1651
 20
0.2286
  0
LWPOLYLINE
  5
A89
330
A7C
100
AcDbEntity
  8
TopOverlay
100
AcDbPolyline
 90
        2
 70
     1
 43
0.0127
 10
-0.17145
 20
-0.2286
 42
1.0
 10
-0.15875
 20
-0.2286
 42
1.0
  0
LWPOLYLINE
  5
A8A
330
A7C
100
AcDbEntity
  8
TopOverlay
100
AcDbPolyline
 90
        2
 70
     1
 43
0.0127
 10
-0.17145
 20
0.2286
 42
1.0
 10
-0.15875
 20
0.2286
 42
1.0
  0
LWPOLYLINE
  5
A8B
330
A7C
100
AcDbEntity
  8
TopOverlay
100
AcDbPolyline
 90
        2
 70
     0
 43
0.0254
 10
0.1651
 20
-0.2286
 10
0.1651
 20
0.2286
  0
LWPOLYLINE
  5
A8C
330
A7C
100
AcDbEntity
  8
TopOverlay
100
AcDbPolyline
 90
        2
 70
     1
 43
0.0127
 10
0.15875
 20
-0.2286
 42
1.0
 10
0.17145
 20
-0.2286
 42
1.0
  0
LWPOLYLINE
  5
A8D
330
A7C
100
AcDbEntity
  8
TopOverlay
100
AcDbPolyline
 90
        2
 70
     1
 43
0.0127
 10
0.15875
 20
0.2286
 42
1.0
 10
0.17145
 20
0.2286
 42
1.0
  0
LWPOLYLINE
  5
A8E
330
A7C
100
AcDbEntity
  8
TopOverlay
100
AcDbPolyline
 90
        2
 70
     0
 43
0.0254
 10
0.0762
 20
-0.2286
 10
0.0762
 20
0.2286
  0
LWPOLYLINE
  5
A8F
330
A7C
100
AcDbEntity
  8
TopOverlay
100
AcDbPolyline
 90
        2
 70
     1
 43
0.0127
 10
0.06985
 20
-0.2286
 42
1.0
 10
0.08255
 20
-0.2286
 42
1.0
  0
LWPOLYLINE
  5
A90
330
A7C
100
AcDbEntity
  8
TopOverlay
100
AcDbPolyline
 90
        2
 70
     1
 43
0.0127
 10
0.06985
 20
0.2286
 42
1.0
 10
0.08255
 20
0.2286
 42
1.0
  0
LWPOLYLINE
  5
A91
330
A7C
100
AcDbEntity
  8
TopOverlay
100
AcDbPolyline
 90
        2
 70
     0
 43
0.0254
 10
0.1651
 20
0.2286
 10
0.0762
 20
0.2286
  0
LWPOLYLINE
  5
A92
330
A7C
100
AcDbEntity
  8
TopOverlay
100
AcDbPolyline
 90
        2
 70
     1
 43
0.0127
 10
0.15875
 20
0.2286
 42
1.0
 10
0.17145
 20
0.2286
 42
1.0
  0
LWPOLYLINE
  5
A93
330
A7C
100
AcDbEntity
  8
TopOverlay
100
AcDbPolyline
 90
        2
 70
     1
 43
0.0127
 10
0.06985
 20
0.2286
 42
1.0
 10
0.08255
 20
0.2286
 42
1.0
  0
LWPOLYLINE
  5
A94
330
A7C
100
AcDbEntity
  8
TopOverlay
100
AcDbPolyline
 90
        2
 70
     0
 43
0.0254
 10
0.1651
 20
-0.2286
 10
0.0762
 20
-0.2286
  0
LWPOLYLINE
  5
A95
330
A7C
100
AcDbEntity
  8
TopOverlay
100
AcDbPolyline
 90
        2
 70
     1
 43
0.0127
 10
0.15875
 20
-0.2286
 42
1.0
 10
0.17145
 20
-0.2286
 42
1.0
  0
LWPOLYLINE
  5
A96
330
A7C
100
AcDbEntity
  8
TopOverlay
100
AcDbPolyline
 90
        2
 70
     1
 43
0.0127
 10
0.06985
 20
-0.2286
 42
1.0
 10
0.08255
 20
-0.2286
 42
1.0
  0
REGION
  5
A9F
102
{ACAD_REACTORS
330
AA0
102
}
330
A7C
100
AcDbEntity
  8
TopPaste
 62
     8
100
AcDbModelerGeometry
 70
     1
  1
mnmoo kh m mi          
  1
ni ^ *+0;:,4 ^ *+0\^ [ mo ^ LR mmjqnqoqijjlj QK o  
  1
n fqfffffffffffffffjkh:roh nqooooooooooooooooli:rno 
  1
>,27:>;:- {rn rn _nl mmjqnqoqijjlj |
  1
=0;& {rn rn {rn {m {rn {rn |
  1
3*2/ {rn rn {rn {rn {l {n |
  1
,7:33 {rn rn {rn {rn {rn {k {rn {m |
  1
9><: {rn rn {rn {rn {j {l {rn {i 90-(>-; ;0*=3: 0*+ |
  1
300/ {rn rn {rn {rn {h {k |
  1
/3>1:r,*-9><: {rn rn {rn oqjogoooooooooooooohn o o o o n n o o 90-(>-;@) V V V V |
  1
<0:;8: {rn rn {rn {g {f {rn {no 90-(>-; {j {rn |
  1
<0:;8: {rn rn {rn {nn {h {rn {nm 90-(>-; {j {rn |
  1
<0:;8: {rn rn {rn {h {nl {rn {nk 90-(>-; {j {rn |
  1
:;8: {rn rn {rn {nj o {ni nqjhohfilmihfkgfijjg {h {nh 90-(>-; _h *1410(1 |
  1
<0:;8: {rn rn {rn {ng {g {rn {nf 90-(>-; {j {rn |
  1
:;8: {rn rn {rn {ni o {mo oqmjkooooooooooooojfn {g {mn 90-(>-; _h *1410(1 |
  1
<0:;8: {rn rn {rn {f {mm {rn {ml 90-(>-; {j {rn |
  1
:;8: {rn rn {rn {mk o {nj oqmjkooooooooooooooli {f {mj 90-(>-; _h *1410(1 |
  1
):-+:' {rn rn {rn {nk m {mi |
  1
):-+:' {rn rn {rn {nm m {mh |
  1
:336/,:r<*-): {rn rn {rn oqiljoooooooooooooogf oqnmhoooooooooooooong o o o n oqnmhoooooooooooooong o o n V V |
  1
<0:;8: {rn rn {rn {mg {nn {rn {mf 90-(>-; {j {rn |
  1
:;8: {rn rn {rn {mo o {lo nqjhohfilmihfkgfilli {nn {ln 90-(>-; _h *1410(1 |
  1
):-+:' {rn rn {rn {nf m {lm |
  1
,+->687+r<*-): {rn rn {rn oqiljoooooooooooooogf oqmjkooooooooooooooli o rn o o V V |
  1
<0:;8: {rn rn {rn {nl {mg {rn {ll 90-(>-; {j {rn |
  1
:;8: {rn rn {rn {lk o {mk nqjhohfilmihfkgfijjg {nl {lj 90-(>-; _h *1410(1 |
  1
):-+:' {rn rn {rn {nk m {li |
  1
,+->687+r<*-): {rn rn {rn oqhimooooooooooooonoh roqnmhoooooooooooooong o o n o V V |
  1
/061+ {rn rn {rn oqhimooooooooooooonoh oqnmhoooooooooooooong o |
  1
/061+ {rn rn {rn oqiljoooooooooooooogf oqmjkooooooooooooooli o |
  1
<0:;8: {rn rn {rn {mm {ng {rn {lh 90-(>-; {j {rn |
  1
:;8: {rn rn {rn {lo o {lg oqmjkooooooooooooooli {ng {lf 90-(>-; _h *1410(1 |
  1
):-+:' {rn rn {rn {mf m {ko |
  1
:336/,:r<*-): {rn rn {rn oqlgofffffffffffffkfg oqnmhoooooooooooooong o o o n o oqnmhoooooooooooooong o n V V |
  1
/061+ {rn rn {rn oqlgofffffffffffffkfg oqmjkooooooooooooooli o |
  1
:;8: {rn rn {rn {kn o {lk oqmjkooooooooooooojfn {mm {km 90-(>-; _h *1410(1 |
  1
):-+:' {rn rn {rn {ml m {kl |
  1
:336/,:r<*-): {rn rn {rn oqiljoooooooooooooogf roqnmhoooooooooooooong o o o n o roqnmhoooooooooooooong o n V V |
  1
/061+ {rn rn {rn oqhimooooooooooooonoh roqnmhoooooooooooooong o |
  1
:;8: {rn rn {rn {lg o {kn nqjhohfilmihfkgfihg {mg {kk 90-(>-; _h *1410(1 |
  1
):-+:' {rn rn {rn {lh m {kj |
  1
,+->687+r<*-): {rn rn {rn oqmjlfffffffffffffkg oqnmhooooooooooooomfj o o rn o V V |
  1
/061+ {rn rn {rn oqmjlfffffffffffffkg oqnmhooooooooooooomfj o |
  1
):-+:' {rn rn {rn {ll m {ki |
  1
,+->687+r<*-): {rn rn {rn oqlgofffffffffffffkfg roqmjkooooooooooooooli o n o o V V |
  1
/061+ {rn rn {rn oqiljoooooooooooooogf roqmjkooooooooooooooli o |
  1
:336/,:r<*-): {rn rn {rn oqlgofffffffffffffkfg roqnmhoooooooooooooong o o o n roqnmhoooooooooooooong mqhhjjjhjinjimgfnljn:rnh o n V V |
  1
/061+ {rn rn {rn oqmjlfffffffffffffkg roqnmifffffffffffffhk o |
  1
/061+ {rn rn {rn oqlgofffffffffffffkfg roqmjkooooooooooooooli o |
  0
HATCH
  5
AA0
330
A7C
100
AcDbEntity
  8
TopPaste
 62
     8
100
AcDbHatch
 10
0.0
 20
0.0
 30
0.0
210
0.0
220
0.0
230
1.0
  2
SOLID
 70
     1
 71
     1
 91
        1
 92
        1
 93
        8
 72
     2
 10
0.635
 20
0.127
 40
0.127
 50
0.0
 51
90.0
 73
     1
 72
     1
 10
0.635
 20
0.254
 11
0.3809999999999999
 21
0.254
 72
     2
 10
0.3809999999999999
 20
0.127
 40
0.127
 50
90.0
 51
180.0
 73
     1
 72
     1
 10
0.2539999999999999
 20
0.127
 11
0.2539999999999999
 21
-0.127
 72
     2
 10
0.3809999999999999
 20
-0.127
 40
0.127
 50
180.0
 51
270.0
 73
     1
 72
     1
 10
0.3809999999999999
 20
-0.254
 11
0.635
 21
-0.254
 72
     2
 10
0.635
 20
-0.127
 40
0.127
 50
270.0
 51
360.0
 73
     1
 72
     1
 10
0.762
 20
-0.127
 11
0.762
 21
0.127
 97
        1
330
A9F
 75
     0
 76
     1
 98
        0
450
        0
451
        0
460
0.0
461
0.0
452
        0
462
0.0
453
        0
470

  0
REGION
  5
AA9
102
{ACAD_REACTORS
330
AAA
102
}
330
A7C
100
AcDbEntity
  8
TopPaste
 62
     8
100
AcDbModelerGeometry
 70
     1
  1
mnmoo kh m mi          
  1
ni ^ *+0;:,4 ^ *+0\^ [ mo ^ LR mmjqnqoqijjlj QK o  
  1
n fqfffffffffffffffjkh:roh nqooooooooooooooooli:rno 
  1
>,27:>;:- {rn rn _nl mmjqnqoqijjlj |
  1
=0;& {rn rn {rn {m {rn {rn |
  1
3*2/ {rn rn {rn {rn {l {n |
  1
,7:33 {rn rn {rn {rn {rn {k {rn {m |
  1
9><: {rn rn {rn {rn {j {l {rn {i 90-(>-; ;0*=3: 0*+ |
  1
300/ {rn rn {rn {rn {h {k |
  1
/3>1:r,*-9><: {rn rn {rn roqjogoooooooooooooohn o o o o n n o o 90-(>-;@) V V V V |
  1
<0:;8: {rn rn {rn {g {f {rn {no 90-(>-; {j {rn |
  1
<0:;8: {rn rn {rn {nn {h {rn {nm 90-(>-; {j {rn |
  1
<0:;8: {rn rn {rn {h {nl {rn {nk 90-(>-; {j {rn |
  1
:;8: {rn rn {rn {nj o {ni nqjhohfilmihfkgfijjg {h {nh 90-(>-; _h *1410(1 |
  1
<0:;8: {rn rn {rn {ng {g {rn {nf 90-(>-; {j {rn |
  1
:;8: {rn rn {rn {ni o {mo oqmjkooooooooooooojfn {g {mn 90-(>-; _h *1410(1 |
  1
<0:;8: {rn rn {rn {f {mm {rn {ml 90-(>-; {j {rn |
  1
:;8: {rn rn {rn {mk o {nj oqmjkooooooooooooooli {f {mj 90-(>-; _h *1410(1 |
  1
):-+:' {rn rn {rn {nk m {mi |
  1
):-+:' {rn rn {rn {nm m {mh |
  1
:336/,:r<*-): {rn rn {rn roqlgofffffffffffffkfg oqnmhoooooooooooooong o o o n oqnmhoooooooooooooong o o n V V |
  1
<0:;8: {rn rn {rn {mg {nn {rn {mf 90-(>-; {j {rn |
  1
:;8: {rn rn {rn {mo o {lo nqjhohfilmihfkgfilli {nn {ln 90-(>-; _h *1410(1 |
  1
):-+:' {rn rn {rn {nf m {lm |
  1
,+->687+r<*-): {rn rn {rn roqlgofffffffffffffkfg oqmjkooooooooooooooli o rn o o V V |
  1
<0:;8: {rn rn {rn {nl {mg {rn {ll 90-(>-; {j {rn |
  1
:;8: {rn rn {rn {lk o {mk nqjhohfilmihfkgfijjg {nl {lj 90-(>-; _h *1410(1 |
  1
):-+:' {rn rn {rn {nk m {li |
  1
,+->687+r<*-): {rn rn {rn roqmjlfffffffffffffkg roqnmhoooooooooooooong o o n o V V |
  1
/061+ {rn rn {rn roqmjlfffffffffffffkg oqnmhoooooooooooooong o |
  1
/061+ {rn rn {rn roqlgofffffffffffffkfg oqmjkooooooooooooooli o |
  1
<0:;8: {rn rn {rn {mm {ng {rn {lh 90-(>-; {j {rn |
  1
:;8: {rn rn {rn {lo o {lg oqmjkooooooooooooooli {ng {lf 90-(>-; _h *1410(1 |
  1
):-+:' {rn rn {rn {mf m {ko |
  1
:336/,:r<*-): {rn rn {rn roqiljoooooooooooooogf oqnmhoooooooooooooong o o o n o oqnmhoooooooooooooong o n V V |
  1
/061+ {rn rn {rn roqiljoooooooooooooogf oqmjkooooooooooooooli o |
  1
:;8: {rn rn {rn {kn o {lk oqmjkooooooooooooojfn {mm {km 90-(>-; _h *1410(1 |
  1
):-+:' {rn rn {rn {ml m {kl |
  1
:336/,:r<*-): {rn rn {rn roqlgofffffffffffffkfg roqnmhoooooooooooooong o o o n o roqnmhoooooooooooooong o n V V |
  1
/061+ {rn rn {rn roqmjlfffffffffffffkg roqnmhoooooooooooooong o |
  1
:;8: {rn rn {rn {lg o {kn nqjhohfilmihfkgfihg {mg {kk 90-(>-; _h *1410(1 |
  1
):-+:' {rn rn {rn {lh m {kj |
  1
,+->687+r<*-): {rn rn {rn roqhimooooooooooooonoh oqnmhooooooooooooomfj o o rn o V V |
  1
/061+ {rn rn {rn roqhimooooooooooooonoh oqnmhooooooooooooomfj o |
  1
):-+:' {rn rn {rn {ll m {ki |
  1
,+->687+r<*-): {rn rn {rn roqiljoooooooooooooogf roqmjkooooooooooooooli o n o o V V |
  1
/061+ {rn rn {rn roqlgofffffffffffffkfg roqmjkooooooooooooooli o |
  1
:336/,:r<*-): {rn rn {rn roqiljoooooooooooooogf roqnmhoooooooooooooong o o o n roqnmhoooooooooooooong mqhhjjjhjinjimgfnljn:rnh o n V V |
  1
/061+ {rn rn {rn roqhimooooooooooooonoh roqnmifffffffffffffhk o |
  1
/061+ {rn rn {rn roqiljoooooooooooooogf roqmjkooooooooooooooli o |
  0
HATCH
  5
AAA
330
A7C
100
AcDbEntity
  8
TopPaste
 62
     8
100
AcDbHatch
 10
0.0
 20
0.0
 30
0.0
210
0.0
220
0.0
230
1.0
  2
SOLID
 70
     1
 71
     1
 91
        1
 92
        1
 93
        8
 72
     2
 10
-0.3809999999999999
 20
0.127
 40
0.127
 50
0.0
 51
90.0
 73
     1
 72
     1
 10
-0.3809999999999999
 20
0.254
 11
-0.635
 21
0.254
 72
     2
 10
-0.635
 20
0.127
 40
0.127
 50
90.0
 51
180.0
 73
     1
 72
     1
 10
-0.762
 20
0.127
 11
-0.762
 21
-0.127
 72
     2
 10
-0.635
 20
-0.127
 40
0.127
 50
180.0
 51
270.0
 73
     1
 72
     1
 10
-0.635
 20
-0.254
 11
-0.3809999999999999
 21
-0.254
 72
     2
 10
-0.3809999999999999
 20
-0.127
 40
0.127
 50
270.0
 51
360.0
 73
     1
 72
     1
 10
-0.2539999999999999
 20
-0.127
 11
-0.2539999999999999
 21
0.127
 97
        1
330
AA9
 75
     0
 76
     1
 98
        0
450
        0
451
        0
460
0.0
461
0.0
452
        0
462
0.0
453
        0
470

  0
LINE
  5
AAB
330
A7C
100
AcDbEntity
  8
TopOverlay
100
AcDbLine
 10
-0.1651
 20
-0.2286
 30
0.0
 11
-0.1651
 21
0.2286
 31
0.0
  0
LINE
  5
AAC
330
A7C
100
AcDbEntity
  8
TopOverlay
100
AcDbLine
 10
-0.1651
 20
0.2286
 30
0.0
 11
-0.0762
 21
0.2286
 31
0.0
  0
LINE
  5
AAD
330
A7C
100
AcDbEntity
  8
TopOverlay
100
AcDbLine
 10
-0.0762
 20
0.2286
 30
0.0
 11
-0.0762
 21
-0.2286
 31
0.0
  0
LINE
  5
AAE
330
A7C
100
AcDbEntity
  8
TopOverlay
100
AcDbLine
 10
-0.0762
 20
-0.2286
 30
0.0
 11
-0.1651
 21
-0.2286
 31
0.0
  0
LINE
  5
AAF
330
A7C
100
AcDbEntity
  8
TopOverlay
100
AcDbLine
 10
0.1651
 20
0.2286
 30
0.0
 11
0.1651
 21
-0.2286
 31
0.0
  0
LINE
  5
AB0
330
A7C
100
AcDbEntity
  8
TopOverlay
100
AcDbLine
 10
0.1651
 20
-0.2286
 30
0.0
 11
0.0762
 21
-0.2286
 31
0.0
  0
LINE
  5
AB1
330
A7C
100
AcDbEntity
  8
TopOverlay
100
AcDbLine
 10
0.0762
 20
-0.2286
 30
0.0
 11
0.0762
 21
0.2286
 31
0.0
  0
LINE
  5
AB2
330
A7C
100
AcDbEntity
  8
TopOverlay
100
AcDbLine
 10
0.0762
 20
0.2286
 30
0.0
 11
0.1651
 21
0.2286
 31
0.0
  0
ENDBLK
  5
A7E
330
A7C
100
AcDbEntity
  8
0
100
AcDbBlockEnd
  0
BLOCK
  5
AB5
330
AB4
100
AcDbEntity
  8
0
100
AcDbBlockBegin
  2
CAP_0402_B_56
 70
     0
 10
0.0
 20
0.0
 30
0.0
  3
CAP_0402_B_56
  1

  0
ENDBLK
  5
AB6
330
AB4
100
AcDbEntity
  8
0
100
AcDbBlockEnd
  0
BLOCK
  5
AB9
330
AB8
100
AcDbEntity
  8
0
100
AcDbBlockBegin
  2
CAP_0402_57
 70
     0
 10
0.0
 20
0.0
 30
0.0
  3
CAP_0402_57
  1

  0
LWPOLYLINE
  5
ABB
330
AB8
100
AcDbEntity
  8
TopOverlay
100
AcDbPolyline
 90
        2
 70
     0
 43
0.0254
 10
-0.0762
 20
0.2286
 10
-0.1651
 20
0.2286
  0
LWPOLYLINE
  5
ABC
330
AB8
100
AcDbEntity
  8
TopOverlay
100
AcDbPolyline
 90
        2
 70
     1
 43
0.0127
 10
-0.08255
 20
0.2286
 42
1.0
 10
-0.06985
 20
0.2286
 42
1.0
  0
LWPOLYLINE
  5
ABD
330
AB8
100
AcDbEntity
  8
TopOverlay
100
AcDbPolyline
 90
        2
 70
     1
 43
0.0127
 10
-0.17145
 20
0.2286
 42
1.0
 10
-0.15875
 20
0.2286
 42
1.0
  0
LWPOLYLINE
  5
ABE
330
AB8
100
AcDbEntity
  8
TopOverlay
100
AcDbPolyline
 90
        2
 70
     0
 43
0.0254
 10
-0.0762
 20
-0.2286
 10
-0.1651
 20
-0.2286
  0
LWPOLYLINE
  5
ABF
330
AB8
100
AcDbEntity
  8
TopOverlay
100
AcDbPolyline
 90
        2
 70
     1
 43
0.0127
 10
-0.08255
 20
-0.2286
 42
1.0
 10
-0.06985
 20
-0.2286
 42
1.0
  0
LWPOLYLINE
  5
AC0
330
AB8
100
AcDbEntity
  8
TopOverlay
100
AcDbPolyline
 90
        2
 70
     1
 43
0.0127
 10
-0.17145
 20
-0.2286
 42
1.0
 10
-0.15875
 20
-0.2286
 42
1.0
  0
LWPOLYLINE
  5
AC1
330
AB8
100
AcDbEntity
  8
TopOverlay
100
AcDbPolyline
 90
        2
 70
     0
 43
0.0254
 10
-0.0762
 20
-0.2286
 10
-0.0762
 20
0.2286
  0
LWPOLYLINE
  5
AC2
330
AB8
100
AcDbEntity
  8
TopOverlay
100
AcDbPolyline
 90
        2
 70
     1
 43
0.0127
 10
-0.08255
 20
-0.2286
 42
1.0
 10
-0.06985
 20
-0.2286
 42
1.0
  0
LWPOLYLINE
  5
AC3
330
AB8
100
AcDbEntity
  8
TopOverlay
100
AcDbPolyline
 90
        2
 70
     1
 43
0.0127
 10
-0.08255
 20
0.2286
 42
1.0
 10
-0.06985
 20
0.2286
 42
1.0
  0
LWPOLYLINE
  5
AC4
330
AB8
100
AcDbEntity
  8
TopOverlay
100
AcDbPolyline
 90
        2
 70
     0
 43
0.0254
 10
-0.1651
 20
-0.2286
 10
-0.1651
 20
0.2286
  0
LWPOLYLINE
  5
AC5
330
AB8
100
AcDbEntity
  8
TopOverlay
100
AcDbPolyline
 90
        2
 70
     1
 43
0.0127
 10
-0.17145
 20
-0.2286
 42
1.0
 10
-0.15875
 20
-0.2286
 42
1.0
  0
LWPOLYLINE
  5
AC6
330
AB8
100
AcDbEntity
  8
TopOverlay
100
AcDbPolyline
 90
        2
 70
     1
 43
0.0127
 10
-0.17145
 20
0.2286
 42
1.0
 10
-0.15875
 20
0.2286
 42
1.0
  0
LWPOLYLINE
  5
AC7
330
AB8
100
AcDbEntity
  8
TopOverlay
100
AcDbPolyline
 90
        2
 70
     0
 43
0.0254
 10
0.1651
 20
-0.2286
 10
0.1651
 20
0.2286
  0
LWPOLYLINE
  5
AC8
330
AB8
100
AcDbEntity
  8
TopOverlay
100
AcDbPolyline
 90
        2
 70
     1
 43
0.0127
 10
0.15875
 20
-0.2286
 42
1.0
 10
0.17145
 20
-0.2286
 42
1.0
  0
LWPOLYLINE
  5
AC9
330
AB8
100
AcDbEntity
  8
TopOverlay
100
AcDbPolyline
 90
        2
 70
     1
 43
0.0127
 10
0.15875
 20
0.2286
 42
1.0
 10
0.17145
 20
0.2286
 42
1.0
  0
LWPOLYLINE
  5
ACA
330
AB8
100
AcDbEntity
  8
TopOverlay
100
AcDbPolyline
 90
        2
 70
     0
 43
0.0254
 10
0.0762
 20
-0.2286
 10
0.0762
 20
0.2286
  0
LWPOLYLINE
  5
ACB
330
AB8
100
AcDbEntity
  8
TopOverlay
100
AcDbPolyline
 90
        2
 70
     1
 43
0.0127
 10
0.06985
 20
-0.2286
 42
1.0
 10
0.08255
 20
-0.2286
 42
1.0
  0
LWPOLYLINE
  5
ACC
330
AB8
100
AcDbEntity
  8
TopOverlay
100
AcDbPolyline
 90
        2
 70
     1
 43
0.0127
 10
0.06985
 20
0.2286
 42
1.0
 10
0.08255
 20
0.2286
 42
1.0
  0
LWPOLYLINE
  5
ACD
330
AB8
100
AcDbEntity
  8
TopOverlay
100
AcDbPolyline
 90
        2
 70
     0
 43
0.0254
 10
0.1651
 20
0.2286
 10
0.0762
 20
0.2286
  0
LWPOLYLINE
  5
ACE
330
AB8
100
AcDbEntity
  8
TopOverlay
100
AcDbPolyline
 90
        2
 70
     1
 43
0.0127
 10
0.15875
 20
0.2286
 42
1.0
 10
0.17145
 20
0.2286
 42
1.0
  0
LWPOLYLINE
  5
ACF
330
AB8
100
AcDbEntity
  8
TopOverlay
100
AcDbPolyline
 90
        2
 70
     1
 43
0.0127
 10
0.06985
 20
0.2286
 42
1.0
 10
0.08255
 20
0.2286
 42
1.0
  0
LWPOLYLINE
  5
AD0
330
AB8
100
AcDbEntity
  8
TopOverlay
100
AcDbPolyline
 90
        2
 70
     0
 43
0.0254
 10
0.1651
 20
-0.2286
 10
0.0762
 20
-0.2286
  0
LWPOLYLINE
  5
AD1
330
AB8
100
AcDbEntity
  8
TopOverlay
100
AcDbPolyline
 90
        2
 70
     1
 43
0.0127
 10
0.15875
 20
-0.2286
 42
1.0
 10
0.17145
 20
-0.2286
 42
1.0
  0
LWPOLYLINE
  5
AD2
330
AB8
100
AcDbEntity
  8
TopOverlay
100
AcDbPolyline
 90
        2
 70
     1
 43
0.0127
 10
0.06985
 20
-0.2286
 42
1.0
 10
0.08255
 20
-0.2286
 42
1.0
  0
REGION
  5
ADB
102
{ACAD_REACTORS
330
ADC
102
}
330
AB8
100
AcDbEntity
  8
TopPaste
 62
     8
100
AcDbModelerGeometry
 70
     1
  1
mnmoo kh m mi          
  1
ni ^ *+0;:,4 ^ *+0\^ [ mo ^ LR mmjqnqoqijjlj QK o  
  1
n fqfffffffffffffffjkh:roh nqooooooooooooooooli:rno 
  1
>,27:>;:- {rn rn _nl mmjqnqoqijjlj |
  1
=0;& {rn rn {rn {m {rn {rn |
  1
3*2/ {rn rn {rn {rn {l {n |
  1
,7:33 {rn rn {rn {rn {rn {k {rn {m |
  1
9><: {rn rn {rn {rn {j {l {rn {i 90-(>-; ;0*=3: 0*+ |
  1
300/ {rn rn {rn {rn {h {k |
  1
/3>1:r,*-9><: {rn rn {rn oqjogoooooooooooooohn o o o o n n o o 90-(>-;@) V V V V |
  1
<0:;8: {rn rn {rn {g {f {rn {no 90-(>-; {j {rn |
  1
<0:;8: {rn rn {rn {nn {h {rn {nm 90-(>-; {j {rn |
  1
<0:;8: {rn rn {rn {h {nl {rn {nk 90-(>-; {j {rn |
  1
:;8: {rn rn {rn {nj o {ni nqjhohfilmihfkgfijjg {h {nh 90-(>-; _h *1410(1 |
  1
<0:;8: {rn rn {rn {ng {g {rn {nf 90-(>-; {j {rn |
  1
:;8: {rn rn {rn {ni o {mo oqmjkooooooooooooojfn {g {mn 90-(>-; _h *1410(1 |
  1
<0:;8: {rn rn {rn {f {mm {rn {ml 90-(>-; {j {rn |
  1
:;8: {rn rn {rn {mk o {nj oqmjkooooooooooooooli {f {mj 90-(>-; _h *1410(1 |
  1
):-+:' {rn rn {rn {nk m {mi |
  1
):-+:' {rn rn {rn {nm m {mh |
  1
:336/,:r<*-): {rn rn {rn oqiljoooooooooooooogf oqnmhoooooooooooooong o o o n oqnmhoooooooooooooong o o n V V |
  1
<0:;8: {rn rn {rn {mg {nn {rn {mf 90-(>-; {j {rn |
  1
:;8: {rn rn {rn {mo o {lo nqjhohfilmihfkgfilli {nn {ln 90-(>-; _h *1410(1 |
  1
):-+:' {rn rn {rn {nf m {lm |
  1
,+->687+r<*-): {rn rn {rn oqiljoooooooooooooogf oqmjkooooooooooooooli o rn o o V V |
  1
<0:;8: {rn rn {rn {nl {mg {rn {ll 90-(>-; {j {rn |
  1
:;8: {rn rn {rn {lk o {mk nqjhohfilmihfkgfijjg {nl {lj 90-(>-; _h *1410(1 |
  1
):-+:' {rn rn {rn {nk m {li |
  1
,+->687+r<*-): {rn rn {rn oqhimooooooooooooonoh roqnmhoooooooooooooong o o n o V V |
  1
/061+ {rn rn {rn oqhimooooooooooooonoh oqnmhoooooooooooooong o |
  1
/061+ {rn rn {rn oqiljoooooooooooooogf oqmjkooooooooooooooli o |
  1
<0:;8: {rn rn {rn {mm {ng {rn {lh 90-(>-; {j {rn |
  1
:;8: {rn rn {rn {lo o {lg oqmjkooooooooooooooli {ng {lf 90-(>-; _h *1410(1 |
  1
):-+:' {rn rn {rn {mf m {ko |
  1
:336/,:r<*-): {rn rn {rn oqlgofffffffffffffkfg oqnmhoooooooooooooong o o o n o oqnmhoooooooooooooong o n V V |
  1
/061+ {rn rn {rn oqlgofffffffffffffkfg oqmjkooooooooooooooli o |
  1
:;8: {rn rn {rn {kn o {lk oqmjkooooooooooooojfn {mm {km 90-(>-; _h *1410(1 |
  1
):-+:' {rn rn {rn {ml m {kl |
  1
:336/,:r<*-): {rn rn {rn oqiljoooooooooooooogf roqnmhoooooooooooooong o o o n o roqnmhoooooooooooooong o n V V |
  1
/061+ {rn rn {rn oqhimooooooooooooonoh roqnmhoooooooooooooong o |
  1
:;8: {rn rn {rn {lg o {kn nqjhohfilmihfkgfihg {mg {kk 90-(>-; _h *1410(1 |
  1
):-+:' {rn rn {rn {lh m {kj |
  1
,+->687+r<*-): {rn rn {rn oqmjlfffffffffffffkg oqnmhooooooooooooomfj o o rn o V V |
  1
/061+ {rn rn {rn oqmjlfffffffffffffkg oqnmhooooooooooooomfj o |
  1
):-+:' {rn rn {rn {ll m {ki |
  1
,+->687+r<*-): {rn rn {rn oqlgofffffffffffffkfg roqmjkooooooooooooooli o n o o V V |
  1
/061+ {rn rn {rn oqiljoooooooooooooogf roqmjkooooooooooooooli o |
  1
:336/,:r<*-): {rn rn {rn oqlgofffffffffffffkfg roqnmhoooooooooooooong o o o n roqnmhoooooooooooooong mqhhjjjhjinjimgfnljn:rnh o n V V |
  1
/061+ {rn rn {rn oqmjlfffffffffffffkg roqnmifffffffffffffhk o |
  1
/061+ {rn rn {rn oqlgofffffffffffffkfg roqmjkooooooooooooooli o |
  0
HATCH
  5
ADC
330
AB8
100
AcDbEntity
  8
TopPaste
 62
     8
100
AcDbHatch
 10
0.0
 20
0.0
 30
0.0
210
0.0
220
0.0
230
1.0
  2
SOLID
 70
     1
 71
     1
 91
        1
 92
        1
 93
        8
 72
     2
 10
0.635
 20
0.127
 40
0.127
 50
0.0
 51
90.0
 73
     1
 72
     1
 10
0.635
 20
0.254
 11
0.3809999999999999
 21
0.254
 72
     2
 10
0.3809999999999999
 20
0.127
 40
0.127
 50
90.0
 51
180.0
 73
     1
 72
     1
 10
0.2539999999999999
 20
0.127
 11
0.2539999999999999
 21
-0.127
 72
     2
 10
0.3809999999999999
 20
-0.127
 40
0.127
 50
180.0
 51
270.0
 73
     1
 72
     1
 10
0.3809999999999999
 20
-0.254
 11
0.635
 21
-0.254
 72
     2
 10
0.635
 20
-0.127
 40
0.127
 50
270.0
 51
360.0
 73
     1
 72
     1
 10
0.762
 20
-0.127
 11
0.762
 21
0.127
 97
        1
330
ADB
 75
     0
 76
     1
 98
        0
450
        0
451
        0
460
0.0
461
0.0
452
        0
462
0.0
453
        0
470

  0
REGION
  5
AE5
102
{ACAD_REACTORS
330
AE6
102
}
330
AB8
100
AcDbEntity
  8
TopPaste
 62
     8
100
AcDbModelerGeometry
 70
     1
  1
mnmoo kh m mi          
  1
ni ^ *+0;:,4 ^ *+0\^ [ mo ^ LR mmjqnqoqijjlj QK o  
  1
n fqfffffffffffffffjkh:roh nqooooooooooooooooli:rno 
  1
>,27:>;:- {rn rn _nl mmjqnqoqijjlj |
  1
=0;& {rn rn {rn {m {rn {rn |
  1
3*2/ {rn rn {rn {rn {l {n |
  1
,7:33 {rn rn {rn {rn {rn {k {rn {m |
  1
9><: {rn rn {rn {rn {j {l {rn {i 90-(>-; ;0*=3: 0*+ |
  1
300/ {rn rn {rn {rn {h {k |
  1
/3>1:r,*-9><: {rn rn {rn roqjogoooooooooooooohn o o o o n n o o 90-(>-;@) V V V V |
  1
<0:;8: {rn rn {rn {g {f {rn {no 90-(>-; {j {rn |
  1
<0:;8: {rn rn {rn {nn {h {rn {nm 90-(>-; {j {rn |
  1
<0:;8: {rn rn {rn {h {nl {rn {nk 90-(>-; {j {rn |
  1
:;8: {rn rn {rn {nj o {ni nqjhohfilmihfkgfijjg {h {nh 90-(>-; _h *1410(1 |
  1
<0:;8: {rn rn {rn {ng {g {rn {nf 90-(>-; {j {rn |
  1
:;8: {rn rn {rn {ni o {mo oqmjkooooooooooooojfn {g {mn 90-(>-; _h *1410(1 |
  1
<0:;8: {rn rn {rn {f {mm {rn {ml 90-(>-; {j {rn |
  1
:;8: {rn rn {rn {mk o {nj oqmjkooooooooooooooli {f {mj 90-(>-; _h *1410(1 |
  1
):-+:' {rn rn {rn {nk m {mi |
  1
):-+:' {rn rn {rn {nm m {mh |
  1
:336/,:r<*-): {rn rn {rn roqlgofffffffffffffkfg oqnmhoooooooooooooong o o o n oqnmhoooooooooooooong o o n V V |
  1
<0:;8: {rn rn {rn {mg {nn {rn {mf 90-(>-; {j {rn |
  1
:;8: {rn rn {rn {mo o {lo nqjhohfilmihfkgfilli {nn {ln 90-(>-; _h *1410(1 |
  1
):-+:' {rn rn {rn {nf m {lm |
  1
,+->687+r<*-): {rn rn {rn roqlgofffffffffffffkfg oqmjkooooooooooooooli o rn o o V V |
  1
<0:;8: {rn rn {rn {nl {mg {rn {ll 90-(>-; {j {rn |
  1
:;8: {rn rn {rn {lk o {mk nqjhohfilmihfkgfijjg {nl {lj 90-(>-; _h *1410(1 |
  1
):-+:' {rn rn {rn {nk m {li |
  1
,+->687+r<*-): {rn rn {rn roqmjlfffffffffffffkg roqnmhoooooooooooooong o o n o V V |
  1
/061+ {rn rn {rn roqmjlfffffffffffffkg oqnmhoooooooooooooong o |
  1
/061+ {rn rn {rn roqlgofffffffffffffkfg oqmjkooooooooooooooli o |
  1
<0:;8: {rn rn {rn {mm {ng {rn {lh 90-(>-; {j {rn |
  1
:;8: {rn rn {rn {lo o {lg oqmjkooooooooooooooli {ng {lf 90-(>-; _h *1410(1 |
  1
):-+:' {rn rn {rn {mf m {ko |
  1
:336/,:r<*-): {rn rn {rn roqiljoooooooooooooogf oqnmhoooooooooooooong o o o n o oqnmhoooooooooooooong o n V V |
  1
/061+ {rn rn {rn roqiljoooooooooooooogf oqmjkooooooooooooooli o |
  1
:;8: {rn rn {rn {kn o {lk oqmjkooooooooooooojfn {mm {km 90-(>-; _h *1410(1 |
  1
):-+:' {rn rn {rn {ml m {kl |
  1
:336/,:r<*-): {rn rn {rn roqlgofffffffffffffkfg roqnmhoooooooooooooong o o o n o roqnmhoooooooooooooong o n V V |
  1
/061+ {rn rn {rn roqmjlfffffffffffffkg roqnmhoooooooooooooong o |
  1
:;8: {rn rn {rn {lg o {kn nqjhohfilmihfkgfihg {mg {kk 90-(>-; _h *1410(1 |
  1
):-+:' {rn rn {rn {lh m {kj |
  1
,+->687+r<*-): {rn rn {rn roqhimooooooooooooonoh oqnmhooooooooooooomfj o o rn o V V |
  1
/061+ {rn rn {rn roqhimooooooooooooonoh oqnmhooooooooooooomfj o |
  1
):-+:' {rn rn {rn {ll m {ki |
  1
,+->687+r<*-): {rn rn {rn roqiljoooooooooooooogf roqmjkooooooooooooooli o n o o V V |
  1
/061+ {rn rn {rn roqlgofffffffffffffkfg roqmjkooooooooooooooli o |
  1
:336/,:r<*-): {rn rn {rn roqiljoooooooooooooogf roqnmhoooooooooooooong o o o n roqnmhoooooooooooooong mqhhjjjhjinjimgfnljn:rnh o n V V |
  1
/061+ {rn rn {rn roqhimooooooooooooonoh roqnmifffffffffffffhk o |
  1
/061+ {rn rn {rn roqiljoooooooooooooogf roqmjkooooooooooooooli o |
  0
HATCH
  5
AE6
330
AB8
100
AcDbEntity
  8
TopPaste
 62
     8
100
AcDbHatch
 10
0.0
 20
0.0
 30
0.0
210
0.0
220
0.0
230
1.0
  2
SOLID
 70
     1
 71
     1
 91
        1
 92
        1
 93
        8
 72
     2
 10
-0.3809999999999999
 20
0.127
 40
0.127
 50
0.0
 51
90.0
 73
     1
 72
     1
 10
-0.3809999999999999
 20
0.254
 11
-0.635
 21
0.254
 72
     2
 10
-0.635
 20
0.127
 40
0.127
 50
90.0
 51
180.0
 73
     1
 72
     1
 10
-0.762
 20
0.127
 11
-0.762
 21
-0.127
 72
     2
 10
-0.635
 20
-0.127
 40
0.127
 50
180.0
 51
270.0
 73
     1
 72
     1
 10
-0.635
 20
-0.254
 11
-0.3809999999999999
 21
-0.254
 72
     2
 10
-0.3809999999999999
 20
-0.127
 40
0.127
 50
270.0
 51
360.0
 73
     1
 72
     1
 10
-0.2539999999999999
 20
-0.127
 11
-0.2539999999999999
 21
0.127
 97
        1
330
AE5
 75
     0
 76
     1
 98
        0
450
        0
451
        0
460
0.0
461
0.0
452
        0
462
0.0
453
        0
470

  0
LINE
  5
AE7
330
AB8
100
AcDbEntity
  8
TopOverlay
100
AcDbLine
 10
-0.1651
 20
-0.2286
 30
0.0
 11
-0.1651
 21
0.2286
 31
0.0
  0
LINE
  5
AE8
330
AB8
100
AcDbEntity
  8
TopOverlay
100
AcDbLine
 10
-0.1651
 20
0.2286
 30
0.0
 11
-0.0762
 21
0.2286
 31
0.0
  0
LINE
  5
AE9
330
AB8
100
AcDbEntity
  8
TopOverlay
100
AcDbLine
 10
-0.0762
 20
0.2286
 30
0.0
 11
-0.0762
 21
-0.2286
 31
0.0
  0
LINE
  5
AEA
330
AB8
100
AcDbEntity
  8
TopOverlay
100
AcDbLine
 10
-0.0762
 20
-0.2286
 30
0.0
 11
-0.1651
 21
-0.2286
 31
0.0
  0
LINE
  5
AEB
330
AB8
100
AcDbEntity
  8
TopOverlay
100
AcDbLine
 10
0.1651
 20
0.2286
 30
0.0
 11
0.1651
 21
-0.2286
 31
0.0
  0
LINE
  5
AEC
330
AB8
100
AcDbEntity
  8
TopOverlay
100
AcDbLine
 10
0.1651
 20
-0.2286
 30
0.0
 11
0.0762
 21
-0.2286
 31
0.0
  0
LINE
  5
AED
330
AB8
100
AcDbEntity
  8
TopOverlay
100
AcDbLine
 10
0.0762
 20
-0.2286
 30
0.0
 11
0.0762
 21
0.2286
 31
0.0
  0
LINE
  5
AEE
330
AB8
100
AcDbEntity
  8
TopOverlay
100
AcDbLine
 10
0.0762
 20
0.2286
 30
0.0
 11
0.1651
 21
0.2286
 31
0.0
  0
ENDBLK
  5
ABA
330
AB8
100
AcDbEntity
  8
0
100
AcDbBlockEnd
  0
BLOCK
  5
AF1
330
AF0
100
AcDbEntity
  8
0
100
AcDbBlockBegin
  2
CAP_0402_B_58
 70
     0
 10
0.0
 20
0.0
 30
0.0
  3
CAP_0402_B_58
  1

  0
ENDBLK
  5
AF2
330
AF0
100
AcDbEntity
  8
0
100
AcDbBlockEnd
  0
BLOCK
  5
AF5
330
AF4
100
AcDbEntity
  8
0
100
AcDbBlockBegin
  2
CAP_0402_B_59
 70
     0
 10
0.0
 20
0.0
 30
0.0
  3
CAP_0402_B_59
  1

  0
ENDBLK
  5
AF6
330
AF4
100
AcDbEntity
  8
0
100
AcDbBlockEnd
  0
BLOCK
  5
AF9
330
AF8
100
AcDbEntity
  8
0
100
AcDbBlockBegin
  2
CAP_0402_B_60
 70
     0
 10
0.0
 20
0.0
 30
0.0
  3
CAP_0402_B_60
  1

  0
ENDBLK
  5
AFA
330
AF8
100
AcDbEntity
  8
0
100
AcDbBlockEnd
  0
BLOCK
  5
AFD
330
AFC
100
AcDbEntity
  8
0
100
AcDbBlockBegin
  2
CAP_0402_B_61
 70
     0
 10
0.0
 20
0.0
 30
0.0
  3
CAP_0402_B_61
  1

  0
ENDBLK
  5
AFE
330
AFC
100
AcDbEntity
  8
0
100
AcDbBlockEnd
  0
BLOCK
  5
B01
330
B00
100
AcDbEntity
  8
0
100
AcDbBlockBegin
  2
CAP_0402_B_62
 70
     0
 10
0.0
 20
0.0
 30
0.0
  3
CAP_0402_B_62
  1

  0
ENDBLK
  5
B02
330
B00
100
AcDbEntity
  8
0
100
AcDbBlockEnd
  0
ENDSEC
  0
SECTION
  2
ENTITIES
  0
LWPOLYLINE
  5
73
330
1F
100
AcDbEntity
  8
KeepOutLayer
100
AcDbPolyline
 90
        2
 70
     0
 43
0.00999998
 10
32.03693871999999
 20
1.452943499999999
 10
32.03693871999999
 20
12.55294162
  0
LWPOLYLINE
  5
74
330
1F
100
AcDbEntity
  8
KeepOutLayer
100
AcDbPolyline
 90
        2
 70
     1
 43
0.00499872
 10
32.03443936
 20
1.452943499999999
 42
1.0
 10
32.03943808
 20
1.452943499999999
 42
1.0
  0
LWPOLYLINE
  5
75
330
1F
100
AcDbEntity
  8
KeepOutLayer
100
AcDbPolyline
 90
        2
 70
     1
 43
0.00499872
 10
32.03443936
 20
12.55294162
 42
1.0
 10
32.03943808
 20
12.55294162
 42
1.0
  0
LWPOLYLINE
  5
76
330
1F
100
AcDbEntity
  8
KeepOutLayer
100
AcDbPolyline
 90
        2
 70
     0
 43
0.00999998
 10
0.0
 20
13.9999974
 10
30.98693828
 20
13.9999974
  0
LWPOLYLINE
  5
77
330
1F
100
AcDbEntity
  8
KeepOutLayer
100
AcDbPolyline
 90
        2
 70
     1
 43
0.00499872
 10
-0.00249936
 20
13.9999974
 42
1.0
 10
0.00249936
 20
13.9999974
 42
1.0
  0
LWPOLYLINE
  5
78
330
1F
100
AcDbEntity
  8
KeepOutLayer
100
AcDbPolyline
 90
        2
 70
     1
 43
0.00499872
 10
30.98443892
 20
13.9999974
 42
1.0
 10
30.98943763999999
 20
13.9999974
 42
1.0
  0
LWPOLYLINE
  5
79
330
1F
100
AcDbEntity
  8
KeepOutLayer
100
AcDbPolyline
 90
        2
 70
     0
 43
0.00999998
 10
30.98693828
 20
1.452943499999999
 10
32.03693871999999
 20
1.452943499999999
  0
LWPOLYLINE
  5
7A
330
1F
100
AcDbEntity
  8
KeepOutLayer
100
AcDbPolyline
 90
        2
 70
     1
 43
0.00499872
 10
30.98443892
 20
1.452943499999999
 42
1.0
 10
30.98943763999999
 20
1.452943499999999
 42
1.0
  0
LWPOLYLINE
  5
7B
330
1F
100
AcDbEntity
  8
KeepOutLayer
100
AcDbPolyline
 90
        2
 70
     1
 43
0.00499872
 10
32.03443936
 20
1.452943499999999
 42
1.0
 10
32.03943808
 20
1.452943499999999
 42
1.0
  0
LWPOLYLINE
  5
7C
330
1F
100
AcDbEntity
  8
KeepOutLayer
100
AcDbPolyline
 90
        2
 70
     0
 43
0.00999998
 10
30.98693828
 20
0.7264704799999999
 10
30.98693828
 20
1.452943499999999
  0
LWPOLYLINE
  5
7D
330
1F
100
AcDbEntity
  8
KeepOutLayer
100
AcDbPolyline
 90
        2
 70
     1
 43
0.00499872
 10
30.98443892
 20
0.7264704799999999
 42
1.0
 10
30.98943763999999
 20
0.7264704799999999
 42
1.0
  0
LWPOLYLINE
  5
7E
330
1F
100
AcDbEntity
  8
KeepOutLayer
100
AcDbPolyline
 90
        2
 70
     1
 43
0.00499872
 10
30.98443892
 20
1.452943499999999
 42
1.0
 10
30.98943763999999
 20
1.452943499999999
 42
1.0
  0
LWPOLYLINE
  5
7F
330
1F
100
AcDbEntity
  8
KeepOutLayer
100
AcDbPolyline
 90
        2
 70
     0
 43
0.00999998
 10
0.0
 20
0.0
 10
30.98693828
 20
-0.00000254
  0
LWPOLYLINE
  5
80
330
1F
100
AcDbEntity
  8
KeepOutLayer
100
AcDbPolyline
 90
        2
 70
     1
 43
0.00499872
 10
-0.00249936
 20
0.0
 42
1.0
 10
0.00249936
 20
0.0
 42
1.0
  0
LWPOLYLINE
  5
81
330
1F
100
AcDbEntity
  8
KeepOutLayer
100
AcDbPolyline
 90
        2
 70
     1
 43
0.00499872
 10
30.98443892
 20
-0.00000254
 42
1.0
 10
30.98943763999999
 20
-0.00000254
 42
1.0
  0
LWPOLYLINE
  5
82
330
1F
100
AcDbEntity
  8
KeepOutLayer
100
AcDbPolyline
 90
        2
 70
     0
 43
0.00999998
 10
30.98693828
 20
13.27941464
 10
32.03693871999999
 20
13.27941464
  0
LWPOLYLINE
  5
83
330
1F
100
AcDbEntity
  8
KeepOutLayer
100
AcDbPolyline
 90
        2
 70
     1
 43
0.00499872
 10
30.98443892
 20
13.27941464
 42
1.0
 10
30.98943763999999
 20
13.27941464
 42
1.0
  0
LWPOLYLINE
  5
84
330
1F
100
AcDbEntity
  8
KeepOutLayer
100
AcDbPolyline
 90
        2
 70
     1
 43
0.00499872
 10
32.03443936
 20
13.27941464
 42
1.0
 10
32.03943808
 20
13.27941464
 42
1.0
  0
LWPOLYLINE
  5
85
330
1F
100
AcDbEntity
  8
KeepOutLayer
100
AcDbPolyline
 90
        2
 70
     0
 43
0.00999998
 10
30.98693828
 20
-0.00000254
 10
32.03693871999999
 20
-0.00000254
  0
LWPOLYLINE
  5
86
330
1F
100
AcDbEntity
  8
KeepOutLayer
100
AcDbPolyline
 90
        2
 70
     1
 43
0.00499872
 10
30.98443892
 20
-0.00000254
 42
1.0
 10
30.98943763999999
 20
-0.00000254
 42
1.0
  0
LWPOLYLINE
  5
87
330
1F
100
AcDbEntity
  8
KeepOutLayer
100
AcDbPolyline
 90
        2
 70
     1
 43
0.00499872
 10
32.03443936
 20
-0.00000254
 42
1.0
 10
32.03943808
 20
-0.00000254
 42
1.0
  0
LWPOLYLINE
  5
88
330
1F
100
AcDbEntity
  8
KeepOutLayer
100
AcDbPolyline
 90
        2
 70
     0
 43
0.00999998
 10
30.98693828
 20
14.00588766
 10
32.03693871999999
 20
14.00588766
  0
LWPOLYLINE
  5
89
330
1F
100
AcDbEntity
  8
KeepOutLayer
100
AcDbPolyline
 90
        2
 70
     1
 43
0.00499872
 10
30.98443892
 20
14.00588766
 42
1.0
 10
30.98943763999999
 20
14.00588766
 42
1.0
  0
LWPOLYLINE
  5
8A
330
1F
100
AcDbEntity
  8
KeepOutLayer
100
AcDbPolyline
 90
        2
 70
     1
 43
0.00499872
 10
32.03443936
 20
14.00588766
 42
1.0
 10
32.03943808
 20
14.00588766
 42
1.0
  0
LWPOLYLINE
  5
8B
330
1F
100
AcDbEntity
  8
KeepOutLayer
100
AcDbPolyline
 90
        2
 70
     0
 43
0.00999998
 10
30.98693828
 20
0.7264704799999999
 10
32.03693871999999
 20
0.7264704799999999
  0
LWPOLYLINE
  5
8C
330
1F
100
AcDbEntity
  8
KeepOutLayer
100
AcDbPolyline
 90
        2
 70
     1
 43
0.00499872
 10
30.98443892
 20
0.7264704799999999
 42
1.0
 10
30.98943763999999
 20
0.7264704799999999
 42
1.0
  0
LWPOLYLINE
  5
8D
330
1F
100
AcDbEntity
  8
KeepOutLayer
100
AcDbPolyline
 90
        2
 70
     1
 43
0.00499872
 10
32.03443936
 20
0.7264704799999999
 42
1.0
 10
32.03943808
 20
0.7264704799999999
 42
1.0
  0
LWPOLYLINE
  5
8E
330
1F
100
AcDbEntity
  8
KeepOutLayer
100
AcDbPolyline
 90
        2
 70
     0
 43
0.00999998
 10
30.98693828
 20
12.55294162
 10
32.03693871999999
 20
12.55294162
  0
LWPOLYLINE
  5
8F
330
1F
100
AcDbEntity
  8
KeepOutLayer
100
AcDbPolyline
 90
        2
 70
     1
 43
0.00499872
 10
30.98443892
 20
12.55294162
 42
1.0
 10
30.98943763999999
 20
12.55294162
 42
1.0
  0
LWPOLYLINE
  5
90
330
1F
100
AcDbEntity
  8
KeepOutLayer
100
AcDbPolyline
 90
        2
 70
     1
 43
0.00499872
 10
32.03443936
 20
12.55294162
 42
1.0
 10
32.03943808
 20
12.55294162
 42
1.0
  0
LWPOLYLINE
  5
91
330
1F
100
AcDbEntity
  8
KeepOutLayer
100
AcDbPolyline
 90
        2
 70
     0
 43
0.00999998
 10
30.98693828
 20
12.55294162
 10
30.98693828
 20
13.27941464
  0
LWPOLYLINE
  5
92
330
1F
100
AcDbEntity
  8
KeepOutLayer
100
AcDbPolyline
 90
        2
 70
     1
 43
0.00499872
 10
30.98443892
 20
12.55294162
 42
1.0
 10
30.98943763999999
 20
12.55294162
 42
1.0
  0
LWPOLYLINE
  5
93
330
1F
100
AcDbEntity
  8
KeepOutLayer
100
AcDbPolyline
 90
        2
 70
     1
 43
0.00499872
 10
30.98443892
 20
13.27941464
 42
1.0
 10
30.98943763999999
 20
13.27941464
 42
1.0
  0
LWPOLYLINE
  5
94
330
1F
100
AcDbEntity
  8
KeepOutLayer
100
AcDbPolyline
 90
        2
 70
     0
 43
0.00999998
 10
32.03693871999999
 20
13.27941464
 10
32.03693871999999
 20
14.00588766
  0
LWPOLYLINE
  5
95
330
1F
100
AcDbEntity
  8
KeepOutLayer
100
AcDbPolyline
 90
        2
 70
     1
 43
0.00499872
 10
32.03443936
 20
13.27941464
 42
1.0
 10
32.03943808
 20
13.27941464
 42
1.0
  0
LWPOLYLINE
  5
96
330
1F
100
AcDbEntity
  8
KeepOutLayer
100
AcDbPolyline
 90
        2
 70
     1
 43
0.00499872
 10
32.03443936
 20
14.00588766
 42
1.0
 10
32.03943808
 20
14.00588766
 42
1.0
  0
LWPOLYLINE
  5
97
330
1F
100
AcDbEntity
  8
KeepOutLayer
100
AcDbPolyline
 90
        2
 70
     0
 43
0.00999998
 10
0.0
 20
0.0
 10
0.0
 20
13.9999974
  0
LWPOLYLINE
  5
98
330
1F
100
AcDbEntity
  8
KeepOutLayer
100
AcDbPolyline
 90
        2
 70
     1
 43
0.00499872
 10
-0.00249936
 20
0.0
 42
1.0
 10
0.00249936
 20
0.0
 42
1.0
  0
LWPOLYLINE
  5
99
330
1F
100
AcDbEntity
  8
KeepOutLayer
100
AcDbPolyline
 90
        2
 70
     1
 43
0.00499872
 10
-0.00249936
 20
13.9999974
 42
1.0
 10
0.00249936
 20
13.9999974
 42
1.0
  0
LWPOLYLINE
  5
9A
330
1F
100
AcDbEntity
  8
KeepOutLayer
100
AcDbPolyline
 90
        2
 70
     0
 43
0.00999998
 10
32.03693871999999
 20
-0.00000254
 10
32.03693871999999
 20
0.7264704799999999
  0
LWPOLYLINE
  5
9B
330
1F
100
AcDbEntity
  8
KeepOutLayer
100
AcDbPolyline
 90
        2
 70
     1
 43
0.00499872
 10
32.03443936
 20
-0.00000254
 42
1.0
 10
32.03943808
 20
-0.00000254
 42
1.0
  0
LWPOLYLINE
  5
9C
330
1F
100
AcDbEntity
  8
KeepOutLayer
100
AcDbPolyline
 90
        2
 70
     1
 43
0.00499872
 10
32.03443936
 20
0.7264704799999999
 42
1.0
 10
32.03943808
 20
0.7264704799999999
 42
1.0
  0
REGION
  5
9E
102
{ACAD_REACTORS
330
9F
102
}
330
1F
100
AcDbEntity
  8
ViaHoleLayer
 62
    16
100
AcDbModelerGeometry
 70
     1
  1
mnmoo nm m mi          
  1
ni ^ *+0;:,4 ^ *+0\^ [ mo ^ LR mmjqnqoqijjlj QK o  
  1
n fqfffffffffffffffjkh:roh nqooooooooooooooooli:rno 
  1
>,27:>;:- {rn rn _nl mmjqnqoqijjlj |
  1
=0;& {rn rn {rn {m {rn {rn |
  1
3*2/ {rn rn {rn {rn {l {n |
  1
,7:33 {rn rn {rn {rn {rn {k {rn {m |
  1
9><: {rn rn {rn {rn {j {l {rn {i 90-(>-; ;0*=3: 0*+ |
  1
300/ {rn rn {rn {rn {h {k |
  1
/3>1:r,*-9><: {rn rn {rn moqjhkfffkgffffffinh nlqnkffffnooooooooj o o o n n o o 90-(>-;@) V V V V |
  1
<0:;8: {rn rn {rn {h {h {rn {g 90-(>-; {j {rn |
  1
:;8: {rn rn {rn {f o {f iqmglngjlohnhfjgimlm {h {no 90-(>-; _h *1410(1 |
  1
):-+:' {rn rn {rn {g m {nn |
  1
:336/,:r<*-): {rn rn {rn moqikffffllffffffhmi nlqnkffffnooooooooj o o o n oqnkffffifffffffffgjg o o n V V |
  1
/061+ {rn rn {rn moqhfffffolffffffjgf nlqnkffffnooooooooj o |
  0
HATCH
  5
9F
330
1F
100
AcDbEntity
  8
ViaHoleLayer
 62
    16
100
AcDbHatch
 10
0.0
 20
0.0
 30
0.0
210
0.0
220
0.0
230
1.0
  2
SOLID
 70
     1
 71
     1
 91
        1
 92
        1
 93
        1
 72
     2
 10
20.64999934
 20
13.1499991
 40
0.1499997
 50
0.0
 51
360.0
 73
     1
 97
        1
330
9E
 75
     0
 76
     1
 98
        0
450
        0
451
        0
460
0.0
461
0.0
452
        0
462
0.0
453
        0
470

  0
REGION
  5
A7
102
{ACAD_REACTORS
330
A8
102
}
330
1F
100
AcDbEntity
  8
ViaHoleLayer
 62
    16
100
AcDbModelerGeometry
 70
     1
  1
mnmoo nm m mi          
  1
ni ^ *+0;:,4 ^ *+0\^ [ mo ^ LR mmjqnqoqijjlj QK o  
  1
n fqfffffffffffffffjkh:roh nqooooooooooooooooli:rno 
  1
>,27:>;:- {rn rn _nl mmjqnqoqijjlj |
  1
=0;& {rn rn {rn {m {rn {rn |
  1
3*2/ {rn rn {rn {rn {l {n |
  1
,7:33 {rn rn {rn {rn {rn {k {rn {m |
  1
9><: {rn rn {rn {rn {j {l {rn {i 90-(>-; ;0*=3: 0*+ |
  1
300/ {rn rn {rn {rn {h {k |
  1
/3>1:r,*-9><: {rn rn {rn nmqnmjoonnkfffffffml gqjolffinffffffffjin o o o n n o o 90-(>-;@) V V V V |
  1
<0:;8: {rn rn {rn {h {h {rn {g 90-(>-; {j {rn |
  1
:;8: {rn rn {rn {f o {f iqmglngjlohnhfjgimlm {h {no 90-(>-; _h *1410(1 |
  1
):-+:' {rn rn {rn {g m {nn |
  1
:336/,:r<*-): {rn rn {rn nmqmoooooffffffffgjk gqjolffinffffffffjin o o o n oqnkffffifffffffffgjg o o n V V |
  1
/061+ {rn rn {rn nmqljooooifffffffgfk gqjolffinffffffffjin o |
  0
HATCH
  5
A8
330
1F
100
AcDbEntity
  8
ViaHoleLayer
 62
    16
100
AcDbHatch
 10
0.0
 20
0.0
 30
0.0
210
0.0
220
0.0
230
1.0
  2
SOLID
 70
     1
 71
     1
 91
        1
 92
        1
 93
        1
 72
     2
 10
12.200001
 20
8.503996199999999
 40
0.1499997
 50
0.0
 51
360.0
 73
     1
 97
        1
330
A7
 75
     0
 76
     1
 98
        0
450
        0
451
        0
460
0.0
461
0.0
452
        0
462
0.0
453
        0
470

  0
REGION
  5
AD
102
{ACAD_REACTORS
330
AE
102
}
330
1F
100
AcDbEntity
  8
ViaHoleLayer
 62
    16
100
AcDbModelerGeometry
 70
     1
  1
mnmoo nm m mi          
  1
ni ^ *+0;:,4 ^ *+0\^ [ mo ^ LR mmjqnqoqijjlj QK o  
  1
n fqfffffffffffffffjkh:roh nqooooooooooooooooli:rno 
  1
>,27:>;:- {rn rn _nl mmjqnqoqijjlj |
  1
=0;& {rn rn {rn {m {rn {rn |
  1
3*2/ {rn rn {rn {rn {l {n |
  1
,7:33 {rn rn {rn {rn {rn {k {rn {m |
  1
9><: {rn rn {rn {rn {j {l {rn {i 90-(>-; ;0*=3: 0*+ |
  1
300/ {rn rn {rn {rn {h {k |
  1
/3>1:r,*-9><: {rn rn {rn nnqfhkffgfnooooooooj noqikffffonfffffffmn o o o n n o o 90-(>-;@) V V V V |
  1
<0:;8: {rn rn {rn {h {h {rn {g 90-(>-; {j {rn |
  1
:;8: {rn rn {rn {f o {f iqmglngjlohnhfjgimlm {h {no 90-(>-; _h *1410(1 |
  1
):-+:' {rn rn {rn {g m {nn |
  1
:336/,:r<*-): {rn rn {rn nmqokfffghjfffffffli noqikffffonfffffffmn o o o n oqnkffffifffffffffgjg o o n V V |
  1
/061+ {rn rn {rn nmqnffffgkjfffffffhh noqikffffonfffffffmn o |
  0
HATCH
  5
AE
330
1F
100
AcDbEntity
  8
ViaHoleLayer
 62
    16
100
AcDbHatch
 10
0.0
 20
0.0
 30
0.0
210
0.0
220
0.0
230
1.0
  2
SOLID
 70
     1
 71
     1
 91
        1
 92
        1
 93
        1
 72
     2
 10
12.04999876
 20
10.64999902
 40
0.1499997
 50
0.0
 51
360.0
 73
     1
 97
        1
330
AD
 75
     0
 76
     1
 98
        0
450
        0
451
        0
460
0.0
461
0.0
452
        0
462
0.0
453
        0
470

  0
REGION
  5
B0
102
{ACAD_REACTORS
330
B1
102
}
330
1F
100
AcDbEntity
  8
ViaHoleLayer
 62
    16
100
AcDbModelerGeometry
 70
     1
  1
mnmoo nm m mi          
  1
ni ^ *+0;:,4 ^ *+0\^ [ mo ^ LR mmjqnqoqijjlj QK o  
  1
n fqfffffffffffffffjkh:roh nqooooooooooooooooli:rno 
  1
>,27:>;:- {rn rn _nl mmjqnqoqijjlj |
  1
=0;& {rn rn {rn {m {rn {rn |
  1
3*2/ {rn rn {rn {rn {l {n |
  1
,7:33 {rn rn {rn {rn {rn {k {rn {m |
  1
9><: {rn rn {rn {rn {j {l {rn {i 90-(>-; ;0*=3: 0*+ |
  1
300/ {rn rn {rn {rn {h {k |
  1
/3>1:r,*-9><: {rn rn {rn noqkhkffflhooooooogn noqgoooonmjffffffglg o o o n n o o 90-(>-;@) V V V V |
  1
<0:;8: {rn rn {rn {h {h {rn {g 90-(>-; {j {rn |
  1
:;8: {rn rn {rn {f o {f iqmglngjlohnhfjgimlm {h {no 90-(>-; _h *1410(1 |
  1
):-+:' {rn rn {rn {g m {nn |
  1
:336/,:r<*-): {rn rn {rn noqjkffffmmooooooonm noqgoooonmjffffffglg o o o n oqnkffffifffffffffgjg o o n V V |
  1
/061+ {rn rn {rn noqiffffgfmooooooojm noqgoooonmjffffffglg o |
  0
HATCH
  5
B1
330
1F
100
AcDbEntity
  8
ViaHoleLayer
 62
    16
100
AcDbHatch
 10
0.0
 20
0.0
 30
0.0
210
0.0
220
0.0
230
1.0
  2
SOLID
 70
     1
 71
     1
 91
        1
 92
        1
 93
        1
 72
     2
 10
10.54999922
 20
10.80000126
 40
0.1499997
 50
0.0
 51
360.0
 73
     1
 97
        1
330
B0
 75
     0
 76
     1
 98
        0
450
        0
451
        0
460
0.0
461
0.0
452
        0
462
0.0
453
        0
470

  0
REGION
  5
B3
102
{ACAD_REACTORS
330
B4
102
}
330
1F
100
AcDbEntity
  8
ViaHoleLayer
 62
    16
100
AcDbModelerGeometry
 70
     1
  1
mnmoo nm m mi          
  1
ni ^ *+0;:,4 ^ *+0\^ [ mo ^ LR mmjqnqoqijjlj QK o  
  1
n fqfffffffffffffffjkh:roh nqooooooooooooooooli:rno 
  1
>,27:>;:- {rn rn _nl mmjqnqoqijjlj |
  1
=0;& {rn rn {rn {m {rn {rn |
  1
3*2/ {rn rn {rn {rn {l {n |
  1
,7:33 {rn rn {rn {rn {rn {k {rn {m |
  1
9><: {rn rn {rn {rn {j {l {rn {i 90-(>-; ;0*=3: 0*+ |
  1
300/ {rn rn {rn {rn {h {k |
  1
/3>1:r,*-9><: {rn rn {rn fqfmjoookhooooooojnf noqminlfkmjfffffffkl o o o n n o o 90-(>-;@) V V V V |
  1
<0:;8: {rn rn {rn {h {h {rn {g 90-(>-; {j {rn |
  1
:;8: {rn rn {rn {f o {f iqmglngjlohnhfjgimlm {h {no 90-(>-; _h *1410(1 |
  1
):-+:' {rn rn {rn {g m {nn |
  1
:336/,:r<*-): {rn rn {rn noqoooooolnfffffffgl noqminlfkmjfffffffkl o o o n oqnkffffifffffffffgjg o o n V V |
  1
/061+ {rn rn {rn noqnjooooomoooooooml noqminlfkmjfffffffkl o |
  0
HATCH
  5
B4
330
1F
100
AcDbEntity
  8
ViaHoleLayer
 62
    16
100
AcDbHatch
 10
0.0
 20
0.0
 30
0.0
210
0.0
220
0.0
230
1.0
  2
SOLID
 70
     1
 71
     1
 91
        1
 92
        1
 93
        1
 72
     2
 10
10.00000032
 20
10.26139426
 40
0.1499997
 50
0.0
 51
360.0
 73
     1
 97
        1
330
B3
 75
     0
 76
     1
 98
        0
450
        0
451
        0
460
0.0
461
0.0
452
        0
462
0.0
453
        0
470

  0
REGION
  5
B6
102
{ACAD_REACTORS
330
B7
102
}
330
1F
100
AcDbEntity
  8
ViaHoleLayer
 62
    16
100
AcDbModelerGeometry
 70
     1
  1
mnmoo nm m mi          
  1
ni ^ *+0;:,4 ^ *+0\^ [ mo ^ LR mmjqnqoqijjlj QK o  
  1
n fqfffffffffffffffjkh:roh nqooooooooooooooooli:rno 
  1
>,27:>;:- {rn rn _nl mmjqnqoqijjlj |
  1
=0;& {rn rn {rn {m {rn {rn |
  1
3*2/ {rn rn {rn {rn {l {n |
  1
,7:33 {rn rn {rn {rn {rn {k {rn {m |
  1
9><: {rn rn {rn {rn {j {l {rn {i 90-(>-; ;0*=3: 0*+ |
  1
300/ {rn rn {rn {rn {h {k |
  1
/3>1:r,*-9><: {rn rn {rn fqimjoonoifffffffhnk gqlffffgklfffffffnhg o o o n n o o 90-(>-;@) V V V V |
  1
<0:;8: {rn rn {rn {h {h {rn {g 90-(>-; {j {rn |
  1
:;8: {rn rn {rn {f o {f iqmglngjlohnhfjgimlm {h {no 90-(>-; _h *1410(1 |
  1
):-+:' {rn rn {rn {g m {nn |
  1
:336/,:r<*-): {rn rn {rn fqhooooofnfffffffomh gqlffffgklfffffffnhg o o o n oqnkffffifffffffffgjg o o n V V |
  1
/061+ {rn rn {rn fqgjooooinfffffffkmf gqlffffgklfffffffnhg o |
  0
HATCH
  5
B7
330
1F
100
AcDbEntity
  8
ViaHoleLayer
 62
    16
100
AcDbHatch
 10
0.0
 20
0.0
 30
0.0
210
0.0
220
0.0
230
1.0
  2
SOLID
 70
     1
 71
     1
 91
        1
 92
        1
 93
        1
 72
     2
 10
9.70000092
 20
8.399998439999999
 40
0.1499997
 50
0.0
 51
360.0
 73
     1
 97
        1
330
B6
 75
     0
 76
     1
 98
        0
450
        0
451
        0
460
0.0
461
0.0
452
        0
462
0.0
453
        0
470

  0
REGION
  5
BF
102
{ACAD_REACTORS
330
C0
102
}
330
1F
100
AcDbEntity
  8
ViaHoleLayer
 62
    16
100
AcDbModelerGeometry
 70
     1
  1
mnmoo nm m mi          
  1
ni ^ *+0;:,4 ^ *+0\^ [ mo ^ LR mmjqnqoqijjlj QK o  
  1
n fqfffffffffffffffjkh:roh nqooooooooooooooooli:rno 
  1
>,27:>;:- {rn rn _nl mmjqnqoqijjlj |
  1
=0;& {rn rn {rn {m {rn {rn |
  1
3*2/ {rn rn {rn {rn {l {n |
  1
,7:33 {rn rn {rn {rn {rn {k {rn {m |
  1
9><: {rn rn {rn {rn {j {l {rn {i 90-(>-; ;0*=3: 0*+ |
  1
300/ {rn rn {rn {rn {h {k |
  1
/3>1:r,*-9><: {rn rn {rn lqlgloonghooooooongf noqhimkfgnjfffffffgn o o o n n o o 90-(>-;@) V V V V |
  1
<0:;8: {rn rn {rn {h {h {rn {g 90-(>-; {j {rn |
  1
:;8: {rn rn {rn {f o {f iqmglngjlohnhfjgimlm {h {no 90-(>-; _h *1410(1 |
  1
):-+:' {rn rn {rn {g m {nn |
  1
:336/,:r<*-): {rn rn {rn lqkjgoonhnffffffffki noqhimkfgnjfffffffgn o o o n oqnkffffifffffffffgjg o o n V V |
  1
/061+ {rn rn {rn lqiogoonknffffffffok noqhimkfgnjfffffffgn o |
  0
HATCH
  5
C0
330
1F
100
AcDbEntity
  8
ViaHoleLayer
 62
    16
100
AcDbHatch
 10
0.0
 20
0.0
 30
0.0
210
0.0
220
0.0
230
1.0
  2
SOLID
 70
     1
 71
     1
 91
        1
 92
        1
 93
        1
 72
     2
 10
3.458001719999999
 20
10.76249816
 40
0.1499997
 50
0.0
 51
360.0
 73
     1
 97
        1
330
BF
 75
     0
 76
     1
 98
        0
450
        0
451
        0
460
0.0
461
0.0
452
        0
462
0.0
453
        0
470

  0
REGION
  5
C2
102
{ACAD_REACTORS
330
C3
102
}
330
1F
100
AcDbEntity
  8
ViaHoleLayer
 62
    16
100
AcDbModelerGeometry
 70
     1
  1
mnmoo nm m mi          
  1
ni ^ *+0;:,4 ^ *+0\^ [ mo ^ LR mmjqnqoqijjlj QK o  
  1
n fqfffffffffffffffjkh:roh nqooooooooooooooooli:rno 
  1
>,27:>;:- {rn rn _nl mmjqnqoqijjlj |
  1
=0;& {rn rn {rn {m {rn {rn |
  1
3*2/ {rn rn {rn {rn {l {n |
  1
,7:33 {rn rn {rn {rn {rn {k {rn {m |
  1
9><: {rn rn {rn {rn {j {l {rn {i 90-(>-; ;0*=3: 0*+ |
  1
300/ {rn rn {rn {rn {h {k |
  1
/3>1:r,*-9><: {rn rn {rn lqfmkfffhifffffffkkk noqiffffilhffffffffh o o o n n o o 90-(>-;@) V V V V |
  1
<0:;8: {rn rn {rn {h {h {rn {g 90-(>-; {j {rn |
  1
:;8: {rn rn {rn {f o {f iqmglngjlohnhfjgimlm {h {no 90-(>-; _h *1410(1 |
  1
):-+:' {rn rn {rn {g m {nn |
  1
:336/,:r<*-): {rn rn {rn lqffffffinfffffffikj noqiffffilhffffffffh o o o n oqnkffffifffffffffgjg o o n V V |
  1
/061+ {rn rn {rn kqnkfffflmooooooookh noqiffffilhffffffffh o |
  0
HATCH
  5
C3
330
1F
100
AcDbEntity
  8
ViaHoleLayer
 62
    16
100
AcDbHatch
 10
0.0
 20
0.0
 30
0.0
210
0.0
220
0.0
230
1.0
  2
SOLID
 70
     1
 71
     1
 91
        1
 92
        1
 93
        1
 72
     2
 10
3.99999962
 20
10.69999638
 40
0.1499997
 50
0.0
 51
360.0
 73
     1
 97
        1
330
C2
 75
     0
 76
     1
 98
        0
450
        0
451
        0
460
0.0
461
0.0
452
        0
462
0.0
453
        0
470

  0
REGION
  5
C5
102
{ACAD_REACTORS
330
C6
102
}
330
1F
100
AcDbEntity
  8
ViaHoleLayer
 62
    16
100
AcDbModelerGeometry
 70
     1
  1
mnmoo nm m mi          
  1
ni ^ *+0;:,4 ^ *+0\^ [ mo ^ LR mmjqnqoqijjlj QK o  
  1
n fqfffffffffffffffjkh:roh nqooooooooooooooooli:rno 
  1
>,27:>;:- {rn rn _nl mmjqnqoqijjlj |
  1
=0;& {rn rn {rn {m {rn {rn |
  1
3*2/ {rn rn {rn {rn {l {n |
  1
,7:33 {rn rn {rn {rn {rn {k {rn {m |
  1
9><: {rn rn {rn {rn {j {l {rn {i 90-(>-; ;0*=3: 0*+ |
  1
300/ {rn rn {rn {rn {h {k |
  1
/3>1:r,*-9><: {rn rn {rn nmqflfklnglooooooonf gqjfhfilkfffffffghi o o o n n o o 90-(>-;@) V V V V |
  1
<0:;8: {rn rn {rn {h {h {rn {g 90-(>-; {j {rn |
  1
:;8: {rn rn {rn {f o {f iqmglngjlohnhfjgimlm {h {no 90-(>-; _h *1410(1 |
  1
):-+:' {rn rn {rn {g m {nn |
  1
:336/,:r<*-): {rn rn {rn nlqonkklnihfffffffj gqjfhfilkfffffffghi o o o n oqnkffffifffffffffgjg o o n V V |
  1
/061+ {rn rn {rn nlqnikklnlhffffffff gqjfhfilkfffffffghi o |
  0
HATCH
  5
C6
330
1F
100
AcDbEntity
  8
ViaHoleLayer
 62
    16
100
AcDbHatch
 10
0.0
 20
0.0
 30
0.0
210
0.0
220
0.0
230
1.0
  2
SOLID
 70
     1
 71
     1
 91
        1
 92
        1
 93
        1
 72
     2
 10
13.01443168
 20
8.597963499999998
 40
0.1499997
 50
0.0
 51
360.0
 73
     1
 97
        1
330
C5
 75
     0
 76
     1
 98
        0
450
        0
451
        0
460
0.0
461
0.0
452
        0
462
0.0
453
        0
470

  0
REGION
  5
C8
102
{ACAD_REACTORS
330
C9
102
}
330
1F
100
AcDbEntity
  8
ViaHoleLayer
 62
    16
100
AcDbModelerGeometry
 70
     1
  1
mnmoo nm m mi          
  1
ni ^ *+0;:,4 ^ *+0\^ [ mo ^ LR mmjqnqoqijjlj QK o  
  1
n fqfffffffffffffffjkh:roh nqooooooooooooooooli:rno 
  1
>,27:>;:- {rn rn _nl mmjqnqoqijjlj |
  1
=0;& {rn rn {rn {m {rn {rn |
  1
3*2/ {rn rn {rn {rn {l {n |
  1
,7:33 {rn rn {rn {rn {rn {k {rn {m |
  1
9><: {rn rn {rn {rn {j {l {rn {i 90-(>-; ;0*=3: 0*+ |
  1
300/ {rn rn {rn {rn {h {k |
  1
/3>1:r,*-9><: {rn rn {rn niqnmjooohiffffffimn kqjffffgknfffffffkhh o o o n n o o 90-(>-;@) V V V V |
  1
<0:;8: {rn rn {rn {h {h {rn {g 90-(>-; {j {rn |
  1
:;8: {rn rn {rn {f o {f iqmglngjlohnhfjgimlm {h {no 90-(>-; _h *1410(1 |
  1
):-+:' {rn rn {rn {g m {nn |
  1
:336/,:r<*-): {rn rn {rn niqmoooooinffffffhl kqjffffgknfffffffkhh o o o n oqnkffffifffffffffgjg o o n V V |
  1
/061+ {rn rn {rn niqljoooolnffffffjfm kqjffffgknfffffffkhh o |
  0
HATCH
  5
C9
330
1F
100
AcDbEntity
  8
ViaHoleLayer
 62
    16
100
AcDbHatch
 10
0.0
 20
0.0
 30
0.0
210
0.0
220
0.0
230
1.0
  2
SOLID
 70
     1
 71
     1
 91
        1
 92
        1
 93
        1
 72
     2
 10
16.20000062
 20
4.599998419999998
 40
0.1499997
 50
0.0
 51
360.0
 73
     1
 97
        1
330
C8
 75
     0
 76
     1
 98
        0
450
        0
451
        0
460
0.0
461
0.0
452
        0
462
0.0
453
        0
470

  0
REGION
  5
CB
102
{ACAD_REACTORS
330
CC
102
}
330
1F
100
AcDbEntity
  8
ViaHoleLayer
 62
    16
100
AcDbModelerGeometry
 70
     1
  1
mnmoo nm m mi          
  1
ni ^ *+0;:,4 ^ *+0\^ [ mo ^ LR mmjqnqoqijjlj QK o  
  1
n fqfffffffffffffffjkh:roh nqooooooooooooooooli:rno 
  1
>,27:>;:- {rn rn _nl mmjqnqoqijjlj |
  1
=0;& {rn rn {rn {m {rn {rn |
  1
3*2/ {rn rn {rn {rn {l {n |
  1
,7:33 {rn rn {rn {rn {rn {k {rn {m |
  1
9><: {rn rn {rn {rn {j {l {rn {i 90-(>-; ;0*=3: 0*+ |
  1
300/ {rn rn {rn {rn {h {k |
  1
/3>1:r,*-9><: {rn rn {rn ngqimjooogkfffffffmg hqfkfffihffffffffnfh o o o n n o o 90-(>-;@) V V V V |
  1
<0:;8: {rn rn {rn {h {h {rn {g 90-(>-; {j {rn |
  1
:;8: {rn rn {rn {f o {f iqmglngjlohnhfjgimlm {h {no 90-(>-; _h *1410(1 |
  1
):-+:' {rn rn {rn {g m {nn |
  1
:336/,:r<*-): {rn rn {rn ngqhooooohooooooooli hqfkfffihffffffffnfh o o o n oqnkffffifffffffffgjg o o n V V |
  1
/061+ {rn rn {rn ngqgjoooolfffffffgff hqfkfffihffffffffnfh o |
  0
HATCH
  5
CC
330
1F
100
AcDbEntity
  8
ViaHoleLayer
 62
    16
100
AcDbHatch
 10
0.0
 20
0.0
 30
0.0
210
0.0
220
0.0
230
1.0
  2
SOLID
 70
     1
 71
     1
 91
        1
 92
        1
 93
        1
 72
     2
 10
18.70000069999999
 20
7.949996799999999
 40
0.1499997
 50
0.0
 51
360.0
 73
     1
 97
        1
330
CB
 75
     0
 76
     1
 98
        0
450
        0
451
        0
460
0.0
461
0.0
452
        0
462
0.0
453
        0
470

  0
REGION
  5
CE
102
{ACAD_REACTORS
330
CF
102
}
330
1F
100
AcDbEntity
  8
ViaHoleLayer
 62
    16
100
AcDbModelerGeometry
 70
     1
  1
mnmoo nm m mi          
  1
ni ^ *+0;:,4 ^ *+0\^ [ mo ^ LR mmjqnqoqijjlj QK o  
  1
n fqfffffffffffffffjkh:roh nqooooooooooooooooli:rno 
  1
>,27:>;:- {rn rn _nl mmjqnqoqijjlj |
  1
=0;& {rn rn {rn {m {rn {rn |
  1
3*2/ {rn rn {rn {rn {l {n |
  1
,7:33 {rn rn {rn {rn {rn {k {rn {m |
  1
9><: {rn rn {rn {rn {j {l {rn {i 90-(>-; ;0*=3: 0*+ |
  1
300/ {rn rn {rn {rn {h {k |
  1
/3>1:r,*-9><: {rn rn {rn moqohhgfgimffffffffh gqiffffhglffffffgmoi o o o n n o o 90-(>-;@) V V V V |
  1
<0:;8: {rn rn {rn {h {h {rn {g 90-(>-; {j {rn |
  1
:;8: {rn rn {rn {f o {f iqmglngjlohnhfjgimlm {h {no 90-(>-; _h *1410(1 |
  1
):-+:' {rn rn {rn {g m {nn |
  1
:336/,:r<*-): {rn rn {rn moqnjmgfgkgoooooonoi gqiffffhglffffffgmoi o o o n oqnkffffifffffffffgjg o o n V V |
  1
/061+ {rn rn {rn moqlomgfgnhfffffffig gqiffffhglffffffgmoi o |
  0
HATCH
  5
CF
330
1F
100
AcDbEntity
  8
ViaHoleLayer
 62
    16
100
AcDbHatch
 10
0.0
 20
0.0
 30
0.0
210
0.0
220
0.0
230
1.0
  2
SOLID
 70
     1
 71
     1
 91
        1
 92
        1
 93
        1
 72
     2
 10
20.15289848
 20
8.699997839999998
 40
0.1499997
 50
0.0
 51
360.0
 73
     1
 97
        1
330
CE
 75
     0
 76
     1
 98
        0
450
        0
451
        0
460
0.0
461
0.0
452
        0
462
0.0
453
        0
470

  0
REGION
  5
D1
102
{ACAD_REACTORS
330
D2
102
}
330
1F
100
AcDbEntity
  8
ViaHoleLayer
 62
    16
100
AcDbModelerGeometry
 70
     1
  1
mnmoo nm m mi          
  1
ni ^ *+0;:,4 ^ *+0\^ [ mo ^ LR mmjqnqoqijjlj QK o  
  1
n fqfffffffffffffffjkh:roh nqooooooooooooooooli:rno 
  1
>,27:>;:- {rn rn _nl mmjqnqoqijjlj |
  1
=0;& {rn rn {rn {m {rn {rn |
  1
3*2/ {rn rn {rn {rn {l {n |
  1
,7:33 {rn rn {rn {rn {rn {k {rn {m |
  1
9><: {rn rn {rn {rn {j {l {rn {i 90-(>-; ;0*=3: 0*+ |
  1
300/ {rn rn {rn {rn {h {k |
  1
/3>1:r,*-9><: {rn rn {rn moqohjoookgffffffhm fqljmlgfmnfffffffnh o o o n n o o 90-(>-;@) V V V V |
  1
<0:;8: {rn rn {rn {h {h {rn {g 90-(>-; {j {rn |
  1
:;8: {rn rn {rn {f o {f iqmglngjlohnhfjgimlm {h {no 90-(>-; _h *1410(1 |
  1
):-+:' {rn rn {rn {g m {nn |
  1
:336/,:r<*-): {rn rn {rn moqnjoooollffffffgmf fqljmlgfmnfffffffnh o o o n oqnkffffifffffffffgjg o o n V V |
  1
/061+ {rn rn {rn moqloooooolffffffifn fqljmlgfmnfffffffnh o |
  0
HATCH
  5
D2
330
1F
100
AcDbEntity
  8
ViaHoleLayer
 62
    16
100
AcDbHatch
 10
0.0
 20
0.0
 30
0.0
210
0.0
220
0.0
230
1.0
  2
SOLID
 70
     1
 71
     1
 91
        1
 92
        1
 93
        1
 72
     2
 10
20.15000034
 20
9.352389219999999
 40
0.1499997
 50
0.0
 51
360.0
 73
     1
 97
        1
330
D1
 75
     0
 76
     1
 98
        0
450
        0
451
        0
460
0.0
461
0.0
452
        0
462
0.0
453
        0
470

  0
REGION
  5
D4
102
{ACAD_REACTORS
330
D5
102
}
330
1F
100
AcDbEntity
  8
ViaHoleLayer
 62
    16
100
AcDbModelerGeometry
 70
     1
  1
mnmoo nm m mi          
  1
ni ^ *+0;:,4 ^ *+0\^ [ mo ^ LR mmjqnqoqijjlj QK o  
  1
n fqfffffffffffffffjkh:roh nqooooooooooooooooli:rno 
  1
>,27:>;:- {rn rn _nl mmjqnqoqijjlj |
  1
=0;& {rn rn {rn {m {rn {rn |
  1
3*2/ {rn rn {rn {rn {l {n |
  1
,7:33 {rn rn {rn {rn {rn {k {rn {m |
  1
9><: {rn rn {rn {rn {j {l {rn {i 90-(>-; ;0*=3: 0*+ |
  1
300/ {rn rn {rn {rn {h {k |
  1
/3>1:r,*-9><: {rn rn {rn mmqlmjoonoiffffffjkj noqkffffihgooooooool o o o n n o o 90-(>-;@) V V V V |
  1
<0:;8: {rn rn {rn {h {h {rn {g 90-(>-; {j {rn |
  1
:;8: {rn rn {rn {f o {f iqmglngjlohnhfjgimlm {h {no 90-(>-; _h *1410(1 |
  1
):-+:' {rn rn {rn {g m {nn |
  1
:336/,:r<*-): {rn rn {rn mmqkooooofnffffffijk noqkffffihgooooooool o o o n oqnkffffifffffffffgjg o o n V V |
  1
/061+ {rn rn {rn mmqjjooooinffffffjnh noqkffffihgooooooool o |
  0
HATCH
  5
D5
330
1F
100
AcDbEntity
  8
ViaHoleLayer
 62
    16
100
AcDbHatch
 10
0.0
 20
0.0
 30
0.0
210
0.0
220
0.0
230
1.0
  2
SOLID
 70
     1
 71
     1
 91
        1
 92
        1
 93
        1
 72
     2
 10
22.40000092
 20
10.49999678
 40
0.1499997
 50
0.0
 51
360.0
 73
     1
 97
        1
330
D4
 75
     0
 76
     1
 98
        0
450
        0
451
        0
460
0.0
461
0.0
452
        0
462
0.0
453
        0
470

  0
REGION
  5
D7
102
{ACAD_REACTORS
330
D8
102
}
330
1F
100
AcDbEntity
  8
ViaHoleLayer
 62
    16
100
AcDbModelerGeometry
 70
     1
  1
mnmoo nm m mi          
  1
ni ^ *+0;:,4 ^ *+0\^ [ mo ^ LR mmjqnqoqijjlj QK o  
  1
n fqfffffffffffffffjkh:roh nqooooooooooooooooli:rno 
  1
>,27:>;:- {rn rn _nl mmjqnqoqijjlj |
  1
=0;& {rn rn {rn {m {rn {rn |
  1
3*2/ {rn rn {rn {rn {l {n |
  1
,7:33 {rn rn {rn {rn {rn {k {rn {m |
  1
9><: {rn rn {rn {rn {j {l {rn {i 90-(>-; ;0*=3: 0*+ |
  1
300/ {rn rn {rn {rn {h {k |
  1
/3>1:r,*-9><: {rn rn {rn moqlmkffffgffffffgki fqfffffhhhfffffffmgn o o o n n o o 90-(>-;@) V V V V |
  1
<0:;8: {rn rn {rn {h {h {rn {g 90-(>-; {j {rn |
  1
:;8: {rn rn {rn {f o {f iqmglngjlohnhfjgimlm {h {no 90-(>-; _h *1410(1 |
  1
):-+:' {rn rn {rn {g m {nn |
  1
:336/,:r<*-): {rn rn {rn moqlfffffglfffffffjj fqfffffhhhfffffffmgn o o o n oqnkffffifffffffffgjg o o n V V |
  1
/061+ {rn rn {rn moqjkffffjlffffffgng fqfffffhhhfffffffmgn o |
  0
HATCH
  5
D8
330
1F
100
AcDbEntity
  8
ViaHoleLayer
 62
    16
100
AcDbHatch
 10
0.0
 20
0.0
 30
0.0
210
0.0
220
0.0
230
1.0
  2
SOLID
 70
     1
 71
     1
 91
        1
 92
        1
 93
        1
 72
     2
 10
20.39999984
 20
9.999997779999999
 40
0.1499997
 50
0.0
 51
360.0
 73
     1
 97
        1
330
D7
 75
     0
 76
     1
 98
        0
450
        0
451
        0
460
0.0
461
0.0
452
        0
462
0.0
453
        0
470

  0
REGION
  5
DA
102
{ACAD_REACTORS
330
DB
102
}
330
1F
100
AcDbEntity
  8
ViaHoleLayer
 62
    16
100
AcDbModelerGeometry
 70
     1
  1
mnmoo nm m mi          
  1
ni ^ *+0;:,4 ^ *+0\^ [ mo ^ LR mmjqnqoqijjlj QK o  
  1
n fqfffffffffffffffjkh:roh nqooooooooooooooooli:rno 
  1
>,27:>;:- {rn rn _nl mmjqnqoqijjlj |
  1
=0;& {rn rn {rn {m {rn {rn |
  1
3*2/ {rn rn {rn {rn {l {n |
  1
,7:33 {rn rn {rn {rn {rn {k {rn {m |
  1
9><: {rn rn {rn {rn {j {l {rn {i 90-(>-; ;0*=3: 0*+ |
  1
300/ {rn rn {rn {rn {h {k |
  1
/3>1:r,*-9><: {rn rn {rn nhqlhjooogofffffffjm hqfnjogholfffffffjnf o o o n n o o 90-(>-;@) V V V V |
  1
<0:;8: {rn rn {rn {h {h {rn {g 90-(>-; {j {rn |
  1
:;8: {rn rn {rn {f o {f iqmglngjlohnhfjgimlm {h {no 90-(>-; _h *1410(1 |
  1
):-+:' {rn rn {rn {g m {nn |
  1
:336/,:r<*-): {rn rn {rn nhqkjooooiioooooooin hqfnjogholfffffffjnf o o o n oqnkffffifffffffffgjg o o n V V |
  1
/061+ {rn rn {rn nhqioooooljfffffffml hqfnjogholfffffffjnf o |
  0
HATCH
  5
DB
330
1F
100
AcDbEntity
  8
ViaHoleLayer
 62
    16
100
AcDbHatch
 10
0.0
 20
0.0
 30
0.0
210
0.0
220
0.0
230
1.0
  2
SOLID
 70
     1
 71
     1
 91
        1
 92
        1
 93
        1
 72
     2
 10
17.45000066
 20
7.91508704
 40
0.1499997
 50
0.0
 51
360.0
 73
     1
 97
        1
330
DA
 75
     0
 76
     1
 98
        0
450
        0
451
        0
460
0.0
461
0.0
452
        0
462
0.0
453
        0
470

  0
REGION
  5
DD
102
{ACAD_REACTORS
330
DE
102
}
330
1F
100
AcDbEntity
  8
ViaHoleLayer
 62
    16
100
AcDbModelerGeometry
 70
     1
  1
mnmoo nm m mi          
  1
ni ^ *+0;:,4 ^ *+0\^ [ mo ^ LR mmjqnqoqijjlj QK o  
  1
n fqfffffffffffffffjkh:roh nqooooooooooooooooli:rno 
  1
>,27:>;:- {rn rn _nl mmjqnqoqijjlj |
  1
=0;& {rn rn {rn {m {rn {rn |
  1
3*2/ {rn rn {rn {rn {l {n |
  1
,7:33 {rn rn {rn {rn {rn {k {rn {m |
  1
9><: {rn rn {rn {rn {j {l {rn {i 90-(>-; ;0*=3: 0*+ |
  1
300/ {rn rn {rn {rn {h {k |
  1
/3>1:r,*-9><: {rn rn {rn niqohjoooghooooooomm hqfnjogholfffffffjnf o o o n n o o 90-(>-;@) V V V V |
  1
<0:;8: {rn rn {rn {h {h {rn {g 90-(>-; {j {rn |
  1
:;8: {rn rn {rn {f o {f iqmglngjlohnhfjgimlm {h {no 90-(>-; _h *1410(1 |
  1
):-+:' {rn rn {rn {g m {nn |
  1
:336/,:r<*-): {rn rn {rn niqnjoooohmoooooonln hqfnjogholfffffffjnf o o o n oqnkffffifffffffffgjg o o n V V |
  1
/061+ {rn rn {rn niqloooooknffffffffl hqfnjogholfffffffjnf o |
  0
HATCH
  5
DE
330
1F
100
AcDbEntity
  8
ViaHoleLayer
 62
    16
100
AcDbHatch
 10
0.0
 20
0.0
 30
0.0
210
0.0
220
0.0
230
1.0
  2
SOLID
 70
     1
 71
     1
 91
        1
 92
        1
 93
        1
 72
     2
 10
16.15000072
 20
7.91508704
 40
0.1499997
 50
0.0
 51
360.0
 73
     1
 97
        1
330
DD
 75
     0
 76
     1
 98
        0
450
        0
451
        0
460
0.0
461
0.0
452
        0
462
0.0
453
        0
470

  0
REGION
  5
E0
102
{ACAD_REACTORS
330
E1
102
}
330
1F
100
AcDbEntity
  8
ViaHoleLayer
 62
    16
100
AcDbModelerGeometry
 70
     1
  1
mnmoo nm m mi          
  1
ni ^ *+0;:,4 ^ *+0\^ [ mo ^ LR mmjqnqoqijjlj QK o  
  1
n fqfffffffffffffffjkh:roh nqooooooooooooooooli:rno 
  1
>,27:>;:- {rn rn _nl mmjqnqoqijjlj |
  1
=0;& {rn rn {rn {m {rn {rn |
  1
3*2/ {rn rn {rn {rn {l {n |
  1
,7:33 {rn rn {rn {rn {rn {k {rn {m |
  1
9><: {rn rn {rn {rn {j {l {rn {i 90-(>-; ;0*=3: 0*+ |
  1
300/ {rn rn {rn {rn {h {k |
  1
/3>1:r,*-9><: {rn rn {rn mmqkmjooogiffffffgof lqmffffgkhfffffffmf o o o n n o o 90-(>-;@) V V V V |
  1
<0:;8: {rn rn {rn {h {h {rn {g 90-(>-; {j {rn |
  1
:;8: {rn rn {rn {f o {f iqmglngjlohnhfjgimlm {h {no 90-(>-; _h *1410(1 |
  1
):-+:' {rn rn {rn {g m {nn |
  1
:336/,:r<*-): {rn rn {rn mmqjooooohnfffffffng lqmffffgkhfffffffmf o o o n oqnkffffifffffffffgjg o o n V V |
  1
/061+ {rn rn {rn mmqijooooknffffffhg lqmffffgkhfffffffmf o |
  0
HATCH
  5
E1
330
1F
100
AcDbEntity
  8
ViaHoleLayer
 62
    16
100
AcDbHatch
 10
0.0
 20
0.0
 30
0.0
210
0.0
220
0.0
230
1.0
  2
SOLID
 70
     1
 71
     1
 91
        1
 92
        1
 93
        1
 72
     2
 10
22.50000072
 20
3.299998479999998
 40
0.1499997
 50
0.0
 51
360.0
 73
     1
 97
        1
330
E0
 75
     0
 76
     1
 98
        0
450
        0
451
        0
460
0.0
461
0.0
452
        0
462
0.0
453
        0
470

  0
REGION
  5
E3
102
{ACAD_REACTORS
330
E4
102
}
330
1F
100
AcDbEntity
  8
ViaHoleLayer
 62
    16
100
AcDbModelerGeometry
 70
     1
  1
mnmoo nm m mi          
  1
ni ^ *+0;:,4 ^ *+0\^ [ mo ^ LR mmjqnqoqijjlj QK o  
  1
n fqfffffffffffffffjkh:roh nqooooooooooooooooli:rno 
  1
>,27:>;:- {rn rn _nl mmjqnqoqijjlj |
  1
=0;& {rn rn {rn {m {rn {rn |
  1
3*2/ {rn rn {rn {rn {l {n |
  1
,7:33 {rn rn {rn {rn {rn {k {rn {m |
  1
9><: {rn rn {rn {rn {j {l {rn {i 90-(>-; ;0*=3: 0*+ |
  1
300/ {rn rn {rn {rn {h {k |
  1
/3>1:r,*-9><: {rn rn {rn mnqjiiklhigffffffhmm iqmikomofffffffffinh o o o n n o o 90-(>-;@) V V V V |
  1
<0:;8: {rn rn {rn {h {h {rn {g 90-(>-; {j {rn |
  1
:;8: {rn rn {rn {f o {f iqmglngjlohnhfjgimlm {h {no 90-(>-; _h *1410(1 |
  1
):-+:' {rn rn {rn {g m {nn |
  1
:336/,:r<*-): {rn rn {rn mnqiknklhjlffffffgln iqmikomofffffffffinh o o o n oqnkffffifffffffffgjg o o n V V |
  1
/061+ {rn rn {rn mnqhfnklhmlffffffifl iqmikomofffffffffinh o |
  0
HATCH
  5
E4
330
1F
100
AcDbEntity
  8
ViaHoleLayer
 62
    16
100
AcDbHatch
 10
0.0
 20
0.0
 30
0.0
210
0.0
220
0.0
230
1.0
  2
SOLID
 70
     1
 71
     1
 91
        1
 92
        1
 93
        1
 72
     2
 10
21.64143754
 20
6.264020999999999
 40
0.1499997
 50
0.0
 51
360.0
 73
     1
 97
        1
330
E3
 75
     0
 76
     1
 98
        0
450
        0
451
        0
460
0.0
461
0.0
452
        0
462
0.0
453
        0
470

  0
REGION
  5
E6
102
{ACAD_REACTORS
330
E7
102
}
330
1F
100
AcDbEntity
  8
ViaHoleLayer
 62
    16
100
AcDbModelerGeometry
 70
     1
  1
mnmoo nm m mi          
  1
ni ^ *+0;:,4 ^ *+0\^ [ mo ^ LR mmjqnqoqijjlj QK o  
  1
n fqfffffffffffffffjkh:roh nqooooooooooooooooli:rno 
  1
>,27:>;:- {rn rn _nl mmjqnqoqijjlj |
  1
=0;& {rn rn {rn {m {rn {rn |
  1
3*2/ {rn rn {rn {rn {l {n |
  1
,7:33 {rn rn {rn {rn {rn {k {rn {m |
  1
9><: {rn rn {rn {rn {j {l {rn {i 90-(>-; ;0*=3: 0*+ |
  1
300/ {rn rn {rn {rn {h {k |
  1
/3>1:r,*-9><: {rn rn {rn niqnoihmmflooooooon jqkgfjgminffffffflom o o o n n o o 90-(>-;@) V V V V |
  1
<0:;8: {rn rn {rn {h {h {rn {g 90-(>-; {j {rn |
  1
:;8: {rn rn {rn {f o {f iqmglngjlohnhfjgimlm {h {no 90-(>-; _h *1410(1 |
  1
):-+:' {rn rn {rn {g m {nn |
  1
:336/,:r<*-): {rn rn {rn niqngnhmmhgoooooonnf jqkgfjgminffffffflom o o o n oqnkffffifffffffffgjg o o n V V |
  1
/061+ {rn rn {rn niqllnhmmkhfffffffgm jqkgfjgminffffffflom o |
  0
HATCH
  5
E7
330
1F
100
AcDbEntity
  8
ViaHoleLayer
 62
    16
100
AcDbHatch
 10
0.0
 20
0.0
 30
0.0
210
0.0
220
0.0
230
1.0
  2
SOLID
 70
     1
 71
     1
 91
        1
 92
        1
 93
        1
 72
     2
 10
16.18172278
 20
5.489582619999998
 40
0.1499997
 50
0.0
 51
360.0
 73
     1
 97
        1
330
E6
 75
     0
 76
     1
 98
        0
450
        0
451
        0
460
0.0
461
0.0
452
        0
462
0.0
453
        0
470

  0
REGION
  5
E9
102
{ACAD_REACTORS
330
EA
102
}
330
1F
100
AcDbEntity
  8
ViaHoleLayer
 62
    16
100
AcDbModelerGeometry
 70
     1
  1
mnmoo nm m mi          
  1
ni ^ *+0;:,4 ^ *+0\^ [ mo ^ LR mmjqnqoqijjlj QK o  
  1
n fqfffffffffffffffjkh:roh nqooooooooooooooooli:rno 
  1
>,27:>;:- {rn rn _nl mmjqnqoqijjlj |
  1
=0;& {rn rn {rn {m {rn {rn |
  1
3*2/ {rn rn {rn {rn {l {n |
  1
,7:33 {rn rn {rn {rn {rn {k {rn {m |
  1
9><: {rn rn {rn {rn {j {l {rn {i 90-(>-; ;0*=3: 0*+ |
  1
300/ {rn rn {rn {rn {h {k |
  1
/3>1:r,*-9><: {rn rn {rn niqnmjooohiffffffimn iqkkfffhmjffffffffjj o o o n n o o 90-(>-;@) V V V V |
  1
<0:;8: {rn rn {rn {h {h {rn {g 90-(>-; {j {rn |
  1
:;8: {rn rn {rn {f o {f iqmglngjlohnhfjgimlm {h {no 90-(>-; _h *1410(1 |
  1
):-+:' {rn rn {rn {g m {nn |
  1
:336/,:r<*-): {rn rn {rn niqmoooooinffffffhl iqkkfffhmjffffffffjj o o o n oqnkffffifffffffffgjg o o n V V |
  1
/061+ {rn rn {rn niqljoooolnffffffjfm iqkkfffhmjffffffffjj o |
  0
HATCH
  5
EA
330
1F
100
AcDbEntity
  8
ViaHoleLayer
 62
    16
100
AcDbHatch
 10
0.0
 20
0.0
 30
0.0
210
0.0
220
0.0
230
1.0
  2
SOLID
 70
     1
 71
     1
 91
        1
 92
        1
 93
        1
 72
     2
 10
16.20000062
 20
6.449997259999999
 40
0.1499997
 50
0.0
 51
360.0
 73
     1
 97
        1
330
E9
 75
     0
 76
     1
 98
        0
450
        0
451
        0
460
0.0
461
0.0
452
        0
462
0.0
453
        0
470

  0
REGION
  5
EC
102
{ACAD_REACTORS
330
ED
102
}
330
1F
100
AcDbEntity
  8
ViaHoleLayer
 62
    16
100
AcDbModelerGeometry
 70
     1
  1
mnmoo nm m mi          
  1
ni ^ *+0;:,4 ^ *+0\^ [ mo ^ LR mmjqnqoqijjlj QK o  
  1
n fqfffffffffffffffjkh:roh nqooooooooooooooooli:rno 
  1
>,27:>;:- {rn rn _nl mmjqnqoqijjlj |
  1
=0;& {rn rn {rn {m {rn {rn |
  1
3*2/ {rn rn {rn {rn {l {n |
  1
,7:33 {rn rn {rn {rn {rn {k {rn {m |
  1
9><: {rn rn {rn {rn {j {l {rn {i 90-(>-; ;0*=3: 0*+ |
  1
300/ {rn rn {rn {rn {h {k |
  1
/3>1:r,*-9><: {rn rn {rn nhqmmkffgjhooooooolk jqkkfffihnfffffffigk o o o n n o o 90-(>-;@) V V V V |
  1
<0:;8: {rn rn {rn {h {h {rn {g 90-(>-; {j {rn |
  1
:;8: {rn rn {rn {f o {f iqmglngjlohnhfjgimlm {h {no 90-(>-; _h *1410(1 |
  1
):-+:' {rn rn {rn {g m {nn |
  1
:336/,:r<*-): {rn rn {rn nhqmffffgkmoooooonkl jqkkfffihnfffffffigk o o o n oqnkffffifffffffffgjg o o n V V |
  1
/061+ {rn rn {rn nhqkkfffgnmooooooooi jqkkfffihnfffffffigk o |
  0
HATCH
  5
ED
330
1F
100
AcDbEntity
  8
ViaHoleLayer
 62
    16
100
AcDbHatch
 10
0.0
 20
0.0
 30
0.0
210
0.0
220
0.0
230
1.0
  2
SOLID
 70
     1
 71
     1
 91
        1
 92
        1
 93
        1
 72
     2
 10
17.29999842
 20
5.449996719999999
 40
0.1499997
 50
0.0
 51
360.0
 73
     1
 97
        1
330
EC
 75
     0
 76
     1
 98
        0
450
        0
451
        0
460
0.0
461
0.0
452
        0
462
0.0
453
        0
470

  0
REGION
  5
EF
102
{ACAD_REACTORS
330
F0
102
}
330
1F
100
AcDbEntity
  8
ViaHoleLayer
 62
    16
100
AcDbModelerGeometry
 70
     1
  1
mnmoo nm m mi          
  1
ni ^ *+0;:,4 ^ *+0\^ [ mo ^ LR mmjqnqoqijjlj QK o  
  1
n fqfffffffffffffffjkh:roh nqooooooooooooooooli:rno 
  1
>,27:>;:- {rn rn _nl mmjqnqoqijjlj |
  1
=0;& {rn rn {rn {m {rn {rn |
  1
3*2/ {rn rn {rn {rn {l {n |
  1
,7:33 {rn rn {rn {rn {rn {k {rn {m |
  1
9><: {rn rn {rn {rn {j {l {rn {i 90-(>-; ;0*=3: 0*+ |
  1
300/ {rn rn {rn {rn {h {k |
  1
/3>1:r,*-9><: {rn rn {rn nhqmoffffgiffffffhm iqklhlomlkoooooookji o o o n n o o 90-(>-;@) V V V V |
  1
<0:;8: {rn rn {rn {h {h {rn {g 90-(>-; {j {rn |
  1
:;8: {rn rn {rn {f o {f iqmglngjlohnhfjgimlm {h {no 90-(>-; _h *1410(1 |
  1
):-+:' {rn rn {rn {g m {nn |
  1
:336/,:r<*-): {rn rn {rn nhqmgkfffhnffffffgmf iqklhlomlkoooooookji o o o n oqnkffffifffffffffgjg o o n V V |
  1
/061+ {rn rn {rn nhqklkfffknffffffifm iqklhlomlkoooooookji o |
  0
HATCH
  5
F0
330
1F
100
AcDbEntity
  8
ViaHoleLayer
 62
    16
100
AcDbHatch
 10
0.0
 20
0.0
 30
0.0
210
0.0
220
0.0
230
1.0
  2
SOLID
 70
     1
 71
     1
 91
        1
 92
        1
 93
        1
 72
     2
 10
17.28499972
 20
6.437302339999999
 40
0.1499997
 50
0.0
 51
360.0
 73
     1
 97
        1
330
EF
 75
     0
 76
     1
 98
        0
450
        0
451
        0
460
0.0
461
0.0
452
        0
462
0.0
453
        0
470

  0
REGION
  5
F2
102
{ACAD_REACTORS
330
F3
102
}
330
1F
100
AcDbEntity
  8
ViaHoleLayer
 62
    16
100
AcDbModelerGeometry
 70
     1
  1
mnmoo nm m mi          
  1
ni ^ *+0;:,4 ^ *+0\^ [ mo ^ LR mmjqnqoqijjlj QK o  
  1
n fqfffffffffffffffjkh:roh nqooooooooooooooooli:rno 
  1
>,27:>;:- {rn rn _nl mmjqnqoqijjlj |
  1
=0;& {rn rn {rn {m {rn {rn |
  1
3*2/ {rn rn {rn {rn {l {n |
  1
,7:33 {rn rn {rn {rn {rn {k {rn {m |
  1
9><: {rn rn {rn {rn {j {l {rn {i 90-(>-; ;0*=3: 0*+ |
  1
300/ {rn rn {rn {rn {h {k |
  1
/3>1:r,*-9><: {rn rn {rn nmqfmkfffjjooooooohg kqhkfffgnnfffffffghf o o o n n o o 90-(>-;@) V V V V |
  1
<0:;8: {rn rn {rn {h {h {rn {g 90-(>-; {j {rn |
  1
:;8: {rn rn {rn {f o {f iqmglngjlohnhfjgimlm {h {no 90-(>-; _h *1410(1 |
  1
):-+:' {rn rn {rn {g m {nn |
  1
:336/,:r<*-): {rn rn {rn nmqffffffkooooooooof kqhkfffgnnfffffffghf o o o n oqnkffffifffffffffgjg o o n V V |
  1
/061+ {rn rn {rn nlqnkffffnooooooooj kqhkfffgnnfffffffghf o |
  0
HATCH
  5
F3
330
1F
100
AcDbEntity
  8
ViaHoleLayer
 62
    16
100
AcDbHatch
 10
0.0
 20
0.0
 30
0.0
210
0.0
220
0.0
230
1.0
  2
SOLID
 70
     1
 71
     1
 91
        1
 92
        1
 93
        1
 72
     2
 10
12.9999994
 20
4.749998119999999
 40
0.1499997
 50
0.0
 51
360.0
 73
     1
 97
        1
330
F2
 75
     0
 76
     1
 98
        0
450
        0
451
        0
460
0.0
461
0.0
452
        0
462
0.0
453
        0
470

  0
REGION
  5
F5
102
{ACAD_REACTORS
330
F6
102
}
330
1F
100
AcDbEntity
  8
ViaHoleLayer
 62
    16
100
AcDbModelerGeometry
 70
     1
  1
mnmoo nm m mi          
  1
ni ^ *+0;:,4 ^ *+0\^ [ mo ^ LR mmjqnqoqijjlj QK o  
  1
n fqfffffffffffffffjkh:roh nqooooooooooooooooli:rno 
  1
>,27:>;:- {rn rn _nl mmjqnqoqijjlj |
  1
=0;& {rn rn {rn {m {rn {rn |
  1
3*2/ {rn rn {rn {rn {l {n |
  1
,7:33 {rn rn {rn {rn {rn {k {rn {m |
  1
9><: {rn rn {rn {rn {j {l {rn {i 90-(>-; ;0*=3: 0*+ |
  1
300/ {rn rn {rn {rn {h {k |
  1
/3>1:r,*-9><: {rn rn {rn nmqfmkfffjjooooooohg jqjffffikmoooooooogi o o o n n o o 90-(>-;@) V V V V |
  1
<0:;8: {rn rn {rn {h {h {rn {g 90-(>-; {j {rn |
  1
:;8: {rn rn {rn {f o {f iqmglngjlohnhfjgimlm {h {no 90-(>-; _h *1410(1 |
  1
):-+:' {rn rn {rn {g m {nn |
  1
:336/,:r<*-): {rn rn {rn nmqffffffkooooooooof jqjffffikmoooooooogi o o o n oqnkffffifffffffffgjg o o n V V |
  1
/061+ {rn rn {rn nlqnkffffnooooooooj jqjffffikmoooooooogi o |
  0
HATCH
  5
F6
330
1F
100
AcDbEntity
  8
ViaHoleLayer
 62
    16
100
AcDbHatch
 10
0.0
 20
0.0
 30
0.0
210
0.0
220
0.0
230
1.0
  2
SOLID
 70
     1
 71
     1
 91
        1
 92
        1
 93
        1
 72
     2
 10
12.9999994
 20
5.59999642
 40
0.1499997
 50
0.0
 51
360.0
 73
     1
 97
        1
330
F5
 75
     0
 76
     1
 98
        0
450
        0
451
        0
460
0.0
461
0.0
452
        0
462
0.0
453
        0
470

  0
REGION
  5
F8
102
{ACAD_REACTORS
330
F9
102
}
330
1F
100
AcDbEntity
  8
ViaHoleLayer
 62
    16
100
AcDbModelerGeometry
 70
     1
  1
mnmoo nm m mi          
  1
ni ^ *+0;:,4 ^ *+0\^ [ mo ^ LR mmjqnqoqijjlj QK o  
  1
n fqfffffffffffffffjkh:roh nqooooooooooooooooli:rno 
  1
>,27:>;:- {rn rn _nl mmjqnqoqijjlj |
  1
=0;& {rn rn {rn {m {rn {rn |
  1
3*2/ {rn rn {rn {rn {l {n |
  1
,7:33 {rn rn {rn {rn {rn {k {rn {m |
  1
9><: {rn rn {rn {rn {j {l {rn {i 90-(>-; ;0*=3: 0*+ |
  1
300/ {rn rn {rn {rn {h {k |
  1
/3>1:r,*-9><: {rn rn {rn nmqhhmflffoffffffgoi kqojhhffgiooooooomjg o o o n n o o 90-(>-;@) V V V V |
  1
<0:;8: {rn rn {rn {h {h {rn {g 90-(>-; {j {rn |
  1
:;8: {rn rn {rn {f o {f iqmglngjlohnhfjgimlm {h {no 90-(>-; _h *1410(1 |
  1
):-+:' {rn rn {rn {g m {nn |
  1
:336/,:r<*-): {rn rn {rn nmqgkhflfhjffffffhlg kqojhhffgiooooooomjg o o o n oqnkffffifffffffffgjg o o n V V |
  1
/061+ {rn rn {rn nmqffhflfkjffffffhhg kqojhhffgiooooooomjg o |
  0
HATCH
  5
F9
330
1F
100
AcDbEntity
  8
ViaHoleLayer
 62
    16
100
AcDbHatch
 10
0.0
 20
0.0
 30
0.0
210
0.0
220
0.0
230
1.0
  2
SOLID
 70
     1
 71
     1
 91
        1
 92
        1
 93
        1
 72
     2
 10
12.84793976
 20
4.05779986
 40
0.1499997
 50
0.0
 51
360.0
 73
     1
 97
        1
330
F8
 75
     0
 76
     1
 98
        0
450
        0
451
        0
460
0.0
461
0.0
452
        0
462
0.0
453
        0
470

  0
REGION
  5
FB
102
{ACAD_REACTORS
330
FC
102
}
330
1F
100
AcDbEntity
  8
ViaHoleLayer
 62
    16
100
AcDbModelerGeometry
 70
     1
  1
mnmoo nm m mi          
  1
ni ^ *+0;:,4 ^ *+0\^ [ mo ^ LR mmjqnqoqijjlj QK o  
  1
n fqfffffffffffffffjkh:roh nqooooooooooooooooli:rno 
  1
>,27:>;:- {rn rn _nl mmjqnqoqijjlj |
  1
=0;& {rn rn {rn {m {rn {rn |
  1
3*2/ {rn rn {rn {rn {l {n |
  1
,7:33 {rn rn {rn {rn {rn {k {rn {m |
  1
9><: {rn rn {rn {rn {j {l {rn {i 90-(>-; ;0*=3: 0*+ |
  1
300/ {rn rn {rn {rn {h {k |
  1
/3>1:r,*-9><: {rn rn {rn mjqiniklhmoffffffhmf jqkkknmnhoooooooonhj o o o n n o o 90-(>-;@) V V V V |
  1
<0:;8: {rn rn {rn {h {h {rn {g 90-(>-; {j {rn |
  1
:;8: {rn rn {rn {f o {f iqmglngjlohnhfjgimlm {h {no 90-(>-; _h *1410(1 |
  1
):-+:' {rn rn {rn {g m {nn |
  1
:336/,:r<*-): {rn rn {rn mjqifnklhojffffffglg jqkkknmnhoooooooonhj o o o n oqnkffffifffffffffgjg o o n V V |
  1
/061+ {rn rn {rn mjqgknklihjffffffhon jqkkknmnhoooooooonhj o |
  0
HATCH
  5
FC
330
1F
100
AcDbEntity
  8
ViaHoleLayer
 62
    16
100
AcDbHatch
 10
0.0
 20
0.0
 30
0.0
210
0.0
220
0.0
230
1.0
  2
SOLID
 70
     1
 71
     1
 91
        1
 92
        1
 93
        1
 72
     2
 10
25.69143706
 20
5.4441217
 40
0.1499997
 50
0.0
 51
360.0
 73
     1
 97
        1
330
FB
 75
     0
 76
     1
 98
        0
450
        0
451
        0
460
0.0
461
0.0
452
        0
462
0.0
453
        0
470

  0
REGION
  5
FE
102
{ACAD_REACTORS
330
FF
102
}
330
1F
100
AcDbEntity
  8
ViaHoleLayer
 62
    16
100
AcDbModelerGeometry
 70
     1
  1
mnmoo nm m mi          
  1
ni ^ *+0;:,4 ^ *+0\^ [ mo ^ LR mmjqnqoqijjlj QK o  
  1
n fqfffffffffffffffjkh:roh nqooooooooooooooooli:rno 
  1
>,27:>;:- {rn rn _nl mmjqnqoqijjlj |
  1
=0;& {rn rn {rn {m {rn {rn |
  1
3*2/ {rn rn {rn {rn {l {n |
  1
,7:33 {rn rn {rn {rn {rn {k {rn {m |
  1
9><: {rn rn {rn {rn {j {l {rn {i 90-(>-; ;0*=3: 0*+ |
  1
300/ {rn rn {rn {rn {h {k |
  1
/3>1:r,*-9><: {rn rn {rn loqkjkklinifffffflfm nnqfioffhnjffffffgom o o o n n o o 90-(>-;@) V V V V |
  1
<0:;8: {rn rn {rn {h {h {rn {g 90-(>-; {j {rn |
  1
:;8: {rn rn {rn {f o {f iqmglngjlohnhfjgimlm {h {no 90-(>-; _h *1410(1 |
  1
):-+:' {rn rn {rn {g m {nn |
  1
:336/,:r<*-): {rn rn {rn loqjmfklionffffffjon nnqfioffhnjffffffgom o o o n oqnkffffifffffffffgjg o o n V V |
  1
/061+ {rn rn {rn loqihfkljhnfffffflik nnqfioffhnjffffffgom o |
  0
HATCH
  5
FF
330
1F
100
AcDbEntity
  8
ViaHoleLayer
 62
    16
100
AcDbHatch
 10
0.0
 20
0.0
 30
0.0
210
0.0
220
0.0
230
1.0
  2
SOLID
 70
     1
 71
     1
 91
        1
 92
        1
 93
        1
 72
     2
 10
30.52943602
 20
11.96099716
 40
0.1499997
 50
0.0
 51
360.0
 73
     1
 97
        1
330
FE
 75
     0
 76
     1
 98
        0
450
        0
451
        0
460
0.0
461
0.0
452
        0
462
0.0
453
        0
470

  0
REGION
  5
101
102
{ACAD_REACTORS
330
102
102
}
330
1F
100
AcDbEntity
  8
ViaHoleLayer
 62
    16
100
AcDbModelerGeometry
 70
     1
  1
mnmoo nm m mi          
  1
ni ^ *+0;:,4 ^ *+0\^ [ mo ^ LR mmjqnqoqijjlj QK o  
  1
n fqfffffffffffffffjkh:roh nqooooooooooooooooli:rno 
  1
>,27:>;:- {rn rn _nl mmjqnqoqijjlj |
  1
=0;& {rn rn {rn {m {rn {rn |
  1
3*2/ {rn rn {rn {rn {l {n |
  1
,7:33 {rn rn {rn {rn {rn {k {rn {m |
  1
9><: {rn rn {rn {rn {j {l {rn {i 90-(>-; ;0*=3: 0*+ |
  1
300/ {rn rn {rn {rn {h {k |
  1
/3>1:r,*-9><: {rn rn {rn loqmnnflfgmffffffgin nqihhohojjffffffffgg o o o n n o o 90-(>-;@) V V V V |
  1
<0:;8: {rn rn {rn {h {h {rn {g 90-(>-; {j {rn |
  1
:;8: {rn rn {rn {f o {f iqmglngjlohnhfjgimlm {h {no 90-(>-; _h *1410(1 |
  1
):-+:' {rn rn {rn {g m {nn |
  1
:336/,:r<*-): {rn rn {rn loqmgiflfihfffffffh nqihhohojjffffffffgg o o o n oqnkffffifffffffffgjg o o n V V |
  1
/061+ {rn rn {rn loqkliflflhffffffglm nqihhohojjffffffffgg o |
  0
HATCH
  5
102
330
1F
100
AcDbEntity
  8
ViaHoleLayer
 62
    16
100
AcDbHatch
 10
0.0
 20
0.0
 30
0.0
210
0.0
220
0.0
230
1.0
  2
SOLID
 70
     1
 71
     1
 91
        1
 92
        1
 93
        1
 72
     2
 10
30.28693968
 20
1.677070559999999
 40
0.1499997
 50
0.0
 51
360.0
 73
     1
 97
        1
330
101
 75
     0
 76
     1
 98
        0
450
        0
451
        0
460
0.0
461
0.0
452
        0
462
0.0
453
        0
470

  0
REGION
  5
104
102
{ACAD_REACTORS
330
105
102
}
330
1F
100
AcDbEntity
  8
ViaHoleLayer
 62
    16
100
AcDbModelerGeometry
 70
     1
  1
mnmoo nm m mi          
  1
ni ^ *+0;:,4 ^ *+0\^ [ mo ^ LR mmjqnqoqijjlj QK o  
  1
n fqfffffffffffffffjkh:roh nqooooooooooooooooli:rno 
  1
>,27:>;:- {rn rn _nl mmjqnqoqijjlj |
  1
=0;& {rn rn {rn {m {rn {rn |
  1
3*2/ {rn rn {rn {rn {l {n |
  1
,7:33 {rn rn {rn {rn {rn {k {rn {m |
  1
9><: {rn rn {rn {rn {j {l {rn {i 90-(>-; ;0*=3: 0*+ |
  1
300/ {rn rn {rn {rn {h {k |
  1
/3>1:r,*-9><: {rn rn {rn mgqmingjhliffffffkmn fqkfffhgkjfffffffkjg o o o n n o o 90-(>-;@) V V V V |
  1
<0:;8: {rn rn {rn {h {h {rn {g 90-(>-; {j {rn |
  1
:;8: {rn rn {rn {f o {f iqmglngjlohnhfjgimlm {h {no 90-(>-; _h *1410(1 |
  1
):-+:' {rn rn {rn {g m {nn |
  1
:336/,:r<*-): {rn rn {rn mgqlligjhmnffffffjmf fqkfffhgkjfffffffkjg o o o n oqnkffffifffffffffgjg o o n V V |
  1
/061+ {rn rn {rn mgqkgigjifnfffffflfm fqkfffhgkjfffffffkjg o |
  0
HATCH
  5
105
330
1F
100
AcDbEntity
  8
ViaHoleLayer
 62
    16
100
AcDbHatch
 10
0.0
 20
0.0
 30
0.0
210
0.0
220
0.0
230
1.0
  2
SOLID
 70
     1
 71
     1
 91
        1
 92
        1
 93
        1
 72
     2
 10
28.33685722
 20
9.499978459999999
 40
0.1499997
 50
0.0
 51
360.0
 73
     1
 97
        1
330
104
 75
     0
 76
     1
 98
        0
450
        0
451
        0
460
0.0
461
0.0
452
        0
462
0.0
453
        0
470

  0
REGION
  5
107
102
{ACAD_REACTORS
330
108
102
}
330
1F
100
AcDbEntity
  8
ViaHoleLayer
 62
    16
100
AcDbModelerGeometry
 70
     1
  1
mnmoo nm m mi          
  1
ni ^ *+0;:,4 ^ *+0\^ [ mo ^ LR mmjqnqoqijjlj QK o  
  1
n fqfffffffffffffffjkh:roh nqooooooooooooooooli:rno 
  1
>,27:>;:- {rn rn _nl mmjqnqoqijjlj |
  1
=0;& {rn rn {rn {m {rn {rn |
  1
3*2/ {rn rn {rn {rn {l {n |
  1
,7:33 {rn rn {rn {rn {rn {k {rn {m |
  1
9><: {rn rn {rn {rn {j {l {rn {i 90-(>-; ;0*=3: 0*+ |
  1
300/ {rn rn {rn {rn {h {k |
  1
/3>1:r,*-9><: {rn rn {rn mgqlinflgkjooooooomk gqhffffhilfffffffoii o o o n n o o 90-(>-;@) V V V V |
  1
<0:;8: {rn rn {rn {h {h {rn {g 90-(>-; {j {rn |
  1
:;8: {rn rn {rn {f o {f iqmglngjlohnhfjgimlm {h {no 90-(>-; _h *1410(1 |
  1
):-+:' {rn rn {rn {g m {nn |
  1
:336/,:r<*-): {rn rn {rn mgqkliflglooooooonll gqhffffhilfffffffoii o o o n oqnkffffifffffffffgjg o o n V V |
  1
/061+ {rn rn {rn mgqjgiflhffffffffffi gqhffffhilfffffffoii o |
  0
HATCH
  5
108
330
1F
100
AcDbEntity
  8
ViaHoleLayer
 62
    16
100
AcDbHatch
 10
0.0
 20
0.0
 30
0.0
210
0.0
220
0.0
230
1.0
  2
SOLID
 70
     1
 71
     1
 91
        1
 92
        1
 93
        1
 72
     2
 10
28.4369383
 20
8.799997639999997
 40
0.1499997
 50
0.0
 51
360.0
 73
     1
 97
        1
330
107
 75
     0
 76
     1
 98
        0
450
        0
451
        0
460
0.0
461
0.0
452
        0
462
0.0
453
        0
470

  0
REGION
  5
10A
102
{ACAD_REACTORS
330
10B
102
}
330
1F
100
AcDbEntity
  8
ViaHoleLayer
 62
    16
100
AcDbModelerGeometry
 70
     1
  1
mnmoo nm m mi          
  1
ni ^ *+0;:,4 ^ *+0\^ [ mo ^ LR mmjqnqoqijjlj QK o  
  1
n fqfffffffffffffffjkh:roh nqooooooooooooooooli:rno 
  1
>,27:>;:- {rn rn _nl mmjqnqoqijjlj |
  1
=0;& {rn rn {rn {m {rn {rn |
  1
3*2/ {rn rn {rn {rn {l {n |
  1
,7:33 {rn rn {rn {rn {rn {k {rn {m |
  1
9><: {rn rn {rn {rn {j {l {rn {i 90-(>-; ;0*=3: 0*+ |
  1
300/ {rn rn {rn {rn {h {k |
  1
/3>1:r,*-9><: {rn rn {rn mgqlnnflgjkffffffhnj noqlkhiongjfffffffmi o o o n n o o 90-(>-;@) V V V V |
  1
<0:;8: {rn rn {rn {h {h {rn {g 90-(>-; {j {rn |
  1
:;8: {rn rn {rn {f o {f iqmglngjlohnhfjgimlm {h {no 90-(>-; _h *1410(1 |
  1
):-+:' {rn rn {rn {g m {nn |
  1
:336/,:r<*-): {rn rn {rn mgqlgiflglfffffffgmk noqlkhiongjfffffffmi o o o n oqnkffffifffffffffgjg o o n V V |
  1
/061+ {rn rn {rn mgqjliflgofffffffigh noqlkhiongjfffffffmi o |
  0
HATCH
  5
10B
330
1F
100
AcDbEntity
  8
ViaHoleLayer
 62
    16
100
AcDbHatch
 10
0.0
 20
0.0
 30
0.0
210
0.0
220
0.0
230
1.0
  2
SOLID
 70
     1
 71
     1
 91
        1
 92
        1
 93
        1
 72
     2
 10
28.38693839999999
 20
10.34760186
 40
0.1499997
 50
0.0
 51
360.0
 73
     1
 97
        1
330
10A
 75
     0
 76
     1
 98
        0
450
        0
451
        0
460
0.0
461
0.0
452
        0
462
0.0
453
        0
470

  0
REGION
  5
10D
102
{ACAD_REACTORS
330
10E
102
}
330
1F
100
AcDbEntity
  8
ViaHoleLayer
 62
    16
100
AcDbModelerGeometry
 70
     1
  1
mnmoo nm m mi          
  1
ni ^ *+0;:,4 ^ *+0\^ [ mo ^ LR mmjqnqoqijjlj QK o  
  1
n fqfffffffffffffffjkh:roh nqooooooooooooooooli:rno 
  1
>,27:>;:- {rn rn _nl mmjqnqoqijjlj |
  1
=0;& {rn rn {rn {m {rn {rn |
  1
3*2/ {rn rn {rn {rn {l {n |
  1
,7:33 {rn rn {rn {rn {rn {k {rn {m |
  1
9><: {rn rn {rn {rn {j {l {rn {i 90-(>-; ;0*=3: 0*+ |
  1
300/ {rn rn {rn {rn {h {k |
  1
/3>1:r,*-9><: {rn rn {rn mgqmiggjmjmffffffiij nnqlkfffhinffffffgnm o o o n n o o 90-(>-;@) V V V V |
  1
<0:;8: {rn rn {rn {h {h {rn {g 90-(>-; {j {rn |
  1
:;8: {rn rn {rn {f o {f iqmglngjlohnhfjgimlm {h {no 90-(>-; _h *1410(1 |
  1
):-+:' {rn rn {rn {g m {nn |
  1
:336/,:r<*-): {rn rn {rn mgqlklgjmlhffffffhhk nnqlkfffhinffffffgnm o o o n oqnkffffifffffffffgjg o o n V V |
  1
/061+ {rn rn {rn mgqkflgjmohffffffili nnqlkfffhinffffffgnm o |
  0
HATCH
  5
10E
330
1F
100
AcDbEntity
  8
ViaHoleLayer
 62
    16
100
AcDbHatch
 10
0.0
 20
0.0
 30
0.0
210
0.0
220
0.0
230
1.0
  2
SOLID
 70
     1
 71
     1
 91
        1
 92
        1
 93
        1
 72
     2
 10
28.34385238
 20
11.34999762
 40
0.1499997
 50
0.0
 51
360.0
 73
     1
 97
        1
330
10D
 75
     0
 76
     1
 98
        0
450
        0
451
        0
460
0.0
461
0.0
452
        0
462
0.0
453
        0
470

  0
REGION
  5
110
102
{ACAD_REACTORS
330
111
102
}
330
1F
100
AcDbEntity
  8
ViaHoleLayer
 62
    16
100
AcDbModelerGeometry
 70
     1
  1
mnmoo nm m mi          
  1
ni ^ *+0;:,4 ^ *+0\^ [ mo ^ LR mmjqnqoqijjlj QK o  
  1
n fqfffffffffffffffjkh:roh nqooooooooooooooooli:rno 
  1
>,27:>;:- {rn rn _nl mmjqnqoqijjlj |
  1
=0;& {rn rn {rn {m {rn {rn |
  1
3*2/ {rn rn {rn {rn {l {n |
  1
,7:33 {rn rn {rn {rn {rn {k {rn {m |
  1
9><: {rn rn {rn {rn {j {l {rn {i 90-(>-; ;0*=3: 0*+ |
  1
300/ {rn rn {rn {rn {h {k |
  1
/3>1:r,*-9><: {rn rn {rn lnqminfkomhooooooom iqfliinokjffffffgfml o o o n n o o 90-(>-;@) V V V V |
  1
<0:;8: {rn rn {rn {h {h {rn {g 90-(>-; {j {rn |
  1
:;8: {rn rn {rn {f o {f iqmglngjlohnhfjgimlm {h {no 90-(>-; _h *1410(1 |
  1
):-+:' {rn rn {rn {g m {nn |
  1
:336/,:r<*-): {rn rn {rn lnqllifkonmoooooonmf iqfliinokjffffffgfml o o o n oqnkffffifffffffffgjg o o n V V |
  1
/061+ {rn rn {rn lnqkgiflfgnffffffffn iqfliinokjffffffgfml o |
  0
HATCH
  5
111
330
1F
100
AcDbEntity
  8
ViaHoleLayer
 62
    16
100
AcDbHatch
 10
0.0
 20
0.0
 30
0.0
210
0.0
220
0.0
230
1.0
  2
SOLID
 70
     1
 71
     1
 91
        1
 92
        1
 93
        1
 72
     2
 10
31.33694012
 20
6.936610459999998
 40
0.1499997
 50
0.0
 51
360.0
 73
     1
 97
        1
330
110
 75
     0
 76
     1
 98
        0
450
        0
451
        0
460
0.0
461
0.0
452
        0
462
0.0
453
        0
470

  0
REGION
  5
113
102
{ACAD_REACTORS
330
114
102
}
330
1F
100
AcDbEntity
  8
ViaHoleLayer
 62
    16
100
AcDbModelerGeometry
 70
     1
  1
mnmoo nm m mi          
  1
ni ^ *+0;:,4 ^ *+0\^ [ mo ^ LR mmjqnqoqijjlj QK o  
  1
n fqfffffffffffffffjkh:roh nqooooooooooooooooli:rno 
  1
>,27:>;:- {rn rn _nl mmjqnqoqijjlj |
  1
=0;& {rn rn {rn {m {rn {rn |
  1
3*2/ {rn rn {rn {rn {l {n |
  1
,7:33 {rn rn {rn {rn {rn {k {rn {m |
  1
9><: {rn rn {rn {rn {j {l {rn {i 90-(>-; ;0*=3: 0*+ |
  1
300/ {rn rn {rn {rn {h {k |
  1
/3>1:r,*-9><: {rn rn {rn lnqninfkokiffffffhji lqikfffhhhfffffffili o o o n n o o 90-(>-;@) V V V V |
  1
<0:;8: {rn rn {rn {h {h {rn {g 90-(>-; {j {rn |
  1
:;8: {rn rn {rn {f o {f iqmglngjlohnhfjgimlm {h {no 90-(>-; _h *1410(1 |
  1
):-+:' {rn rn {rn {g m {nn |
  1
:336/,:r<*-): {rn rn {rn lnqmlifkolnffffffgij lqikfffhhhfffffffili o o o n oqnkffffifffffffffgjg o o n V V |
  1
/061+ {rn rn {rn lnqlgifkoonffffffhmg lqikfffhhhfffffffili o |
  0
HATCH
  5
114
330
1F
100
AcDbEntity
  8
ViaHoleLayer
 62
    16
100
AcDbHatch
 10
0.0
 20
0.0
 30
0.0
210
0.0
220
0.0
230
1.0
  2
SOLID
 70
     1
 71
     1
 91
        1
 92
        1
 93
        1
 72
     2
 10
31.23694032
 20
3.64999778
 40
0.1499997
 50
0.0
 51
360.0
 73
     1
 97
        1
330
113
 75
     0
 76
     1
 98
        0
450
        0
451
        0
460
0.0
461
0.0
452
        0
462
0.0
453
        0
470

  0
REGION
  5
116
102
{ACAD_REACTORS
330
117
102
}
330
1F
100
AcDbEntity
  8
ViaHoleLayer
 62
    16
100
AcDbModelerGeometry
 70
     1
  1
mnmoo nm m mi          
  1
ni ^ *+0;:,4 ^ *+0\^ [ mo ^ LR mmjqnqoqijjlj QK o  
  1
n fqfffffffffffffffjkh:roh nqooooooooooooooooli:rno 
  1
>,27:>;:- {rn rn _nl mmjqnqoqijjlj |
  1
=0;& {rn rn {rn {m {rn {rn |
  1
3*2/ {rn rn {rn {rn {l {n |
  1
,7:33 {rn rn {rn {rn {rn {k {rn {m |
  1
9><: {rn rn {rn {rn {j {l {rn {i 90-(>-; ;0*=3: 0*+ |
  1
300/ {rn rn {rn {rn {h {k |
  1
/3>1:r,*-9><: {rn rn {rn mfqlnnflfogffffffjik nqgffffinffffffffifn o o o n n o o 90-(>-;@) V V V V |
  1
<0:;8: {rn rn {rn {h {h {rn {g 90-(>-; {j {rn |
  1
:;8: {rn rn {rn {f o {f iqmglngjlohnhfjgimlm {h {no 90-(>-; _h *1410(1 |
  1
):-+:' {rn rn {rn {g m {nn |
  1
:336/,:r<*-): {rn rn {rn mfqlgiflgflffffffihl nqgffffinffffffffifn o o o n oqnkffffifffffffffgjg o o n V V |
  1
/061+ {rn rn {rn mfqjliflgilffffffjli nqgffffinffffffffifn o |
  0
HATCH
  5
117
330
1F
100
AcDbEntity
  8
ViaHoleLayer
 62
    16
100
AcDbHatch
 10
0.0
 20
0.0
 30
0.0
210
0.0
220
0.0
230
1.0
  2
SOLID
 70
     1
 71
     1
 91
        1
 92
        1
 93
        1
 72
     2
 10
29.38693894
 20
1.8999962
 40
0.1499997
 50
0.0
 51
360.0
 73
     1
 97
        1
330
116
 75
     0
 76
     1
 98
        0
450
        0
451
        0
460
0.0
461
0.0
452
        0
462
0.0
453
        0
470

  0
REGION
  5
119
102
{ACAD_REACTORS
330
11A
102
}
330
1F
100
AcDbEntity
  8
ViaHoleLayer
 62
    16
100
AcDbModelerGeometry
 70
     1
  1
mnmoo nm m mi          
  1
ni ^ *+0;:,4 ^ *+0\^ [ mo ^ LR mmjqnqoqijjlj QK o  
  1
n fqfffffffffffffffjkh:roh nqooooooooooooooooli:rno 
  1
>,27:>;:- {rn rn _nl mmjqnqoqijjlj |
  1
=0;& {rn rn {rn {m {rn {rn |
  1
3*2/ {rn rn {rn {rn {l {n |
  1
,7:33 {rn rn {rn {rn {rn {k {rn {m |
  1
9><: {rn rn {rn {rn {j {l {rn {i 90-(>-; ;0*=3: 0*+ |
  1
300/ {rn rn {rn {rn {h {k |
  1
/3>1:r,*-9><: {rn rn {rn mfqhinflgngffffffjoh nqoniiofjffffffffhg o o o n n o o 90-(>-;@) V V V V |
  1
<0:;8: {rn rn {rn {h {h {rn {g 90-(>-; {j {rn |
  1
:;8: {rn rn {rn {f o {f iqmglngjlohnhfjgimlm {h {no 90-(>-; _h *1410(1 |
  1
):-+:' {rn rn {rn {g m {nn |
  1
:336/,:r<*-): {rn rn {rn mfqgliflgolffffffini nqoniiofjffffffffhg o o o n oqnkffffifffffffffgjg o o n V V |
  1
/061+ {rn rn {rn mfqfgiflhhlffffffkhf nqoniiofjffffffffhg o |
  0
HATCH
  5
11A
330
1F
100
AcDbEntity
  8
ViaHoleLayer
 62
    16
100
AcDbHatch
 10
0.0
 20
0.0
 30
0.0
210
0.0
220
0.0
230
1.0
  2
SOLID
 70
     1
 71
     1
 91
        1
 92
        1
 93
        1
 72
     2
 10
29.83693804
 20
1.0166096
 40
0.1499997
 50
0.0
 51
360.0
 73
     1
 97
        1
330
119
 75
     0
 76
     1
 98
        0
450
        0
451
        0
460
0.0
461
0.0
452
        0
462
0.0
453
        0
470

  0
REGION
  5
11C
102
{ACAD_REACTORS
330
11D
102
}
330
1F
100
AcDbEntity
  8
ViaHoleLayer
 62
    16
100
AcDbModelerGeometry
 70
     1
  1
mnmoo nm m mi          
  1
ni ^ *+0;:,4 ^ *+0\^ [ mo ^ LR mmjqnqoqijjlj QK o  
  1
n fqfffffffffffffffjkh:roh nqooooooooooooooooli:rno 
  1
>,27:>;:- {rn rn _nl mmjqnqoqijjlj |
  1
=0;& {rn rn {rn {m {rn {rn |
  1
3*2/ {rn rn {rn {rn {l {n |
  1
,7:33 {rn rn {rn {rn {rn {k {rn {m |
  1
9><: {rn rn {rn {rn {j {l {rn {i 90-(>-; ;0*=3: 0*+ |
  1
300/ {rn rn {rn {rn {h {k |
  1
/3>1:r,*-9><: {rn rn {rn mfqhinflgngffffffjoh nlqoojlgknfffffffffj o o o n n o o 90-(>-;@) V V V V |
  1
<0:;8: {rn rn {rn {h {h {rn {g 90-(>-; {j {rn |
  1
:;8: {rn rn {rn {f o {f iqmglngjlohnhfjgimlm {h {no 90-(>-; _h *1410(1 |
  1
):-+:' {rn rn {rn {g m {nn |
  1
:336/,:r<*-): {rn rn {rn mfqgliflgolffffffini nlqoojlgknfffffffffj o o o n oqnkffffifffffffffgjg o o n V V |
  1
/061+ {rn rn {rn mfqfgiflhhlffffffkhf nlqoojlgknfffffffffj o |
  0
HATCH
  5
11D
330
1F
100
AcDbEntity
  8
ViaHoleLayer
 62
    16
100
AcDbHatch
 10
0.0
 20
0.0
 30
0.0
210
0.0
220
0.0
230
1.0
  2
SOLID
 70
     1
 71
     1
 91
        1
 92
        1
 93
        1
 72
     2
 10
29.83693804
 20
13.0053842
 40
0.1499997
 50
0.0
 51
360.0
 73
     1
 97
        1
330
11C
 75
     0
 76
     1
 98
        0
450
        0
451
        0
460
0.0
461
0.0
452
        0
462
0.0
453
        0
470

  0
REGION
  5
11F
102
{ACAD_REACTORS
330
120
102
}
330
1F
100
AcDbEntity
  8
ViaHoleLayer
 62
    16
100
AcDbModelerGeometry
 70
     1
  1
mnmoo nm m mi          
  1
ni ^ *+0;:,4 ^ *+0\^ [ mo ^ LR mmjqnqoqijjlj QK o  
  1
n fqfffffffffffffffjkh:roh nqooooooooooooooooli:rno 
  1
>,27:>;:- {rn rn _nl mmjqnqoqijjlj |
  1
=0;& {rn rn {rn {m {rn {rn |
  1
3*2/ {rn rn {rn {rn {l {n |
  1
,7:33 {rn rn {rn {rn {rn {k {rn {m |
  1
9><: {rn rn {rn {rn {j {l {rn {i 90-(>-; ;0*=3: 0*+ |
  1
300/ {rn rn {rn {rn {h {k |
  1
/3>1:r,*-9><: {rn rn {rn mgqjnngjigifffffffom jqikffginioooooooofn o o o n n o o 90-(>-;@) V V V V |
  1
<0:;8: {rn rn {rn {h {h {rn {g 90-(>-; {j {rn |
  1
:;8: {rn rn {rn {f o {f iqmglngjlohnhfjgimlm {h {no 90-(>-; _h *1410(1 |
  1
):-+:' {rn rn {rn {g m {nn |
  1
:336/,:r<*-): {rn rn {rn mgqjgigjihmooooooonn jqikffginioooooooofn o o o n oqnkffffifffffffffgjg o o n V V |
  1
/061+ {rn rn {rn mgqhligjiknffffffghk jqikffginioooooooofn o |
  0
HATCH
  5
120
330
1F
100
AcDbEntity
  8
ViaHoleLayer
 62
    16
100
AcDbHatch
 10
0.0
 20
0.0
 30
0.0
210
0.0
220
0.0
230
1.0
  2
SOLID
 70
     1
 71
     1
 91
        1
 92
        1
 93
        1
 72
     2
 10
28.58685672
 20
5.64998616
 40
0.1499997
 50
0.0
 51
360.0
 73
     1
 97
        1
330
11F
 75
     0
 76
     1
 98
        0
450
        0
451
        0
460
0.0
461
0.0
452
        0
462
0.0
453
        0
470

  0
REGION
  5
122
102
{ACAD_REACTORS
330
123
102
}
330
1F
100
AcDbEntity
  8
ViaHoleLayer
 62
    16
100
AcDbModelerGeometry
 70
     1
  1
mnmoo nm m mi          
  1
ni ^ *+0;:,4 ^ *+0\^ [ mo ^ LR mmjqnqoqijjlj QK o  
  1
n fqfffffffffffffffjkh:roh nqooooooooooooooooli:rno 
  1
>,27:>;:- {rn rn _nl mmjqnqoqijjlj |
  1
=0;& {rn rn {rn {m {rn {rn |
  1
3*2/ {rn rn {rn {rn {l {n |
  1
,7:33 {rn rn {rn {rn {rn {k {rn {m |
  1
9><: {rn rn {rn {rn {j {l {rn {i 90-(>-; ;0*=3: 0*+ |
  1
300/ {rn rn {rn {rn {h {k |
  1
/3>1:r,*-9><: {rn rn {rn kqlgfklghifffffffflk nmqkgfgmhiffffffffln o o o n n o o 90-(>-;@) V V V V |
  1
<0:;8: {rn rn {rn {h {h {rn {g 90-(>-; {j {rn |
  1
:;8: {rn rn {rn {f o {f iqmglngjlohnhfjgimlm {h {no 90-(>-; _h *1410(1 |
  1
):-+:' {rn rn {rn {g m {nn |
  1
:336/,:r<*-): {rn rn {rn kqkikklgimooooooonlj nmqkgfgmhiffffffffln o o o n oqnkffffifffffffffgjg o o n V V |
  1
/061+ {rn rn {rn kqinkklglmooooooojlh nmqkgfgmhiffffffffln o |
  0
HATCH
  5
123
330
1F
100
AcDbEntity
  8
ViaHoleLayer
 62
    16
100
AcDbHatch
 10
0.0
 20
0.0
 30
0.0
210
0.0
220
0.0
230
1.0
  2
SOLID
 70
     1
 71
     1
 91
        1
 92
        1
 93
        1
 72
     2
 10
4.46443862
 20
12.4898277
 40
0.1499997
 50
0.0
 51
360.0
 73
     1
 97
        1
330
122
 75
     0
 76
     1
 98
        0
450
        0
451
        0
460
0.0
461
0.0
452
        0
462
0.0
453
        0
470

  0
REGION
  5
125
102
{ACAD_REACTORS
330
126
102
}
330
1F
100
AcDbEntity
  8
ViaHoleLayer
 62
    16
100
AcDbModelerGeometry
 70
     1
  1
mnmoo nm m mi          
  1
ni ^ *+0;:,4 ^ *+0\^ [ mo ^ LR mmjqnqoqijjlj QK o  
  1
n fqfffffffffffffffjkh:roh nqooooooooooooooooli:rno 
  1
>,27:>;:- {rn rn _nl mmjqnqoqijjlj |
  1
=0;& {rn rn {rn {m {rn {rn |
  1
3*2/ {rn rn {rn {rn {l {n |
  1
,7:33 {rn rn {rn {rn {rn {k {rn {m |
  1
9><: {rn rn {rn {rn {j {l {rn {i 90-(>-; ;0*=3: 0*+ |
  1
300/ {rn rn {rn {rn {h {k |
  1
/3>1:r,*-9><: {rn rn {rn kqhmjkjjlifffffffhnn noqhnomiojnffffffgjn o o o n n o o 90-(>-;@) V V V V |
  1
<0:;8: {rn rn {rn {h {h {rn {g 90-(>-; {j {rn |
  1
:;8: {rn rn {rn {f o {f iqmglngjlohnhfjgimlm {h {no 90-(>-; _h *1410(1 |
  1
):-+:' {rn rn {rn {g m {nn |
  1
:336/,:r<*-): {rn rn {rn kqgookjjmnffffffffnm noqhnomiojnffffffgjn o o o n oqnkffffifffffffffgjg o o n V V |
  1
/061+ {rn rn {rn kqfjokjkfmooooooolnk noqhnomiojnffffffgjn o |
  0
HATCH
  5
126
330
1F
100
AcDbEntity
  8
ViaHoleLayer
 62
    16
100
AcDbHatch
 10
0.0
 20
0.0
 30
0.0
210
0.0
220
0.0
230
1.0
  2
SOLID
 70
     1
 71
     1
 91
        1
 92
        1
 93
        1
 72
     2
 10
4.800455219999999
 20
10.71026052
 40
0.1499997
 50
0.0
 51
360.0
 73
     1
 97
        1
330
125
 75
     0
 76
     1
 98
        0
450
        0
451
        0
460
0.0
461
0.0
452
        0
462
0.0
453
        0
470

  0
REGION
  5
128
102
{ACAD_REACTORS
330
129
102
}
330
1F
100
AcDbEntity
  8
ViaHoleLayer
 62
    16
100
AcDbModelerGeometry
 70
     1
  1
mnmoo nm m mi          
  1
ni ^ *+0;:,4 ^ *+0\^ [ mo ^ LR mmjqnqoqijjlj QK o  
  1
n fqfffffffffffffffjkh:roh nqooooooooooooooooli:rno 
  1
>,27:>;:- {rn rn _nl mmjqnqoqijjlj |
  1
=0;& {rn rn {rn {m {rn {rn |
  1
3*2/ {rn rn {rn {rn {l {n |
  1
,7:33 {rn rn {rn {rn {rn {k {rn {m |
  1
9><: {rn rn {rn {rn {j {l {rn {i 90-(>-; ;0*=3: 0*+ |
  1
300/ {rn rn {rn {rn {h {k |
  1
/3>1:r,*-9><: {rn rn {rn kqkniklgfifffffffhkm nnqkfmmflkfffffffggl o o o n n o o 90-(>-;@) V V V V |
  1
<0:;8: {rn rn {rn {h {h {rn {g 90-(>-; {j {rn |
  1
:;8: {rn rn {rn {f o {f iqmglngjlohnhfjgimlm {h {no 90-(>-; _h *1410(1 |
  1
):-+:' {rn rn {rn {g m {nn |
  1
:336/,:r<*-): {rn rn {rn kqkfnklggnffffffffkl nnqkfmmflkfffffffggl o o o n oqnkffffifffffffffgjg o o n V V |
  1
/061+ {rn rn {rn kqiknklgjmooooooolkj nnqkfmmflkfffffffggl o |
  0
HATCH
  5
129
330
1F
100
AcDbEntity
  8
ViaHoleLayer
 62
    16
100
AcDbHatch
 10
0.0
 20
0.0
 30
0.0
210
0.0
220
0.0
230
1.0
  2
SOLID
 70
     1
 71
     1
 91
        1
 92
        1
 93
        1
 72
     2
 10
4.491438819999999
 20
11.4922935
 40
0.1499997
 50
0.0
 51
360.0
 73
     1
 97
        1
330
128
 75
     0
 76
     1
 98
        0
450
        0
451
        0
460
0.0
461
0.0
452
        0
462
0.0
453
        0
470

  0
REGION
  5
12B
102
{ACAD_REACTORS
330
12C
102
}
330
1F
100
AcDbEntity
  8
ViaHoleLayer
 62
    16
100
AcDbModelerGeometry
 70
     1
  1
mnmoo nm m mi          
  1
ni ^ *+0;:,4 ^ *+0\^ [ mo ^ LR mmjqnqoqijjlj QK o  
  1
n fqfffffffffffffffjkh:roh nqooooooooooooooooli:rno 
  1
>,27:>;:- {rn rn _nl mmjqnqoqijjlj |
  1
=0;& {rn rn {rn {m {rn {rn |
  1
3*2/ {rn rn {rn {rn {l {n |
  1
,7:33 {rn rn {rn {rn {rn {k {rn {m |
  1
9><: {rn rn {rn {rn {j {l {rn {i 90-(>-; ;0*=3: 0*+ |
  1
300/ {rn rn {rn {rn {h {k |
  1
/3>1:r,*-9><: {rn rn {rn jqjhginjfifffffffjlj nmqlfijjggfffffffghm o o o n n o o 90-(>-;@) V V V V |
  1
<0:;8: {rn rn {rn {h {h {rn {g 90-(>-; {j {rn |
  1
:;8: {rn rn {rn {f o {f iqmglngjlohnhfjgimlm {h {no 90-(>-; _h *1410(1 |
  1
):-+:' {rn rn {rn {g m {nn |
  1
:336/,:r<*-): {rn rn {rn jqijlinjgnfffffffhli nmqlfijjggfffffffghm o o o n oqnkffffifffffffffgjg o o n V V |
  1
/061+ {rn rn {rn jqgolinjjmooooooonlf nmqlfijjggfffffffghm o |
  0
HATCH
  5
12C
330
1F
100
AcDbEntity
  8
ViaHoleLayer
 62
    16
100
AcDbHatch
 10
0.0
 20
0.0
 30
0.0
210
0.0
220
0.0
230
1.0
  2
SOLID
 70
     1
 71
     1
 91
        1
 92
        1
 93
        1
 72
     2
 10
5.653615819999999
 20
12.3965589
 40
0.1499997
 50
0.0
 51
360.0
 73
     1
 97
        1
330
12B
 75
     0
 76
     1
 98
        0
450
        0
451
        0
460
0.0
461
0.0
452
        0
462
0.0
453
        0
470

  0
REGION
  5
12E
102
{ACAD_REACTORS
330
12F
102
}
330
1F
100
AcDbEntity
  8
ViaHoleLayer
 62
    16
100
AcDbModelerGeometry
 70
     1
  1
mnmoo nm m mi          
  1
ni ^ *+0;:,4 ^ *+0\^ [ mo ^ LR mmjqnqoqijjlj QK o  
  1
n fqfffffffffffffffjkh:roh nqooooooooooooooooli:rno 
  1
>,27:>;:- {rn rn _nl mmjqnqoqijjlj |
  1
=0;& {rn rn {rn {m {rn {rn |
  1
3*2/ {rn rn {rn {rn {l {n |
  1
,7:33 {rn rn {rn {rn {rn {k {rn {m |
  1
9><: {rn rn {rn {rn {j {l {rn {i 90-(>-; ;0*=3: 0*+ |
  1
300/ {rn rn {rn {rn {h {k |
  1
/3>1:r,*-9><: {rn rn {rn kqfmnlhlngfffffffhln nlqnnoffhlfffffffgif o o o n n o o 90-(>-;@) V V V V |
  1
<0:;8: {rn rn {rn {h {h {rn {g 90-(>-; {j {rn |
  1
:;8: {rn rn {rn {f o {f iqmglngjlohnhfjgimlm {h {no 90-(>-; _h *1410(1 |
  1
):-+:' {rn rn {rn {g m {nn |
  1
:336/,:r<*-): {rn rn {rn kqffilhlolfffffffflm nlqnnoffhlfffffffgif o o o n oqnkffffifffffffffgjg o o n V V |
  1
/061+ {rn rn {rn jqnkilhmhkooooooollk nlqnnoffhlfffffffgif o |
  0
HATCH
  5
12F
330
1F
100
AcDbEntity
  8
ViaHoleLayer
 62
    16
100
AcDbHatch
 10
0.0
 20
0.0
 30
0.0
210
0.0
220
0.0
230
1.0
  2
SOLID
 70
     1
 71
     1
 91
        1
 92
        1
 93
        1
 72
     2
 10
4.996373039999999
 20
13.1109974
 40
0.1499997
 50
0.0
 51
360.0
 73
     1
 97
        1
330
12E
 75
     0
 76
     1
 98
        0
450
        0
451
        0
460
0.0
461
0.0
452
        0
462
0.0
453
        0
470

  0
REGION
  5
131
102
{ACAD_REACTORS
330
132
102
}
330
1F
100
AcDbEntity
  8
ViaHoleLayer
 62
    16
100
AcDbModelerGeometry
 70
     1
  1
mnmoo nm m mi          
  1
ni ^ *+0;:,4 ^ *+0\^ [ mo ^ LR mmjqnqoqijjlj QK o  
  1
n fqfffffffffffffffjkh:roh nqooooooooooooooooli:rno 
  1
>,27:>;:- {rn rn _nl mmjqnqoqijjlj |
  1
=0;& {rn rn {rn {m {rn {rn |
  1
3*2/ {rn rn {rn {rn {l {n |
  1
,7:33 {rn rn {rn {rn {rn {k {rn {m |
  1
9><: {rn rn {rn {rn {j {l {rn {i 90-(>-; ;0*=3: 0*+ |
  1
300/ {rn rn {rn {rn {h {k |
  1
/3>1:r,*-9><: {rn rn {rn jqhoinonnofffffffikl nlqliofgfmgoooooooog o o o n n o o 90-(>-;@) V V V V |
  1
<0:;8: {rn rn {rn {h {h {rn {g 90-(>-; {j {rn |
  1
:;8: {rn rn {rn {f o {f iqmglngjlohnhfjgimlm {h {no 90-(>-; _h *1410(1 |
  1
):-+:' {rn rn {rn {g m {nn |
  1
:336/,:r<*-): {rn rn {rn jqhgnnoofjfffffffgkk nlqliofgfmgoooooooog o o o n oqnkffffifffffffffgjg o o n V V |
  1
/061+ {rn rn {rn jqflnnooiiooooooomki nlqliofgfmgoooooooog o |
  0
HATCH
  5
132
330
1F
100
AcDbEntity
  8
ViaHoleLayer
 62
    16
100
AcDbHatch
 10
0.0
 20
0.0
 30
0.0
210
0.0
220
0.0
230
1.0
  2
SOLID
 70
     1
 71
     1
 91
        1
 92
        1
 93
        1
 72
     2
 10
5.781100959999999
 20
13.36098928
 40
0.1499997
 50
0.0
 51
360.0
 73
     1
 97
        1
330
131
 75
     0
 76
     1
 98
        0
450
        0
451
        0
460
0.0
461
0.0
452
        0
462
0.0
453
        0
470

  0
REGION
  5
134
102
{ACAD_REACTORS
330
135
102
}
330
1F
100
AcDbEntity
  8
ViaHoleLayer
 62
    16
100
AcDbModelerGeometry
 70
     1
  1
mnmoo nm m mi          
  1
ni ^ *+0;:,4 ^ *+0\^ [ mo ^ LR mmjqnqoqijjlj QK o  
  1
n fqfffffffffffffffjkh:roh nqooooooooooooooooli:rno 
  1
>,27:>;:- {rn rn _nl mmjqnqoqijjlj |
  1
=0;& {rn rn {rn {m {rn {rn |
  1
3*2/ {rn rn {rn {rn {l {n |
  1
,7:33 {rn rn {rn {rn {rn {k {rn {m |
  1
9><: {rn rn {rn {rn {j {l {rn {i 90-(>-; ;0*=3: 0*+ |
  1
300/ {rn rn {rn {rn {h {k |
  1
/3>1:r,*-9><: {rn rn {rn mgqglgfggjkfffffffgl nmqfigffgifffffffgkk o o o n n o o 90-(>-;@) V V V V |
  1
<0:;8: {rn rn {rn {h {h {rn {g 90-(>-; {j {rn |
  1
:;8: {rn rn {rn {f o {f iqmglngjlohnhfjgimlm {h {no 90-(>-; _h *1410(1 |
  1
):-+:' {rn rn {rn {g m {nn |
  1
:336/,:r<*-): {rn rn {rn mgqfnlfggkoooooooofm nmqfigffgifffffffgkk o o o n oqnkffffifffffffffgjg o o n V V |
  1
/061+ {rn rn {rn mfqoilfggoffffffffjj nmqfigffgifffffffgkk o |
  0
HATCH
  5
135
330
1F
100
AcDbEntity
  8
ViaHoleLayer
 62
    16
100
AcDbHatch
 10
0.0
 20
0.0
 30
0.0
210
0.0
220
0.0
230
1.0
  2
SOLID
 70
     1
 71
     1
 91
        1
 92
        1
 93
        1
 72
     2
 10
28.9139884
 20
12.9689987
 40
0.1499997
 50
0.0
 51
360.0
 73
     1
 97
        1
330
134
 75
     0
 76
     1
 98
        0
450
        0
451
        0
460
0.0
461
0.0
452
        0
462
0.0
453
        0
470

  0
REGION
  5
137
102
{ACAD_REACTORS
330
138
102
}
330
1F
100
AcDbEntity
  8
ViaHoleLayer
 62
    16
100
AcDbModelerGeometry
 70
     1
  1
mnmoo nm m mi          
  1
ni ^ *+0;:,4 ^ *+0\^ [ mo ^ LR mmjqnqoqijjlj QK o  
  1
n fqfffffffffffffffjkh:roh nqooooooooooooooooli:rno 
  1
>,27:>;:- {rn rn _nl mmjqnqoqijjlj |
  1
=0;& {rn rn {rn {m {rn {rn |
  1
3*2/ {rn rn {rn {rn {l {n |
  1
,7:33 {rn rn {rn {rn {rn {k {rn {m |
  1
9><: {rn rn {rn {rn {j {l {rn {i 90-(>-; ;0*=3: 0*+ |
  1
300/ {rn rn {rn {rn {h {k |
  1
/3>1:r,*-9><: {rn rn {rn mgqfniklgmmffffffhnl oqjfmfkjmnfffffffflfi o o o n n o o 90-(>-;@) V V V V |
  1
<0:;8: {rn rn {rn {h {h {rn {g 90-(>-; {j {rn |
  1
:;8: {rn rn {rn {f o {f iqmglngjlohnhfjgimlm {h {no 90-(>-; _h *1410(1 |
  1
):-+:' {rn rn {rn {g m {nn |
  1
:336/,:r<*-): {rn rn {rn mgqffnklgohffffffgmm oqjfmfkjmnfffffffflfi o o o n oqnkffffifffffffffgjg o o n V V |
  1
/061+ {rn rn {rn mfqnknklhhhffffffigj oqjfmfkjmnfffffffflfi o |
  0
HATCH
  5
138
330
1F
100
AcDbEntity
  8
ViaHoleLayer
 62
    16
100
AcDbHatch
 10
0.0
 20
0.0
 30
0.0
210
0.0
220
0.0
230
1.0
  2
SOLID
 70
     1
 71
     1
 91
        1
 92
        1
 93
        1
 72
     2
 10
28.99143808
 20
0.59294522
 40
0.1499997
 50
0.0
 51
360.0
 73
     1
 97
        1
330
137
 75
     0
 76
     1
 98
        0
450
        0
451
        0
460
0.0
461
0.0
452
        0
462
0.0
453
        0
470

  0
REGION
  5
13A
102
{ACAD_REACTORS
330
13B
102
}
330
1F
100
AcDbEntity
  8
ViaHoleLayer
 62
    16
100
AcDbModelerGeometry
 70
     1
  1
mnmoo nm m mi          
  1
ni ^ *+0;:,4 ^ *+0\^ [ mo ^ LR mmjqnqoqijjlj QK o  
  1
n fqfffffffffffffffjkh:roh nqooooooooooooooooli:rno 
  1
>,27:>;:- {rn rn _nl mmjqnqoqijjlj |
  1
=0;& {rn rn {rn {m {rn {rn |
  1
3*2/ {rn rn {rn {rn {l {n |
  1
,7:33 {rn rn {rn {rn {rn {k {rn {m |
  1
9><: {rn rn {rn {rn {j {l {rn {i 90-(>-; ;0*=3: 0*+ |
  1
300/ {rn rn {rn {rn {h {k |
  1
/3>1:r,*-9><: {rn rn {rn lnqminfkomhooooooom kqfjlojohffffffffhjk o o o n n o o 90-(>-;@) V V V V |
  1
<0:;8: {rn rn {rn {h {h {rn {g 90-(>-; {j {rn |
  1
:;8: {rn rn {rn {f o {f iqmglngjlohnhfjgimlm {h {no 90-(>-; _h *1410(1 |
  1
):-+:' {rn rn {rn {g m {nn |
  1
:336/,:r<*-): {rn rn {rn lnqllifkonmoooooonmf kqfjlojohffffffffhjk o o o n oqnkffffifffffffffgjg o o n V V |
  1
/061+ {rn rn {rn lnqkgiflfgnffffffffn kqfjlojohffffffffhjk o |
  0
HATCH
  5
13B
330
1F
100
AcDbEntity
  8
ViaHoleLayer
 62
    16
100
AcDbHatch
 10
0.0
 20
0.0
 30
0.0
210
0.0
220
0.0
230
1.0
  2
SOLID
 70
     1
 71
     1
 91
        1
 92
        1
 93
        1
 72
     2
 10
31.33694012
 20
4.953050799999999
 40
0.1499997
 50
0.0
 51
360.0
 73
     1
 97
        1
330
13A
 75
     0
 76
     1
 98
        0
450
        0
451
        0
460
0.0
461
0.0
452
        0
462
0.0
453
        0
470

  0
REGION
  5
13D
102
{ACAD_REACTORS
330
13E
102
}
330
1F
100
AcDbEntity
  8
ViaHoleLayer
 62
    16
100
AcDbModelerGeometry
 70
     1
  1
mnmoo nm m mi          
  1
ni ^ *+0;:,4 ^ *+0\^ [ mo ^ LR mmjqnqoqijjlj QK o  
  1
n fqfffffffffffffffjkh:roh nqooooooooooooooooli:rno 
  1
>,27:>;:- {rn rn _nl mmjqnqoqijjlj |
  1
=0;& {rn rn {rn {m {rn {rn |
  1
3*2/ {rn rn {rn {rn {l {n |
  1
,7:33 {rn rn {rn {rn {rn {k {rn {m |
  1
9><: {rn rn {rn {rn {j {l {rn {i 90-(>-; ;0*=3: 0*+ |
  1
300/ {rn rn {rn {rn {h {k |
  1
/3>1:r,*-9><: {rn rn {rn lnqmiiklgioffffffgom jqiioffhojfffffffifm o o o n n o o 90-(>-;@) V V V V |
  1
<0:;8: {rn rn {rn {h {h {rn {g 90-(>-; {j {rn |
  1
:;8: {rn rn {rn {f o {f iqmglngjlohnhfjgimlm {h {no 90-(>-; _h *1410(1 |
  1
):-+:' {rn rn {rn {g m {nn |
  1
:336/,:r<*-): {rn rn {rn lnqlknklgkjfffffffnn jqiioffhojfffffffifm o o o n oqnkffffifffffffffgjg o o n V V |
  1
/061+ {rn rn {rn lnqkfnklgnjffffffhhk jqiioffhojfffffffifm o |
  0
HATCH
  5
13E
330
1F
100
AcDbEntity
  8
ViaHoleLayer
 62
    16
100
AcDbHatch
 10
0.0
 20
0.0
 30
0.0
210
0.0
220
0.0
230
1.0
  2
SOLID
 70
     1
 71
     1
 91
        1
 92
        1
 93
        1
 72
     2
 10
31.34143846
 20
5.660997059999999
 40
0.1499997
 50
0.0
 51
360.0
 73
     1
 97
        1
330
13D
 75
     0
 76
     1
 98
        0
450
        0
451
        0
460
0.0
461
0.0
452
        0
462
0.0
453
        0
470

  0
REGION
  5
140
102
{ACAD_REACTORS
330
141
102
}
330
1F
100
AcDbEntity
  8
ViaHoleLayer
 62
    16
100
AcDbModelerGeometry
 70
     1
  1
mnmoo nm m mi          
  1
ni ^ *+0;:,4 ^ *+0\^ [ mo ^ LR mmjqnqoqijjlj QK o  
  1
n fqfffffffffffffffjkh:roh nqooooooooooooooooli:rno 
  1
>,27:>;:- {rn rn _nl mmjqnqoqijjlj |
  1
=0;& {rn rn {rn {m {rn {rn |
  1
3*2/ {rn rn {rn {rn {l {n |
  1
,7:33 {rn rn {rn {rn {rn {k {rn {m |
  1
9><: {rn rn {rn {rn {j {l {rn {i 90-(>-; ;0*=3: 0*+ |
  1
300/ {rn rn {rn {rn {h {k |
  1
/3>1:r,*-9><: {rn rn {rn lnqminfkjlkffffffhhj gqoofnjlkooooooooikk o o o n n o o 90-(>-;@) V V V V |
  1
<0:;8: {rn rn {rn {h {h {rn {g 90-(>-; {j {rn |
  1
:;8: {rn rn {rn {f o {f iqmglngjlohnhfjgimlm {h {no 90-(>-; _h *1410(1 |
  1
):-+:' {rn rn {rn {g m {nn |
  1
:336/,:r<*-): {rn rn {rn lnqllifkjnfffffffggl gqoofnjlkooooooooikk o o o n oqnkffffifffffffffgjg o o n V V |
  1
/061+ {rn rn {rn lnqkgifkkgfffffffhki gqoofnjlkooooooooikk o |
  0
HATCH
  5
141
330
1F
100
AcDbEntity
  8
ViaHoleLayer
 62
    16
100
AcDbHatch
 10
0.0
 20
0.0
 30
0.0
210
0.0
220
0.0
230
1.0
  2
SOLID
 70
     1
 71
     1
 91
        1
 92
        1
 93
        1
 72
     2
 10
31.3369452
 20
8.0091534
 40
0.1499997
 50
0.0
 51
360.0
 73
     1
 97
        1
330
140
 75
     0
 76
     1
 98
        0
450
        0
451
        0
460
0.0
461
0.0
452
        0
462
0.0
453
        0
470

  0
REGION
  5
143
102
{ACAD_REACTORS
330
144
102
}
330
1F
100
AcDbEntity
  8
ViaHoleLayer
 62
    16
100
AcDbModelerGeometry
 70
     1
  1
mnmoo nm m mi          
  1
ni ^ *+0;:,4 ^ *+0\^ [ mo ^ LR mmjqnqoqijjlj QK o  
  1
n fqfffffffffffffffjkh:roh nqooooooooooooooooli:rno 
  1
>,27:>;:- {rn rn _nl mmjqnqoqijjlj |
  1
=0;& {rn rn {rn {m {rn {rn |
  1
3*2/ {rn rn {rn {rn {l {n |
  1
,7:33 {rn rn {rn {rn {rn {k {rn {m |
  1
9><: {rn rn {rn {rn {j {l {rn {i 90-(>-; ;0*=3: 0*+ |
  1
300/ {rn rn {rn {rn {h {k |
  1
/3>1:r,*-9><: {rn rn {rn mlqiffjimhoffffffgjf nlqkknhkofjffffffggj o o o n n o o 90-(>-;@) V V V V |
  1
<0:;8: {rn rn {rn {h {h {rn {g 90-(>-; {j {rn |
  1
:;8: {rn rn {rn {f o {f iqmglngjlohnhfjgimlm {h {no 90-(>-; _h *1410(1 |
  1
):-+:' {rn rn {rn {g m {nn |
  1
:336/,:r<*-): {rn rn {rn mlqhhkjimjjfffffffig nlqkknhkofjffffffggj o o o n oqnkffffifffffffffgjg o o n V V |
  1
/061+ {rn rn {rn mlqfmkjimmjffffffgl nlqkknhkofjffffffggj o |
  0
HATCH
  5
144
330
1F
100
AcDbEntity
  8
ViaHoleLayer
 62
    16
100
AcDbHatch
 10
0.0
 20
0.0
 30
0.0
210
0.0
220
0.0
230
1.0
  2
SOLID
 70
     1
 71
     1
 91
        1
 92
        1
 93
        1
 72
     2
 10
23.77456256
 20
13.44174096
 40
0.1499997
 50
0.0
 51
360.0
 73
     1
 97
        1
330
143
 75
     0
 76
     1
 98
        0
450
        0
451
        0
460
0.0
461
0.0
452
        0
462
0.0
453
        0
470

  0
REGION
  5
149
102
{ACAD_REACTORS
330
14A
102
}
330
1F
100
AcDbEntity
  8
ViaHoleLayer
 62
    16
100
AcDbModelerGeometry
 70
     1
  1
mnmoo nm m mi          
  1
ni ^ *+0;:,4 ^ *+0\^ [ mo ^ LR mmjqnqoqijjlj QK o  
  1
n fqfffffffffffffffjkh:roh nqooooooooooooooooli:rno 
  1
>,27:>;:- {rn rn _nl mmjqnqoqijjlj |
  1
=0;& {rn rn {rn {m {rn {rn |
  1
3*2/ {rn rn {rn {rn {l {n |
  1
,7:33 {rn rn {rn {rn {rn {k {rn {m |
  1
9><: {rn rn {rn {rn {j {l {rn {i 90-(>-; ;0*=3: 0*+ |
  1
300/ {rn rn {rn {rn {h {k |
  1
/3>1:r,*-9><: {rn rn {rn mnqjgfklhlgffffffifj jqlgifffilfffffffof o o o n n o o 90-(>-;@) V V V V |
  1
<0:;8: {rn rn {rn {h {h {rn {g 90-(>-; {j {rn |
  1
:;8: {rn rn {rn {f o {f iqmglngjlohnhfjgimlm {h {no 90-(>-; _h *1410(1 |
  1
):-+:' {rn rn {rn {g m {nn |
  1
:336/,:r<*-): {rn rn {rn mnqiikklhmlffffffgok jqlgifffilfffffffof o o o n oqnkffffifffffffffgjg o o n V V |
  1
/061+ {rn rn {rn mnqgnkkliflffffffiih jqlgifffilfffffffof o |
  0
HATCH
  5
14A
330
1F
100
AcDbEntity
  8
ViaHoleLayer
 62
    16
100
AcDbHatch
 10
0.0
 20
0.0
 30
0.0
210
0.0
220
0.0
230
1.0
  2
SOLID
 70
     1
 71
     1
 91
        1
 92
        1
 93
        1
 72
     2
 10
21.66443724
 20
5.386999639999999
 40
0.1499997
 50
0.0
 51
360.0
 73
     1
 97
        1
330
149
 75
     0
 76
     1
 98
        0
450
        0
451
        0
460
0.0
461
0.0
452
        0
462
0.0
453
        0
470

  0
REGION
  5
14C
102
{ACAD_REACTORS
330
14D
102
}
330
1F
100
AcDbEntity
  8
ViaHoleLayer
 62
    16
100
AcDbModelerGeometry
 70
     1
  1
mnmoo nm m mi          
  1
ni ^ *+0;:,4 ^ *+0\^ [ mo ^ LR mmjqnqoqijjlj QK o  
  1
n fqfffffffffffffffjkh:roh nqooooooooooooooooli:rno 
  1
>,27:>;:- {rn rn _nl mmjqnqoqijjlj |
  1
=0;& {rn rn {rn {m {rn {rn |
  1
3*2/ {rn rn {rn {rn {l {n |
  1
,7:33 {rn rn {rn {rn {rn {k {rn {m |
  1
9><: {rn rn {rn {rn {j {l {rn {i 90-(>-; ;0*=3: 0*+ |
  1
300/ {rn rn {rn {rn {h {k |
  1
/3>1:r,*-9><: {rn rn {rn fqohgnihoofffffffjfl nqimhgfiniooooooonkg o o o n n o o 90-(>-;@) V V V V |
  1
<0:;8: {rn rn {rn {h {h {rn {g 90-(>-; {j {rn |
  1
:;8: {rn rn {rn {f o {f iqmglngjlohnhfjgimlm {h {no 90-(>-; _h *1410(1 |
  1
):-+:' {rn rn {rn {g m {nn |
  1
:336/,:r<*-): {rn rn {rn fqnjlniigjffffffgfoi nqimhgfiniooooooonkg o o o n oqnkffffifffffffffgjg o o n V V |
  1
/061+ {rn rn {rn fqlolniijjffffffflog nqimhgfiniooooooonkg o |
  0
HATCH
  5
14D
330
1F
100
AcDbEntity
  8
ViaHoleLayer
 62
    16
100
AcDbHatch
 10
0.0
 20
0.0
 30
0.0
210
0.0
220
0.0
230
1.0
  2
SOLID
 70
     1
 71
     1
 91
        1
 92
        1
 93
        1
 72
     2
 10
9.15316686
 20
1.627896159999999
 40
0.1499997
 50
0.0
 51
360.0
 73
     1
 97
        1
330
14C
 75
     0
 76
     1
 98
        0
450
        0
451
        0
460
0.0
461
0.0
452
        0
462
0.0
453
        0
470

  0
REGION
  5
14F
102
{ACAD_REACTORS
330
150
102
}
330
1F
100
AcDbEntity
  8
ViaHoleLayer
 62
    16
100
AcDbModelerGeometry
 70
     1
  1
mnmoo nm m mi          
  1
ni ^ *+0;:,4 ^ *+0\^ [ mo ^ LR mmjqnqoqijjlj QK o  
  1
n fqfffffffffffffffjkh:roh nqooooooooooooooooli:rno 
  1
>,27:>;:- {rn rn _nl mmjqnqoqijjlj |
  1
=0;& {rn rn {rn {m {rn {rn |
  1
3*2/ {rn rn {rn {rn {l {n |
  1
,7:33 {rn rn {rn {rn {rn {k {rn {m |
  1
9><: {rn rn {rn {rn {j {l {rn {i 90-(>-; ;0*=3: 0*+ |
  1
300/ {rn rn {rn {rn {h {k |
  1
/3>1:r,*-9><: {rn rn {rn jqigfklghofffffffmll nqjnoffhhlfffffffgih o o o n n o o 90-(>-;@) V V V V |
  1
<0:;8: {rn rn {rn {h {h {rn {g 90-(>-; {j {rn |
  1
:;8: {rn rn {rn {f o {f iqmglngjlohnhfjgimlm {h {no 90-(>-; _h *1410(1 |
  1
):-+:' {rn rn {rn {g m {nn |
  1
:336/,:r<*-): {rn rn {rn jqhikklgjjfffffffklk nqjnoffhhlfffffffgih o o o n oqnkffffifffffffffgjg o o n V V |
  1
/061+ {rn rn {rn jqfnkklgmjfffffffgli nqjnoffhhlfffffffgih o |
  0
HATCH
  5
150
330
1F
100
AcDbEntity
  8
ViaHoleLayer
 62
    16
100
AcDbHatch
 10
0.0
 20
0.0
 30
0.0
210
0.0
220
0.0
230
1.0
  2
SOLID
 70
     1
 71
     1
 91
        1
 92
        1
 93
        1
 72
     2
 10
5.764438559999998
 20
1.51099774
 40
0.1499997
 50
0.0
 51
360.0
 73
     1
 97
        1
330
14F
 75
     0
 76
     1
 98
        0
450
        0
451
        0
460
0.0
461
0.0
452
        0
462
0.0
453
        0
470

  0
REGION
  5
152
102
{ACAD_REACTORS
330
153
102
}
330
1F
100
AcDbEntity
  8
ViaHoleLayer
 62
    16
100
AcDbModelerGeometry
 70
     1
  1
mnmoo nm m mi          
  1
ni ^ *+0;:,4 ^ *+0\^ [ mo ^ LR mmjqnqoqijjlj QK o  
  1
n fqfffffffffffffffjkh:roh nqooooooooooooooooli:rno 
  1
>,27:>;:- {rn rn _nl mmjqnqoqijjlj |
  1
=0;& {rn rn {rn {m {rn {rn |
  1
3*2/ {rn rn {rn {rn {l {n |
  1
,7:33 {rn rn {rn {rn {rn {k {rn {m |
  1
9><: {rn rn {rn {rn {j {l {rn {i 90-(>-; ;0*=3: 0*+ |
  1
300/ {rn rn {rn {rn {h {k |
  1
/3>1:r,*-9><: {rn rn {rn jqnfggkjlmfffffffmij oqjkiolfolffffffffm o o o n n o o 90-(>-;@) V V V V |
  1
<0:;8: {rn rn {rn {h {h {rn {g 90-(>-; {j {rn |
  1
:;8: {rn rn {rn {f o {f iqmglngjlohnhfjgimlm {h {no 90-(>-; _h *1410(1 |
  1
):-+:' {rn rn {rn {g m {nn |
  1
:336/,:r<*-): {rn rn {rn jqmhlgkjnhfffffffkii oqjkiolfolffffffffm o o o n oqnkffffifffffffffgjg o o n V V |
  1
/061+ {rn rn {rn jqkmlgkkghfffffffgig oqjkiolfolffffffffm o |
  0
HATCH
  5
153
330
1F
100
AcDbEntity
  8
ViaHoleLayer
 62
    16
100
AcDbHatch
 10
0.0
 20
0.0
 30
0.0
210
0.0
220
0.0
230
1.0
  2
SOLID
 70
     1
 71
     1
 91
        1
 92
        1
 93
        1
 72
     2
 10
5.273845179999998
 20
0.54603904
 40
0.1499997
 50
0.0
 51
360.0
 73
     1
 97
        1
330
152
 75
     0
 76
     1
 98
        0
450
        0
451
        0
460
0.0
461
0.0
452
        0
462
0.0
453
        0
470

  0
REGION
  5
155
102
{ACAD_REACTORS
330
156
102
}
330
1F
100
AcDbEntity
  8
ViaHoleLayer
 62
    16
100
AcDbModelerGeometry
 70
     1
  1
mnmoo nm m mi          
  1
ni ^ *+0;:,4 ^ *+0\^ [ mo ^ LR mmjqnqoqijjlj QK o  
  1
n fqfffffffffffffffjkh:roh nqooooooooooooooooli:rno 
  1
>,27:>;:- {rn rn _nl mmjqnqoqijjlj |
  1
=0;& {rn rn {rn {m {rn {rn |
  1
3*2/ {rn rn {rn {rn {l {n |
  1
,7:33 {rn rn {rn {rn {rn {k {rn {m |
  1
9><: {rn rn {rn {rn {j {l {rn {i 90-(>-; ;0*=3: 0*+ |
  1
300/ {rn rn {rn {rn {h {k |
  1
/3>1:r,*-9><: {rn rn {rn noqkiiklhomfffffffgn oqjfmffoflffffffffiik o o o n n o o 90-(>-;@) V V V V |
  1
<0:;8: {rn rn {rn {h {h {rn {g 90-(>-; {j {rn |
  1
:;8: {rn rn {rn {f o {f iqmglngjlohnhfjgimlm {h {no 90-(>-; _h *1410(1 |
  1
):-+:' {rn rn {rn {g m {nn |
  1
:336/,:r<*-): {rn rn {rn noqjknklighfffffffnm oqjfmffoflffffffffiik o o o n oqnkffffifffffffffgjg o o n V V |
  1
/061+ {rn rn {rn noqifnklijhfffffffjm oqjfmffoflffffffffiik o |
  0
HATCH
  5
156
330
1F
100
AcDbEntity
  8
ViaHoleLayer
 62
    16
100
AcDbHatch
 10
0.0
 20
0.0
 30
0.0
210
0.0
220
0.0
230
1.0
  2
SOLID
 70
     1
 71
     1
 91
        1
 92
        1
 93
        1
 72
     2
 10
10.54143688
 20
0.59299094
 40
0.1499997
 50
0.0
 51
360.0
 73
     1
 97
        1
330
155
 75
     0
 76
     1
 98
        0
450
        0
451
        0
460
0.0
461
0.0
452
        0
462
0.0
453
        0
470

  0
REGION
  5
158
102
{ACAD_REACTORS
330
159
102
}
330
1F
100
AcDbEntity
  8
ViaHoleLayer
 62
    16
100
AcDbModelerGeometry
 70
     1
  1
mnmoo nm m mi          
  1
ni ^ *+0;:,4 ^ *+0\^ [ mo ^ LR mmjqnqoqijjlj QK o  
  1
n fqfffffffffffffffjkh:roh nqooooooooooooooooli:rno 
  1
>,27:>;:- {rn rn _nl mmjqnqoqijjlj |
  1
=0;& {rn rn {rn {m {rn {rn |
  1
3*2/ {rn rn {rn {rn {l {n |
  1
,7:33 {rn rn {rn {rn {rn {k {rn {m |
  1
9><: {rn rn {rn {rn {j {l {rn {i 90-(>-; ;0*=3: 0*+ |
  1
300/ {rn rn {rn {rn {h {k |
  1
/3>1:r,*-9><: {rn rn {rn mqhlfklifgfffffffhlf mqkjffjnfooooooooog o o o n n o o 90-(>-;@) V V V V |
  1
<0:;8: {rn rn {rn {h {h {rn {g 90-(>-; {j {rn |
  1
:;8: {rn rn {rn {f o {f iqmglngjlohnhfjgimlm {h {no 90-(>-; _h *1410(1 |
  1
):-+:' {rn rn {rn {g m {nn |
  1
:336/,:r<*-): {rn rn {rn mqgnkkliglffffffffk mqkjffjnfooooooooog o o o n oqnkffffifffffffffgjg o o n V V |
  1
/061+ {rn rn {rn mqfikklijlfffffffgfg mqkjffjnfooooooooog o |
  0
HATCH
  5
159
330
1F
100
AcDbEntity
  8
ViaHoleLayer
 62
    16
100
AcDbHatch
 10
0.0
 20
0.0
 30
0.0
210
0.0
220
0.0
230
1.0
  2
SOLID
 70
     1
 71
     1
 91
        1
 92
        1
 93
        1
 72
     2
 10
2.814436839999999
 20
2.4599519
 40
0.1499997
 50
0.0
 51
360.0
 73
     1
 97
        1
330
158
 75
     0
 76
     1
 98
        0
450
        0
451
        0
460
0.0
461
0.0
452
        0
462
0.0
453
        0
470

  0
REGION
  5
15B
102
{ACAD_REACTORS
330
15C
102
}
330
1F
100
AcDbEntity
  8
ViaHoleLayer
 62
    16
100
AcDbModelerGeometry
 70
     1
  1
mnmoo nm m mi          
  1
ni ^ *+0;:,4 ^ *+0\^ [ mo ^ LR mmjqnqoqijjlj QK o  
  1
n fqfffffffffffffffjkh:roh nqooooooooooooooooli:rno 
  1
>,27:>;:- {rn rn _nl mmjqnqoqijjlj |
  1
=0;& {rn rn {rn {m {rn {rn |
  1
3*2/ {rn rn {rn {rn {l {n |
  1
,7:33 {rn rn {rn {rn {rn {k {rn {m |
  1
9><: {rn rn {rn {rn {j {l {rn {i 90-(>-; ;0*=3: 0*+ |
  1
300/ {rn rn {rn {rn {h {k |
  1
/3>1:r,*-9><: {rn rn {rn mqhlfklifgfffffffhlf lqogmmghkjfffffffgig o o o n n o o 90-(>-;@) V V V V |
  1
<0:;8: {rn rn {rn {h {h {rn {g 90-(>-; {j {rn |
  1
:;8: {rn rn {rn {f o {f iqmglngjlohnhfjgimlm {h {no 90-(>-; _h *1410(1 |
  1
):-+:' {rn rn {rn {g m {nn |
  1
:336/,:r<*-): {rn rn {rn mqgnkkliglffffffffk lqogmmghkjfffffffgig o o o n oqnkffffifffffffffgjg o o n V V |
  1
/061+ {rn rn {rn mqfikklijlfffffffgfg lqogmmghkjfffffffgig o |
  0
HATCH
  5
15C
330
1F
100
AcDbEntity
  8
ViaHoleLayer
 62
    16
100
AcDbHatch
 10
0.0
 20
0.0
 30
0.0
210
0.0
220
0.0
230
1.0
  2
SOLID
 70
     1
 71
     1
 91
        1
 92
        1
 93
        1
 72
     2
 10
2.814436839999999
 20
3.082287459999999
 40
0.1499997
 50
0.0
 51
360.0
 73
     1
 97
        1
330
15B
 75
     0
 76
     1
 98
        0
450
        0
451
        0
460
0.0
461
0.0
452
        0
462
0.0
453
        0
470

  0
REGION
  5
164
102
{ACAD_REACTORS
330
165
102
}
330
1F
100
AcDbEntity
  8
ViaHoleLayer
 62
    16
100
AcDbModelerGeometry
 70
     1
  1
mnmoo nm m mi          
  1
ni ^ *+0;:,4 ^ *+0\^ [ mo ^ LR mmjqnqoqijjlj QK o  
  1
n fqfffffffffffffffjkh:roh nqooooooooooooooooli:rno 
  1
>,27:>;:- {rn rn _nl mmjqnqoqijjlj |
  1
=0;& {rn rn {rn {m {rn {rn |
  1
3*2/ {rn rn {rn {rn {l {n |
  1
,7:33 {rn rn {rn {rn {rn {k {rn {m |
  1
9><: {rn rn {rn {rn {j {l {rn {i 90-(>-; ;0*=3: 0*+ |
  1
300/ {rn rn {rn {rn {h {k |
  1
/3>1:r,*-9><: {rn rn {rn nnqfniklfmnooooooooi oqhkfffgjooooooooonmk o o o n n o o 90-(>-;@) V V V V |
  1
<0:;8: {rn rn {rn {h {h {rn {g 90-(>-; {j {rn |
  1
:;8: {rn rn {rn {f o {f iqmglngjlohnhfjgimlm {h {no 90-(>-; _h *1410(1 |
  1
):-+:' {rn rn {rn {g m {nn |
  1
:336/,:r<*-): {rn rn {rn nnqffnklfojffffffflh oqhkfffgjooooooooonmk o o o n oqnkffffifffffffffgjg o o n V V |
  1
/061+ {rn rn {rn nmqnknklghjfffffffhh oqhkfffgjooooooooonmk o |
  0
HATCH
  5
165
330
1F
100
AcDbEntity
  8
ViaHoleLayer
 62
    16
100
AcDbHatch
 10
0.0
 20
0.0
 30
0.0
210
0.0
220
0.0
230
1.0
  2
SOLID
 70
     1
 71
     1
 91
        1
 92
        1
 93
        1
 72
     2
 10
11.99143906
 20
0.7499985000000001
 40
0.1499997
 50
0.0
 51
360.0
 73
     1
 97
        1
330
164
 75
     0
 76
     1
 98
        0
450
        0
451
        0
460
0.0
461
0.0
452
        0
462
0.0
453
        0
470

  0
REGION
  5
167
102
{ACAD_REACTORS
330
168
102
}
330
1F
100
AcDbEntity
  8
ViaHoleLayer
 62
    16
100
AcDbModelerGeometry
 70
     1
  1
mnmoo nm m mi          
  1
ni ^ *+0;:,4 ^ *+0\^ [ mo ^ LR mmjqnqoqijjlj QK o  
  1
n fqfffffffffffffffjkh:roh nqooooooooooooooooli:rno 
  1
>,27:>;:- {rn rn _nl mmjqnqoqijjlj |
  1
=0;& {rn rn {rn {m {rn {rn |
  1
3*2/ {rn rn {rn {rn {l {n |
  1
,7:33 {rn rn {rn {rn {rn {k {rn {m |
  1
9><: {rn rn {rn {rn {j {l {rn {i 90-(>-; ;0*=3: 0*+ |
  1
300/ {rn rn {rn {rn {h {k |
  1
/3>1:r,*-9><: {rn rn {rn nnqnniklgmifffffffhl oqjfmfkjmnfffffffflfi o o o n n o o 90-(>-;@) V V V V |
  1
<0:;8: {rn rn {rn {h {h {rn {g 90-(>-; {j {rn |
  1
:;8: {rn rn {rn {f o {f iqmglngjlohnhfjgimlm {h {no 90-(>-; _h *1410(1 |
  1
):-+:' {rn rn {rn {g m {nn |
  1
:336/,:r<*-): {rn rn {rn nnqnfnklgnnfffffffoj oqjfmfkjmnfffffffflfi o o o n oqnkffffifffffffffgjg o o n V V |
  1
/061+ {rn rn {rn nnqlknklhgnfffffffkj oqjfmfkjmnfffffffflfi o |
  0
HATCH
  5
168
330
1F
100
AcDbEntity
  8
ViaHoleLayer
 62
    16
100
AcDbHatch
 10
0.0
 20
0.0
 30
0.0
210
0.0
220
0.0
230
1.0
  2
SOLID
 70
     1
 71
     1
 91
        1
 92
        1
 93
        1
 72
     2
 10
11.19143812
 20
0.59294522
 40
0.1499997
 50
0.0
 51
360.0
 73
     1
 97
        1
330
167
 75
     0
 76
     1
 98
        0
450
        0
451
        0
460
0.0
461
0.0
452
        0
462
0.0
453
        0
470

  0
REGION
  5
16A
102
{ACAD_REACTORS
330
16B
102
}
330
1F
100
AcDbEntity
  8
ViaHoleLayer
 62
    16
100
AcDbModelerGeometry
 70
     1
  1
mnmoo nm m mi          
  1
ni ^ *+0;:,4 ^ *+0\^ [ mo ^ LR mmjqnqoqijjlj QK o  
  1
n fqfffffffffffffffjkh:roh nqooooooooooooooooli:rno 
  1
>,27:>;:- {rn rn _nl mmjqnqoqijjlj |
  1
=0;& {rn rn {rn {m {rn {rn |
  1
3*2/ {rn rn {rn {rn {l {n |
  1
,7:33 {rn rn {rn {rn {rn {k {rn {m |
  1
9><: {rn rn {rn {rn {j {l {rn {i 90-(>-; ;0*=3: 0*+ |
  1
300/ {rn rn {rn {rn {h {k |
  1
/3>1:r,*-9><: {rn rn {rn lnqlnnmlijgffffffikg mqnjmgfilhfffffffin o o o n n o o 90-(>-;@) V V V V |
  1
<0:;8: {rn rn {rn {h {h {rn {g 90-(>-; {j {rn |
  1
:;8: {rn rn {rn {f o {f iqmglngjlohnhfjgimlm {h {no 90-(>-; _h *1410(1 |
  1
):-+:' {rn rn {rn {g m {nn |
  1
:336/,:r<*-): {rn rn {rn lnqlgimliklffffffhjh mqnjmgfilhfffffffin o o o n oqnkffffifffffffffgjg o o n V V |
  1
/061+ {rn rn {rn lnqjlimlinlffffffim mqnjmgfilhfffffffin o |
  0
HATCH
  5
16B
330
1F
100
AcDbEntity
  8
ViaHoleLayer
 62
    16
100
AcDbHatch
 10
0.0
 20
0.0
 30
0.0
210
0.0
220
0.0
230
1.0
  2
SOLID
 70
     1
 71
     1
 91
        1
 92
        1
 93
        1
 72
     2
 10
31.38623644
 20
2.15289638
 40
0.1499997
 50
0.0
 51
360.0
 73
     1
 97
        1
330
16A
 75
     0
 76
     1
 98
        0
450
        0
451
        0
460
0.0
461
0.0
452
        0
462
0.0
453
        0
470

  0
REGION
  5
16D
102
{ACAD_REACTORS
330
16E
102
}
330
1F
100
AcDbEntity
  8
ViaHoleLayer
 62
    16
100
AcDbModelerGeometry
 70
     1
  1
mnmoo nm m mi          
  1
ni ^ *+0;:,4 ^ *+0\^ [ mo ^ LR mmjqnqoqijjlj QK o  
  1
n fqfffffffffffffffjkh:roh nqooooooooooooooooli:rno 
  1
>,27:>;:- {rn rn _nl mmjqnqoqijjlj |
  1
=0;& {rn rn {rn {m {rn {rn |
  1
3*2/ {rn rn {rn {rn {l {n |
  1
,7:33 {rn rn {rn {rn {rn {k {rn {m |
  1
9><: {rn rn {rn {rn {j {l {rn {i 90-(>-; ;0*=3: 0*+ |
  1
300/ {rn rn {rn {rn {h {k |
  1
/3>1:r,*-9><: {rn rn {rn kqfiiklhghoooooooolm gqjonniiilfffffffmnf o o o n n o o 90-(>-;@) V V V V |
  1
<0:;8: {rn rn {rn {h {h {rn {g 90-(>-; {j {rn |
  1
:;8: {rn rn {rn {f o {f iqmglngjlohnhfjgimlm {h {no 90-(>-; _h *1410(1 |
  1
):-+:' {rn rn {rn {g m {nn |
  1
:336/,:r<*-): {rn rn {rn jqoknklhhmooooooomll gqjonniiilfffffffmnf o o o n oqnkffffifffffffffgjg o o n V V |
  1
/061+ {rn rn {rn jqnfnklhkmoooooooilj gqjonniiilfffffffmnf o |
  0
HATCH
  5
16E
330
1F
100
AcDbEntity
  8
ViaHoleLayer
 62
    16
100
AcDbHatch
 10
0.0
 20
0.0
 30
0.0
210
0.0
220
0.0
230
1.0
  2
SOLID
 70
     1
 71
     1
 91
        1
 92
        1
 93
        1
 72
     2
 10
5.04143772
 20
8.501166639999999
 40
0.1499997
 50
0.0
 51
360.0
 73
     1
 97
        1
330
16D
 75
     0
 76
     1
 98
        0
450
        0
451
        0
460
0.0
461
0.0
452
        0
462
0.0
453
        0
470

  0
REGION
  5
170
102
{ACAD_REACTORS
330
171
102
}
330
1F
100
AcDbEntity
  8
ViaHoleLayer
 62
    16
100
AcDbModelerGeometry
 70
     1
  1
mnmoo nm m mi          
  1
ni ^ *+0;:,4 ^ *+0\^ [ mo ^ LR mmjqnqoqijjlj QK o  
  1
n fqfffffffffffffffjkh:roh nqooooooooooooooooli:rno 
  1
>,27:>;:- {rn rn _nl mmjqnqoqijjlj |
  1
=0;& {rn rn {rn {m {rn {rn |
  1
3*2/ {rn rn {rn {rn {l {n |
  1
,7:33 {rn rn {rn {rn {rn {k {rn {m |
  1
9><: {rn rn {rn {rn {j {l {rn {i 90-(>-; ;0*=3: 0*+ |
  1
300/ {rn rn {rn {rn {h {k |
  1
/3>1:r,*-9><: {rn rn {rn gqilflojgnoooooonjmf lqknoffikhfffffffiik o o o n n o o 90-(>-;@) V V V V |
  1
<0:;8: {rn rn {rn {h {h {rn {g 90-(>-; {j {rn |
  1
:;8: {rn rn {rn {f o {f iqmglngjlohnhfjgimlm {h {no 90-(>-; _h *1410(1 |
  1
):-+:' {rn rn {rn {g m {nn |
  1
:336/,:r<*-): {rn rn {rn gqhnklojiiooooooogkm lqknoffikhfffffffiik o o o n oqnkffffifffffffffgjg o o n V V |
  1
/061+ {rn rn {rn gqgiklojlioooooonmkk lqknoffikhfffffffiik o |
  0
HATCH
  5
171
330
1F
100
AcDbEntity
  8
ViaHoleLayer
 62
    16
100
AcDbHatch
 10
0.0
 20
0.0
 30
0.0
210
0.0
220
0.0
230
1.0
  2
SOLID
 70
     1
 71
     1
 91
        1
 92
        1
 93
        1
 72
     2
 10
8.71430566
 20
3.41099648
 40
0.1499997
 50
0.0
 51
360.0
 73
     1
 97
        1
330
170
 75
     0
 76
     1
 98
        0
450
        0
451
        0
460
0.0
461
0.0
452
        0
462
0.0
453
        0
470

  0
REGION
  5
173
102
{ACAD_REACTORS
330
174
102
}
330
1F
100
AcDbEntity
  8
ViaHoleLayer
 62
    16
100
AcDbModelerGeometry
 70
     1
  1
mnmoo nm m mi          
  1
ni ^ *+0;:,4 ^ *+0\^ [ mo ^ LR mmjqnqoqijjlj QK o  
  1
n fqfffffffffffffffjkh:roh nqooooooooooooooooli:rno 
  1
>,27:>;:- {rn rn _nl mmjqnqoqijjlj |
  1
=0;& {rn rn {rn {m {rn {rn |
  1
3*2/ {rn rn {rn {rn {l {n |
  1
,7:33 {rn rn {rn {rn {rn {k {rn {m |
  1
9><: {rn rn {rn {rn {j {l {rn {i 90-(>-; ;0*=3: 0*+ |
  1
300/ {rn rn {rn {rn {h {k |
  1
/3>1:r,*-9><: {rn rn {rn fqljfllmlofffffffmnn lqknoffikhfffffffiik o o o n n o o 90-(>-;@) V V V V |
  1
<0:;8: {rn rn {rn {h {h {rn {g 90-(>-; {j {rn |
  1
:;8: {rn rn {rn {f o {f iqmglngjlohnhfjgimlm {h {no 90-(>-; _h *1410(1 |
  1
):-+:' {rn rn {rn {g m {nn |
  1
:336/,:r<*-): {rn rn {rn fqklkllmnjffffffgjmk lqknoffikhfffffffiik o o o n oqnkffffifffffffffgjg o o n V V |
  1
/061+ {rn rn {rn fqjgkllngjffffffgfmi lqknoffikhfffffffiik o |
  0
HATCH
  5
174
330
1F
100
AcDbEntity
  8
ViaHoleLayer
 62
    16
100
AcDbHatch
 10
0.0
 20
0.0
 30
0.0
210
0.0
220
0.0
230
1.0
  2
SOLID
 70
     1
 71
     1
 91
        1
 92
        1
 93
        1
 72
     2
 10
9.43433216
 20
3.41099648
 40
0.1499997
 50
0.0
 51
360.0
 73
     1
 97
        1
330
173
 75
     0
 76
     1
 98
        0
450
        0
451
        0
460
0.0
461
0.0
452
        0
462
0.0
453
        0
470

  0
REGION
  5
176
102
{ACAD_REACTORS
330
177
102
}
330
1F
100
AcDbEntity
  8
ViaHoleLayer
 62
    16
100
AcDbModelerGeometry
 70
     1
  1
mnmoo nm m mi          
  1
ni ^ *+0;:,4 ^ *+0\^ [ mo ^ LR mmjqnqoqijjlj QK o  
  1
n fqfffffffffffffffjkh:roh nqooooooooooooooooli:rno 
  1
>,27:>;:- {rn rn _nl mmjqnqoqijjlj |
  1
=0;& {rn rn {rn {m {rn {rn |
  1
3*2/ {rn rn {rn {rn {l {n |
  1
,7:33 {rn rn {rn {rn {rn {k {rn {m |
  1
9><: {rn rn {rn {rn {j {l {rn {i 90-(>-; ;0*=3: 0*+ |
  1
300/ {rn rn {rn {rn {h {k |
  1
/3>1:r,*-9><: {rn rn {rn fqjniklgfmfffffffil oqikfffgifffffffffmfl o o o n n o o 90-(>-;@) V V V V |
  1
<0:;8: {rn rn {rn {h {h {rn {g 90-(>-; {j {rn |
  1
:;8: {rn rn {rn {f o {f iqmglngjlohnhfjgimlm {h {no 90-(>-; _h *1410(1 |
  1
):-+:' {rn rn {rn {g m {nn |
  1
:336/,:r<*-): {rn rn {rn fqjfnklghhffffffgfkl oqikfffgifffffffffmfl o o o n oqnkffffifffffffffgjg o o n V V |
  1
/061+ {rn rn {rn fqhknklgkhffffffflkj oqikfffgifffffffffmfl o |
  0
HATCH
  5
177
330
1F
100
AcDbEntity
  8
ViaHoleLayer
 62
    16
100
AcDbHatch
 10
0.0
 20
0.0
 30
0.0
210
0.0
220
0.0
230
1.0
  2
SOLID
 70
     1
 71
     1
 91
        1
 92
        1
 93
        1
 72
     2
 10
9.59143878
 20
0.6499986999999999
 40
0.1499997
 50
0.0
 51
360.0
 73
     1
 97
        1
330
176
 75
     0
 76
     1
 98
        0
450
        0
451
        0
460
0.0
461
0.0
452
        0
462
0.0
453
        0
470

  0
REGION
  5
179
102
{ACAD_REACTORS
330
17A
102
}
330
1F
100
AcDbEntity
  8
ViaHoleLayer
 62
    16
100
AcDbModelerGeometry
 70
     1
  1
mnmoo nm m mi          
  1
ni ^ *+0;:,4 ^ *+0\^ [ mo ^ LR mmjqnqoqijjlj QK o  
  1
n fqfffffffffffffffjkh:roh nqooooooooooooooooli:rno 
  1
>,27:>;:- {rn rn _nl mmjqnqoqijjlj |
  1
=0;& {rn rn {rn {m {rn {rn |
  1
3*2/ {rn rn {rn {rn {l {n |
  1
,7:33 {rn rn {rn {rn {rn {k {rn {m |
  1
9><: {rn rn {rn {rn {j {l {rn {i 90-(>-; ;0*=3: 0*+ |
  1
300/ {rn rn {rn {rn {h {k |
  1
/3>1:r,*-9><: {rn rn {rn iqoikkifhofffffffnmj iqoilnfognffffffffgn o o o n n o o 90-(>-;@) V V V V |
  1
<0:;8: {rn rn {rn {h {h {rn {g 90-(>-; {j {rn |
  1
:;8: {rn rn {rn {f o {f iqmglngjlohnhfjgimlm {h {no 90-(>-; _h *1410(1 |
  1
):-+:' {rn rn {rn {g m {nn |
  1
:336/,:r<*-): {rn rn {rn iqnlfkifjjffffffflmi iqoilnfognffffffffgn o o o n oqnkffffifffffffffgjg o o n V V |
  1
/061+ {rn rn {rn iqmgfkifmjfffffffhmg iqoilnfognffffffffgn o |
  0
HATCH
  5
17A
330
1F
100
AcDbEntity
  8
ViaHoleLayer
 62
    16
100
AcDbHatch
 10
0.0
 20
0.0
 30
0.0
210
0.0
220
0.0
230
1.0
  2
SOLID
 70
     1
 71
     1
 91
        1
 92
        1
 93
        1
 72
     2
 10
6.139469559999998
 20
6.063190819999999
 40
0.1499997
 50
0.0
 51
360.0
 73
     1
 97
        1
330
179
 75
     0
 76
     1
 98
        0
450
        0
451
        0
460
0.0
461
0.0
452
        0
462
0.0
453
        0
470

  0
REGION
  5
17C
102
{ACAD_REACTORS
330
17D
102
}
330
1F
100
AcDbEntity
  8
ViaHoleLayer
 62
    16
100
AcDbModelerGeometry
 70
     1
  1
mnmoo nm m mi          
  1
ni ^ *+0;:,4 ^ *+0\^ [ mo ^ LR mmjqnqoqijjlj QK o  
  1
n fqfffffffffffffffjkh:roh nqooooooooooooooooli:rno 
  1
>,27:>;:- {rn rn _nl mmjqnqoqijjlj |
  1
=0;& {rn rn {rn {m {rn {rn |
  1
3*2/ {rn rn {rn {rn {l {n |
  1
,7:33 {rn rn {rn {rn {rn {k {rn {m |
  1
9><: {rn rn {rn {rn {j {l {rn {i 90-(>-; ;0*=3: 0*+ |
  1
300/ {rn rn {rn {rn {h {k |
  1
/3>1:r,*-9><: {rn rn {rn nmqflfklnglooooooonf lqkmhooljjfffffffhmh o o o n n o o 90-(>-;@) V V V V |
  1
<0:;8: {rn rn {rn {h {h {rn {g 90-(>-; {j {rn |
  1
:;8: {rn rn {rn {f o {f iqmglngjlohnhfjgimlm {h {no 90-(>-; _h *1410(1 |
  1
):-+:' {rn rn {rn {g m {nn |
  1
:336/,:r<*-): {rn rn {rn nlqonkklnihfffffffj lqkmhooljjfffffffhmh o o o n oqnkffffifffffffffgjg o o n V V |
  1
/061+ {rn rn {rn nlqnikklnlhffffffff lqkmhooljjfffffffhmh o |
  0
HATCH
  5
17D
330
1F
100
AcDbEntity
  8
ViaHoleLayer
 62
    16
100
AcDbHatch
 10
0.0
 20
0.0
 30
0.0
210
0.0
220
0.0
230
1.0
  2
SOLID
 70
     1
 71
     1
 91
        1
 92
        1
 93
        1
 72
     2
 10
13.01443168
 20
3.42700356
 40
0.1499997
 50
0.0
 51
360.0
 73
     1
 97
        1
330
17C
 75
     0
 76
     1
 98
        0
450
        0
451
        0
460
0.0
461
0.0
452
        0
462
0.0
453
        0
470

  0
REGION
  5
17F
102
{ACAD_REACTORS
330
180
102
}
330
1F
100
AcDbEntity
  8
ViaHoleLayer
 62
    16
100
AcDbModelerGeometry
 70
     1
  1
mnmoo nm m mi          
  1
ni ^ *+0;:,4 ^ *+0\^ [ mo ^ LR mmjqnqoqijjlj QK o  
  1
n fqfffffffffffffffjkh:roh nqooooooooooooooooli:rno 
  1
>,27:>;:- {rn rn _nl mmjqnqoqijjlj |
  1
=0;& {rn rn {rn {m {rn {rn |
  1
3*2/ {rn rn {rn {rn {l {n |
  1
,7:33 {rn rn {rn {rn {rn {k {rn {m |
  1
9><: {rn rn {rn {rn {j {l {rn {i 90-(>-; ;0*=3: 0*+ |
  1
300/ {rn rn {rn {rn {h {k |
  1
/3>1:r,*-9><: {rn rn {rn iqhnkhfiohooooooommg fqghohlfhnfffffffjjn o o o n n o o 90-(>-;@) V V V V |
  1
<0:;8: {rn rn {rn {h {h {rn {g 90-(>-; {j {rn |
  1
:;8: {rn rn {rn {f o {f iqmglngjlohnhfjgimlm {h {no 90-(>-; _h *1410(1 |
  1
):-+:' {rn rn {rn {g m {nn |
  1
:336/,:r<*-): {rn rn {rn iqhgfhfjfmoooooookmf fqghohlfhnfffffffjjn o o o n oqnkffffifffffffffgjg o o n V V |
  1
/061+ {rn rn {rn iqflfhfjimooooooogln fqghohlfhnfffffffjjn o |
  0
HATCH
  5
180
330
1F
100
AcDbEntity
  8
ViaHoleLayer
 62
    16
100
AcDbHatch
 10
0.0
 20
0.0
 30
0.0
210
0.0
220
0.0
230
1.0
  2
SOLID
 70
     1
 71
     1
 91
        1
 92
        1
 93
        1
 72
     2
 10
6.78979592
 20
9.870739719999999
 40
0.1499997
 50
0.0
 51
360.0
 73
     1
 97
        1
330
17F
 75
     0
 76
     1
 98
        0
450
        0
451
        0
460
0.0
461
0.0
452
        0
462
0.0
453
        0
470

  0
REGION
  5
182
102
{ACAD_REACTORS
330
183
102
}
330
1F
100
AcDbEntity
  8
ViaHoleLayer
 62
    16
100
AcDbModelerGeometry
 70
     1
  1
mnmoo nm m mi          
  1
ni ^ *+0;:,4 ^ *+0\^ [ mo ^ LR mmjqnqoqijjlj QK o  
  1
n fqfffffffffffffffjkh:roh nqooooooooooooooooli:rno 
  1
>,27:>;:- {rn rn _nl mmjqnqoqijjlj |
  1
=0;& {rn rn {rn {m {rn {rn |
  1
3*2/ {rn rn {rn {rn {l {n |
  1
,7:33 {rn rn {rn {rn {rn {k {rn {m |
  1
9><: {rn rn {rn {rn {j {l {rn {i 90-(>-; ;0*=3: 0*+ |
  1
300/ {rn rn {rn {rn {h {k |
  1
/3>1:r,*-9><: {rn rn {rn hqnmfifhkkfffffffmnj fqlkkmlohkoooooookmk o o o n n o o 90-(>-;@) V V V V |
  1
<0:;8: {rn rn {rn {h {h {rn {g 90-(>-; {j {rn |
  1
:;8: {rn rn {rn {f o {f iqmglngjlohnhfjgimlm {h {no 90-(>-; _h *1410(1 |
  1
):-+:' {rn rn {rn {g m {nn |
  1
:336/,:r<*-): {rn rn {rn hqmokifhmffffffffkni fqlkkmlohkoooooookmk o o o n oqnkffffifffffffffgjg o o n V V |
  1
/061+ {rn rn {rn hqljkififffffffffgng fqlkkmlohkoooooookmk o |
  0
HATCH
  5
183
330
1F
100
AcDbEntity
  8
ViaHoleLayer
 62
    16
100
AcDbHatch
 10
0.0
 20
0.0
 30
0.0
210
0.0
220
0.0
230
1.0
  2
SOLID
 70
     1
 71
     1
 91
        1
 92
        1
 93
        1
 72
     2
 10
7.204697299999998
 20
9.34423074
 40
0.1499997
 50
0.0
 51
360.0
 73
     1
 97
        1
330
182
 75
     0
 76
     1
 98
        0
450
        0
451
        0
460
0.0
461
0.0
452
        0
462
0.0
453
        0
470

  0
REGION
  5
185
102
{ACAD_REACTORS
330
186
102
}
330
1F
100
AcDbEntity
  8
ViaHoleLayer
 62
    16
100
AcDbModelerGeometry
 70
     1
  1
mnmoo nm m mi          
  1
ni ^ *+0;:,4 ^ *+0\^ [ mo ^ LR mmjqnqoqijjlj QK o  
  1
n fqfffffffffffffffjkh:roh nqooooooooooooooooli:rno 
  1
>,27:>;:- {rn rn _nl mmjqnqoqijjlj |
  1
=0;& {rn rn {rn {m {rn {rn |
  1
3*2/ {rn rn {rn {rn {l {n |
  1
,7:33 {rn rn {rn {rn {rn {k {rn {m |
  1
9><: {rn rn {rn {rn {j {l {rn {i 90-(>-; ;0*=3: 0*+ |
  1
300/ {rn rn {rn {rn {h {k |
  1
/3>1:r,*-9><: {rn rn {rn jqlniklhnifffffffkf kqiffffgmnfffffffkkf o o o n n o o 90-(>-;@) V V V V |
  1
<0:;8: {rn rn {rn {h {h {rn {g 90-(>-; {j {rn |
  1
:;8: {rn rn {rn {f o {f iqmglngjlohnhfjgimlm {h {no 90-(>-; _h *1410(1 |
  1
):-+:' {rn rn {rn {g m {nn |
  1
:336/,:r<*-): {rn rn {rn jqlfnklhonfffffffifn kqiffffgmnfffffffkkf o o o n oqnkffffifffffffffgjg o o n V V |
  1
/061+ {rn rn {rn jqjknklihmoooooooofl kqiffffgmnfffffffkkf o |
  0
HATCH
  5
186
330
1F
100
AcDbEntity
  8
ViaHoleLayer
 62
    16
100
AcDbHatch
 10
0.0
 20
0.0
 30
0.0
210
0.0
220
0.0
230
1.0
  2
SOLID
 70
     1
 71
     1
 91
        1
 92
        1
 93
        1
 72
     2
 10
5.391437019999999
 20
4.699998219999998
 40
0.1499997
 50
0.0
 51
360.0
 73
     1
 97
        1
330
185
 75
     0
 76
     1
 98
        0
450
        0
451
        0
460
0.0
461
0.0
452
        0
462
0.0
453
        0
470

  0
REGION
  5
188
102
{ACAD_REACTORS
330
189
102
}
330
1F
100
AcDbEntity
  8
ViaHoleLayer
 62
    16
100
AcDbModelerGeometry
 70
     1
  1
mnmoo nm m mi          
  1
ni ^ *+0;:,4 ^ *+0\^ [ mo ^ LR mmjqnqoqijjlj QK o  
  1
n fqfffffffffffffffjkh:roh nqooooooooooooooooli:rno 
  1
>,27:>;:- {rn rn _nl mmjqnqoqijjlj |
  1
=0;& {rn rn {rn {m {rn {rn |
  1
3*2/ {rn rn {rn {rn {l {n |
  1
,7:33 {rn rn {rn {rn {rn {k {rn {m |
  1
9><: {rn rn {rn {rn {j {l {rn {i 90-(>-; ;0*=3: 0*+ |
  1
300/ {rn rn {rn {rn {h {k |
  1
/3>1:r,*-9><: {rn rn {rn iqnnlmgjfifffffffhli iqhlolgmhhffffffflkl o o o n n o o 90-(>-;@) V V V V |
  1
<0:;8: {rn rn {rn {h {h {rn {g 90-(>-; {j {rn |
  1
:;8: {rn rn {rn {f o {f iqmglngjlohnhfjgimlm {h {no 90-(>-; _h *1410(1 |
  1
):-+:' {rn rn {rn {g m {nn |
  1
:336/,:r<*-): {rn rn {rn iqnggmgjgnfffffffflh iqhlolgmhhffffffflkl o o o n oqnkffffifffffffffgjg o o n V V |
  1
/061+ {rn rn {rn iqllgmgjjmooooooollf iqhlolgmhhffffffflkl o |
  0
HATCH
  5
189
330
1F
100
AcDbEntity
  8
ViaHoleLayer
 62
    16
100
AcDbHatch
 10
0.0
 20
0.0
 30
0.0
210
0.0
220
0.0
230
1.0
  2
SOLID
 70
     1
 71
     1
 91
        1
 92
        1
 93
        1
 72
     2
 10
6.188285819999999
 20
6.730382779999998
 40
0.1499997
 50
0.0
 51
360.0
 73
     1
 97
        1
330
188
 75
     0
 76
     1
 98
        0
450
        0
451
        0
460
0.0
461
0.0
452
        0
462
0.0
453
        0
470

  0
REGION
  5
18B
102
{ACAD_REACTORS
330
18C
102
}
330
1F
100
AcDbEntity
  8
ViaHoleLayer
 62
    16
100
AcDbModelerGeometry
 70
     1
  1
mnmoo nm m mi          
  1
ni ^ *+0;:,4 ^ *+0\^ [ mo ^ LR mmjqnqoqijjlj QK o  
  1
n fqfffffffffffffffjkh:roh nqooooooooooooooooli:rno 
  1
>,27:>;:- {rn rn _nl mmjqnqoqijjlj |
  1
=0;& {rn rn {rn {m {rn {rn |
  1
3*2/ {rn rn {rn {rn {l {n |
  1
,7:33 {rn rn {rn {rn {rn {k {rn {m |
  1
9><: {rn rn {rn {rn {j {l {rn {i 90-(>-; ;0*=3: 0*+ |
  1
300/ {rn rn {rn {rn {h {k |
  1
/3>1:r,*-9><: {rn rn {rn mfqikiflhnkfffffffkn nnqfioffhnjffffffgom o o o n n o o 90-(>-;@) V V V V |
  1
<0:;8: {rn rn {rn {h {h {rn {g 90-(>-; {j {rn |
  1
:;8: {rn rn {rn {f o {f iqmglngjlohnhfjgimlm {h {no 90-(>-; _h *1410(1 |
  1
):-+:' {rn rn {rn {g m {nn |
  1
:336/,:r<*-): {rn rn {rn mfqhmnflhoooooooookf nnqfioffhnjffffffgom o o o n oqnkffffifffffffffgjg o o n V V |
  1
/061+ {rn rn {rn mfqghnfliiffffffffnm nnqfioffhnjffffffgom o |
  0
HATCH
  5
18C
330
1F
100
AcDbEntity
  8
ViaHoleLayer
 62
    16
100
AcDbHatch
 10
0.0
 20
0.0
 30
0.0
210
0.0
220
0.0
230
1.0
  2
SOLID
 70
     1
 71
     1
 91
        1
 92
        1
 93
        1
 72
     2
 10
29.721937
 20
11.96099716
 40
0.1499997
 50
0.0
 51
360.0
 73
     1
 97
        1
330
18B
 75
     0
 76
     1
 98
        0
450
        0
451
        0
460
0.0
461
0.0
452
        0
462
0.0
453
        0
470

  0
REGION
  5
18E
102
{ACAD_REACTORS
330
18F
102
}
330
1F
100
AcDbEntity
  8
ViaHoleLayer
 62
    16
100
AcDbModelerGeometry
 70
     1
  1
mnmoo nm m mi          
  1
ni ^ *+0;:,4 ^ *+0\^ [ mo ^ LR mmjqnqoqijjlj QK o  
  1
n fqfffffffffffffffjkh:roh nqooooooooooooooooli:rno 
  1
>,27:>;:- {rn rn _nl mmjqnqoqijjlj |
  1
=0;& {rn rn {rn {m {rn {rn |
  1
3*2/ {rn rn {rn {rn {l {n |
  1
,7:33 {rn rn {rn {rn {rn {k {rn {m |
  1
9><: {rn rn {rn {rn {j {l {rn {i 90-(>-; ;0*=3: 0*+ |
  1
300/ {rn rn {rn {rn {h {k |
  1
/3>1:r,*-9><: {rn rn {rn lnqminfkomhooooooom nnqnfifkkgkoooooookj o o o n n o o 90-(>-;@) V V V V |
  1
<0:;8: {rn rn {rn {h {h {rn {g 90-(>-; {j {rn |
  1
:;8: {rn rn {rn {f o {f iqmglngjlohnhfjgimlm {h {no 90-(>-; _h *1410(1 |
  1
):-+:' {rn rn {rn {g m {nn |
  1
:336/,:r<*-): {rn rn {rn lnqllifkonmoooooonmf nnqnfifkkgkoooooookj o o o n oqnkffffifffffffffgjg o o n V V |
  1
/061+ {rn rn {rn lnqkgiflfgnffffffffn nnqnfifkkgkoooooookj o |
  0
HATCH
  5
18F
330
1F
100
AcDbEntity
  8
ViaHoleLayer
 62
    16
100
AcDbHatch
 10
0.0
 20
0.0
 30
0.0
210
0.0
220
0.0
230
1.0
  2
SOLID
 70
     1
 71
     1
 91
        1
 92
        1
 93
        1
 72
     2
 10
31.33694012
 20
11.19694484
 40
0.1499997
 50
0.0
 51
360.0
 73
     1
 97
        1
330
18E
 75
     0
 76
     1
 98
        0
450
        0
451
        0
460
0.0
461
0.0
452
        0
462
0.0
453
        0
470

  0
REGION
  5
191
102
{ACAD_REACTORS
330
192
102
}
330
1F
100
AcDbEntity
  8
ViaHoleLayer
 62
    16
100
AcDbModelerGeometry
 70
     1
  1
mnmoo nm m mi          
  1
ni ^ *+0;:,4 ^ *+0\^ [ mo ^ LR mmjqnqoqijjlj QK o  
  1
n fqfffffffffffffffjkh:roh nqooooooooooooooooli:rno 
  1
>,27:>;:- {rn rn _nl mmjqnqoqijjlj |
  1
=0;& {rn rn {rn {m {rn {rn |
  1
3*2/ {rn rn {rn {rn {l {n |
  1
,7:33 {rn rn {rn {rn {rn {k {rn {m |
  1
9><: {rn rn {rn {rn {j {l {rn {i 90-(>-; ;0*=3: 0*+ |
  1
300/ {rn rn {rn {rn {h {k |
  1
/3>1:r,*-9><: {rn rn {rn lnqminfkomhooooooom fqiolokfnnfffffffiin o o o n n o o 90-(>-;@) V V V V |
  1
<0:;8: {rn rn {rn {h {h {rn {g 90-(>-; {j {rn |
  1
:;8: {rn rn {rn {f o {f iqmglngjlohnhfjgimlm {h {no 90-(>-; _h *1410(1 |
  1
):-+:' {rn rn {rn {g m {nn |
  1
:336/,:r<*-): {rn rn {rn lnqllifkonmoooooonmf fqiolokfnnfffffffiin o o o n oqnkffffifffffffffgjg o o n V V |
  1
/061+ {rn rn {rn lnqkgiflfgnffffffffn fqiolokfnnfffffffiin o |
  0
HATCH
  5
192
330
1F
100
AcDbEntity
  8
ViaHoleLayer
 62
    16
100
AcDbHatch
 10
0.0
 20
0.0
 30
0.0
210
0.0
220
0.0
230
1.0
  2
SOLID
 70
     1
 71
     1
 91
        1
 92
        1
 93
        1
 72
     2
 10
31.33694012
 20
9.603049119999999
 40
0.1499997
 50
0.0
 51
360.0
 73
     1
 97
        1
330
191
 75
     0
 76
     1
 98
        0
450
        0
451
        0
460
0.0
461
0.0
452
        0
462
0.0
453
        0
470

  0
REGION
  5
194
102
{ACAD_REACTORS
330
195
102
}
330
1F
100
AcDbEntity
  8
ViaHoleLayer
 62
    16
100
AcDbModelerGeometry
 70
     1
  1
mnmoo nm m mi          
  1
ni ^ *+0;:,4 ^ *+0\^ [ mo ^ LR mmjqnqoqijjlj QK o  
  1
n fqfffffffffffffffjkh:roh nqooooooooooooooooli:rno 
  1
>,27:>;:- {rn rn _nl mmjqnqoqijjlj |
  1
=0;& {rn rn {rn {m {rn {rn |
  1
3*2/ {rn rn {rn {rn {l {n |
  1
,7:33 {rn rn {rn {rn {rn {k {rn {m |
  1
9><: {rn rn {rn {rn {j {l {rn {i 90-(>-; ;0*=3: 0*+ |
  1
300/ {rn rn {rn {rn {h {k |
  1
/3>1:r,*-9><: {rn rn {rn lnqminfkomhooooooom gqgoinonmjffffffglhi o o o n n o o 90-(>-;@) V V V V |
  1
<0:;8: {rn rn {rn {h {h {rn {g 90-(>-; {j {rn |
  1
:;8: {rn rn {rn {f o {f iqmglngjlohnhfjgimlm {h {no 90-(>-; _h *1410(1 |
  1
):-+:' {rn rn {rn {g m {nn |
  1
:336/,:r<*-): {rn rn {rn lnqllifkonmoooooonmf gqgoinonmjffffffglhi o o o n oqnkffffifffffffffgjg o o n V V |
  1
/061+ {rn rn {rn lnqkgiflfgnffffffffn gqgoinonmjffffffglhi o |
  0
HATCH
  5
195
330
1F
100
AcDbEntity
  8
ViaHoleLayer
 62
    16
100
AcDbHatch
 10
0.0
 20
0.0
 30
0.0
210
0.0
220
0.0
230
1.0
  2
SOLID
 70
     1
 71
     1
 91
        1
 92
        1
 93
        1
 72
     2
 10
31.33694012
 20
8.806101259999998
 40
0.1499997
 50
0.0
 51
360.0
 73
     1
 97
        1
330
194
 75
     0
 76
     1
 98
        0
450
        0
451
        0
460
0.0
461
0.0
452
        0
462
0.0
453
        0
470

  0
REGION
  5
1A9
102
{ACAD_REACTORS
330
1AA
102
}
330
1F
100
AcDbEntity
  8
ViaHoleLayer
 62
    16
100
AcDbModelerGeometry
 70
     1
  1
mnmoo nm m mi          
  1
ni ^ *+0;:,4 ^ *+0\^ [ mo ^ LR mmjqnqoqijjlj QK o  
  1
n fqfffffffffffffffjkh:roh nqooooooooooooooooli:rno 
  1
>,27:>;:- {rn rn _nl mmjqnqoqijjlj |
  1
=0;& {rn rn {rn {m {rn {rn |
  1
3*2/ {rn rn {rn {rn {l {n |
  1
,7:33 {rn rn {rn {rn {rn {k {rn {m |
  1
9><: {rn rn {rn {rn {j {l {rn {i 90-(>-; ;0*=3: 0*+ |
  1
300/ {rn rn {rn {rn {h {k |
  1
/3>1:r,*-9><: {rn rn {rn nmqoiiknljnooooooomf lqknoffikhfffffffiik o o o n n o o 90-(>-;@) V V V V |
  1
<0:;8: {rn rn {rn {h {h {rn {g 90-(>-; {j {rn |
  1
:;8: {rn rn {rn {f o {f iqmglngjlohnhfjgimlm {h {no 90-(>-; _h *1410(1 |
  1
):-+:' {rn rn {rn {g m {nn |
  1
:336/,:r<*-): {rn rn {rn nmqnknknlljfffffffi lqknoffikhfffffffiik o o o n oqnkffffifffffffffgjg o o n V V |
  1
/061+ {rn rn {rn nmqmfnknloi lqknoffikhfffffffiik o |
  0
HATCH
  5
1AA
330
1F
100
AcDbEntity
  8
ViaHoleLayer
 62
    16
100
AcDbHatch
 10
0.0
 20
0.0
 30
0.0
210
0.0
220
0.0
230
1.0
  2
SOLID
 70
     1
 71
     1
 91
        1
 92
        1
 93
        1
 72
     2
 10
12.14141336
 20
3.41099648
 40
0.1499997
 50
0.0
 51
360.0
 73
     1
 97
        1
330
1A9
 75
     0
 76
     1
 98
        0
450
        0
451
        0
460
0.0
461
0.0
452
        0
462
0.0
453
        0
470

  0
REGION
  5
1AC
102
{ACAD_REACTORS
330
1AD
102
}
330
1F
100
AcDbEntity
  8
ViaHoleLayer
 62
    16
100
AcDbModelerGeometry
 70
     1
  1
mnmoo nm m mi          
  1
ni ^ *+0;:,4 ^ *+0\^ [ mo ^ LR mmjqnqoqijjlj QK o  
  1
n fqfffffffffffffffjkh:roh nqooooooooooooooooli:rno 
  1
>,27:>;:- {rn rn _nl mmjqnqoqijjlj |
  1
=0;& {rn rn {rn {m {rn {rn |
  1
3*2/ {rn rn {rn {rn {l {n |
  1
,7:33 {rn rn {rn {rn {rn {k {rn {m |
  1
9><: {rn rn {rn {rn {j {l {rn {i 90-(>-; ;0*=3: 0*+ |
  1
300/ {rn rn {rn {rn {h {k |
  1
/3>1:r,*-9><: {rn rn {rn noqgniklggiffffffgfl lqknoffikhfffffffiik o o o n n o o 90-(>-;@) V V V V |
  1
<0:;8: {rn rn {rn {h {h {rn {g 90-(>-; {j {rn |
  1
:;8: {rn rn {rn {f o {f iqmglngjlohnhfjgimlm {h {no 90-(>-; _h *1410(1 |
  1
):-+:' {rn rn {rn {g m {nn |
  1
:336/,:r<*-): {rn rn {rn noqgfnklghnffffffgmk lqknoffikhfffffffiik o o o n oqnkffffifffffffffgjg o o n V V |
  1
/061+ {rn rn {rn nnqoknklgknffffffgik lqknoffikhfffffffiik o |
  0
HATCH
  5
1AD
330
1F
100
AcDbEntity
  8
ViaHoleLayer
 62
    16
100
AcDbHatch
 10
0.0
 20
0.0
 30
0.0
210
0.0
220
0.0
230
1.0
  2
SOLID
 70
     1
 71
     1
 91
        1
 92
        1
 93
        1
 72
     2
 10
10.89143872
 20
3.41099648
 40
0.1499997
 50
0.0
 51
360.0
 73
     1
 97
        1
330
1AC
 75
     0
 76
     1
 98
        0
450
        0
451
        0
460
0.0
461
0.0
452
        0
462
0.0
453
        0
470

  0
REGION
  5
1AF
102
{ACAD_REACTORS
330
1B0
102
}
330
1F
100
AcDbEntity
  8
ViaHoleLayer
 62
    16
100
AcDbModelerGeometry
 70
     1
  1
mnmoo nm m mi          
  1
ni ^ *+0;:,4 ^ *+0\^ [ mo ^ LR mmjqnqoqijjlj QK o  
  1
n fqfffffffffffffffjkh:roh nqooooooooooooooooli:rno 
  1
>,27:>;:- {rn rn _nl mmjqnqoqijjlj |
  1
=0;& {rn rn {rn {m {rn {rn |
  1
3*2/ {rn rn {rn {rn {l {n |
  1
,7:33 {rn rn {rn {rn {rn {k {rn {m |
  1
9><: {rn rn {rn {rn {j {l {rn {i 90-(>-; ;0*=3: 0*+ |
  1
300/ {rn rn {rn {rn {h {k |
  1
/3>1:r,*-9><: {rn rn {rn mmqlniklghmffffffg iqgffffiljffffffflgj o o o n n o o 90-(>-;@) V V V V |
  1
<0:;8: {rn rn {rn {h {h {rn {g 90-(>-; {j {rn |
  1
:;8: {rn rn {rn {f o {f iqmglngjlohnhfjgimlm {h {no 90-(>-; _h *1410(1 |
  1
):-+:' {rn rn {rn {g m {nn |
  1
:336/,:r<*-): {rn rn {rn mmqlfnklgjhfffffffof iqgffffiljffffffflgj o o o n oqnkffffifffffffffgjg o o n V V |
  1
/061+ {rn rn {rn mmqjknklgmhffffffhhm iqgffffiljffffffflgj o |
  0
HATCH
  5
1B0
330
1F
100
AcDbEntity
  8
ViaHoleLayer
 62
    16
100
AcDbHatch
 10
0.0
 20
0.0
 30
0.0
210
0.0
220
0.0
230
1.0
  2
SOLID
 70
     1
 71
     1
 91
        1
 92
        1
 93
        1
 72
     2
 10
22.39143858
 20
6.899996359999998
 40
0.1499997
 50
0.0
 51
360.0
 73
     1
 97
        1
330
1AF
 75
     0
 76
     1
 98
        0
450
        0
451
        0
460
0.0
461
0.0
452
        0
462
0.0
453
        0
470

  0
REGION
  5
1B2
102
{ACAD_REACTORS
330
1B3
102
}
330
1F
100
AcDbEntity
  8
ViaHoleLayer
 62
    16
100
AcDbModelerGeometry
 70
     1
  1
mnmoo nm m mi          
  1
ni ^ *+0;:,4 ^ *+0\^ [ mo ^ LR mmjqnqoqijjlj QK o  
  1
n fqfffffffffffffffjkh:roh nqooooooooooooooooli:rno 
  1
>,27:>;:- {rn rn _nl mmjqnqoqijjlj |
  1
=0;& {rn rn {rn {m {rn {rn |
  1
3*2/ {rn rn {rn {rn {l {n |
  1
,7:33 {rn rn {rn {rn {rn {k {rn {m |
  1
9><: {rn rn {rn {rn {j {l {rn {i 90-(>-; ;0*=3: 0*+ |
  1
300/ {rn rn {rn {rn {h {k |
  1
/3>1:r,*-9><: {rn rn {rn mlqoniklhlmffffffjnk iqgffffiljffffffflgj o o o n n o o 90-(>-;@) V V V V |
  1
<0:;8: {rn rn {rn {h {h {rn {g 90-(>-; {j {rn |
  1
:;8: {rn rn {rn {f o {f iqmglngjlohnhfjgimlm {h {no 90-(>-; _h *1410(1 |
  1
):-+:' {rn rn {rn {g m {nn |
  1
:336/,:r<*-): {rn rn {rn mlqofnklhnhffffffiml iqgffffiljffffffflgj o o o n oqnkffffifffffffffgjg o o n V V |
  1
/061+ {rn rn {rn mlqmknklighffffffkgi iqgffffiljffffffflgj o |
  0
HATCH
  5
1B3
330
1F
100
AcDbEntity
  8
ViaHoleLayer
 62
    16
100
AcDbHatch
 10
0.0
 20
0.0
 30
0.0
210
0.0
220
0.0
230
1.0
  2
SOLID
 70
     1
 71
     1
 91
        1
 92
        1
 93
        1
 72
     2
 10
23.09143718
 20
6.899996359999998
 40
0.1499997
 50
0.0
 51
360.0
 73
     1
 97
        1
330
1B2
 75
     0
 76
     1
 98
        0
450
        0
451
        0
460
0.0
461
0.0
452
        0
462
0.0
453
        0
470

  0
REGION
  5
1B5
102
{ACAD_REACTORS
330
1B6
102
}
330
1F
100
AcDbEntity
  8
ViaHoleLayer
 62
    16
100
AcDbModelerGeometry
 70
     1
  1
mnmoo nm m mi          
  1
ni ^ *+0;:,4 ^ *+0\^ [ mo ^ LR mmjqnqoqijjlj QK o  
  1
n fqfffffffffffffffjkh:roh nqooooooooooooooooli:rno 
  1
>,27:>;:- {rn rn _nl mmjqnqoqijjlj |
  1
=0;& {rn rn {rn {m {rn {rn |
  1
3*2/ {rn rn {rn {rn {l {n |
  1
,7:33 {rn rn {rn {rn {rn {k {rn {m |
  1
9><: {rn rn {rn {rn {j {l {rn {i 90-(>-; ;0*=3: 0*+ |
  1
300/ {rn rn {rn {rn {h {k |
  1
/3>1:r,*-9><: {rn rn {rn mlqhnikljfmffffffjgk iqgffffiljffffffflgj o o o n n o o 90-(>-;@) V V V V |
  1
<0:;8: {rn rn {rn {h {h {rn {g 90-(>-; {j {rn |
  1
:;8: {rn rn {rn {f o {f iqmglngjlohnhfjgimlm {h {no 90-(>-; _h *1410(1 |
  1
):-+:' {rn rn {rn {g m {nn |
  1
:336/,:r<*-): {rn rn {rn mlqhfnkljhhffffffifm iqgffffiljffffffflgj o o o n oqnkffffifffffffffgjg o o n V V |
  1
/061+ {rn rn {rn mlqfknkljkhffffffjjj iqgffffiljffffffflgj o |
  0
HATCH
  5
1B6
330
1F
100
AcDbEntity
  8
ViaHoleLayer
 62
    16
100
AcDbHatch
 10
0.0
 20
0.0
 30
0.0
210
0.0
220
0.0
230
1.0
  2
SOLID
 70
     1
 71
     1
 91
        1
 92
        1
 93
        1
 72
     2
 10
23.79143578
 20
6.899996359999998
 40
0.1499997
 50
0.0
 51
360.0
 73
     1
 97
        1
330
1B5
 75
     0
 76
     1
 98
        0
450
        0
451
        0
460
0.0
461
0.0
452
        0
462
0.0
453
        0
470

  0
REGION
  5
1B8
102
{ACAD_REACTORS
330
1B9
102
}
330
1F
100
AcDbEntity
  8
ViaHoleLayer
 62
    16
100
AcDbModelerGeometry
 70
     1
  1
mnmoo nm m mi          
  1
ni ^ *+0;:,4 ^ *+0\^ [ mo ^ LR mmjqnqoqijjlj QK o  
  1
n fqfffffffffffffffjkh:roh nqooooooooooooooooli:rno 
  1
>,27:>;:- {rn rn _nl mmjqnqoqijjlj |
  1
=0;& {rn rn {rn {m {rn {rn |
  1
3*2/ {rn rn {rn {rn {l {n |
  1
,7:33 {rn rn {rn {rn {rn {k {rn {m |
  1
9><: {rn rn {rn {rn {j {l {rn {i 90-(>-; ;0*=3: 0*+ |
  1
300/ {rn rn {rn {rn {h {k |
  1
/3>1:r,*-9><: {rn rn {rn mqhlfklifgfffffffhlf nqglhinillfffffffgkg o o o n n o o 90-(>-;@) V V V V |
  1
<0:;8: {rn rn {rn {h {h {rn {g 90-(>-; {j {rn |
  1
:;8: {rn rn {rn {f o {f iqmglngjlohnhfjgimlm {h {no 90-(>-; _h *1410(1 |
  1
):-+:' {rn rn {rn {g m {nn |
  1
:336/,:r<*-): {rn rn {rn mqgnkkliglffffffffk nqglhinillfffffffgkg o o o n oqnkffffifffffffffgjg o o n V V |
  1
/061+ {rn rn {rn mqfikklijlfffffffgfg nqglhinillfffffffgkg o |
  0
HATCH
  5
1B9
330
1F
100
AcDbEntity
  8
ViaHoleLayer
 62
    16
100
AcDbHatch
 10
0.0
 20
0.0
 30
0.0
210
0.0
220
0.0
230
1.0
  2
SOLID
 70
     1
 71
     1
 91
        1
 92
        1
 93
        1
 72
     2
 10
2.814436839999999
 20
1.83761634
 40
0.1499997
 50
0.0
 51
360.0
 73
     1
 97
        1
330
1B8
 75
     0
 76
     1
 98
        0
450
        0
451
        0
460
0.0
461
0.0
452
        0
462
0.0
453
        0
470

  0
REGION
  5
1BB
102
{ACAD_REACTORS
330
1BC
102
}
330
1F
100
AcDbEntity
  8
ViaHoleLayer
 62
    16
100
AcDbModelerGeometry
 70
     1
  1
mnmoo nm m mi          
  1
ni ^ *+0;:,4 ^ *+0\^ [ mo ^ LR mmjqnqoqijjlj QK o  
  1
n fqfffffffffffffffjkh:roh nqooooooooooooooooli:rno 
  1
>,27:>;:- {rn rn _nl mmjqnqoqijjlj |
  1
=0;& {rn rn {rn {m {rn {rn |
  1
3*2/ {rn rn {rn {rn {l {n |
  1
,7:33 {rn rn {rn {rn {rn {k {rn {m |
  1
9><: {rn rn {rn {rn {j {l {rn {i 90-(>-; ;0*=3: 0*+ |
  1
300/ {rn rn {rn {rn {h {k |
  1
/3>1:r,*-9><: {rn rn {rn mqhlfklifgfffffffhlf nqmnjmgohhfffffffglg o o o n n o o 90-(>-;@) V V V V |
  1
<0:;8: {rn rn {rn {h {h {rn {g 90-(>-; {j {rn |
  1
:;8: {rn rn {rn {f o {f iqmglngjlohnhfjgimlm {h {no 90-(>-; _h *1410(1 |
  1
):-+:' {rn rn {rn {g m {nn |
  1
:336/,:r<*-): {rn rn {rn mqgnkkliglffffffffk nqmnjmgohhfffffffglg o o o n oqnkffffifffffffffgjg o o n V V |
  1
/061+ {rn rn {rn mqfikklijlfffffffgfg nqmnjmgohhfffffffglg o |
  0
HATCH
  5
1BC
330
1F
100
AcDbEntity
  8
ViaHoleLayer
 62
    16
100
AcDbHatch
 10
0.0
 20
0.0
 30
0.0
210
0.0
220
0.0
230
1.0
  2
SOLID
 70
     1
 71
     1
 91
        1
 92
        1
 93
        1
 72
     2
 10
2.814436839999999
 20
1.21528078
 40
0.1499997
 50
0.0
 51
360.0
 73
     1
 97
        1
330
1BB
 75
     0
 76
     1
 98
        0
450
        0
451
        0
460
0.0
461
0.0
452
        0
462
0.0
453
        0
470

  0
REGION
  5
1BE
102
{ACAD_REACTORS
330
1BF
102
}
330
1F
100
AcDbEntity
  8
ViaHoleLayer
 62
    16
100
AcDbModelerGeometry
 70
     1
  1
mnmoo nm m mi          
  1
ni ^ *+0;:,4 ^ *+0\^ [ mo ^ LR mmjqnqoqijjlj QK o  
  1
n fqfffffffffffffffjkh:roh nqooooooooooooooooli:rno 
  1
>,27:>;:- {rn rn _nl mmjqnqoqijjlj |
  1
=0;& {rn rn {rn {m {rn {rn |
  1
3*2/ {rn rn {rn {rn {l {n |
  1
,7:33 {rn rn {rn {rn {rn {k {rn {m |
  1
9><: {rn rn {rn {rn {j {l {rn {i 90-(>-; ;0*=3: 0*+ |
  1
300/ {rn rn {rn {rn {h {k |
  1
/3>1:r,*-9><: {rn rn {rn mqhlfklifgfffffffhlf oqjfmfkjmnfffffffflfi o o o n n o o 90-(>-;@) V V V V |
  1
<0:;8: {rn rn {rn {h {h {rn {g 90-(>-; {j {rn |
  1
:;8: {rn rn {rn {f o {f iqmglngjlohnhfjgimlm {h {no 90-(>-; _h *1410(1 |
  1
):-+:' {rn rn {rn {g m {nn |
  1
:336/,:r<*-): {rn rn {rn mqgnkkliglffffffffk oqjfmfkjmnfffffffflfi o o o n oqnkffffifffffffffgjg o o n V V |
  1
/061+ {rn rn {rn mqfikklijlfffffffgfg oqjfmfkjmnfffffffflfi o |
  0
HATCH
  5
1BF
330
1F
100
AcDbEntity
  8
ViaHoleLayer
 62
    16
100
AcDbHatch
 10
0.0
 20
0.0
 30
0.0
210
0.0
220
0.0
230
1.0
  2
SOLID
 70
     1
 71
     1
 91
        1
 92
        1
 93
        1
 72
     2
 10
2.814436839999999
 20
0.59294522
 40
0.1499997
 50
0.0
 51
360.0
 73
     1
 97
        1
330
1BE
 75
     0
 76
     1
 98
        0
450
        0
451
        0
460
0.0
461
0.0
452
        0
462
0.0
453
        0
470

  0
REGION
  5
1C1
102
{ACAD_REACTORS
330
1C2
102
}
330
1F
100
AcDbEntity
  8
ViaHoleLayer
 62
    16
100
AcDbModelerGeometry
 70
     1
  1
mnmoo nm m mi          
  1
ni ^ *+0;:,4 ^ *+0\^ [ mo ^ LR mmjqnqoqijjlj QK o  
  1
n fqfffffffffffffffjkh:roh nqooooooooooooooooli:rno 
  1
>,27:>;:- {rn rn _nl mmjqnqoqijjlj |
  1
=0;& {rn rn {rn {m {rn {rn |
  1
3*2/ {rn rn {rn {rn {l {n |
  1
,7:33 {rn rn {rn {rn {rn {k {rn {m |
  1
9><: {rn rn {rn {rn {j {l {rn {i 90-(>-; ;0*=3: 0*+ |
  1
300/ {rn rn {rn {rn {h {k |
  1
/3>1:r,*-9><: {rn rn {rn hqgjonhgioffffffginl lqkonokfgkooooooomnl o o o n n o o 90-(>-;@) V V V V |
  1
<0:;8: {rn rn {rn {h {h {rn {g 90-(>-; {j {rn |
  1
:;8: {rn rn {rn {f o {f iqmglngjlohnhfjgimlm {h {no 90-(>-; _h *1410(1 |
  1
):-+:' {rn rn {rn {g m {nn |
  1
:336/,:r<*-): {rn rn {rn hqfmjnhgkjffffffggnj lqkonokfgkooooooomnl o o o n oqnkffffifffffffffgjg o o n V V |
  1
/061+ {rn rn {rn gqohjnhgnjffffffglmf lqkonokfgkooooooomnl o |
  0
HATCH
  5
1C2
330
1F
100
AcDbEntity
  8
ViaHoleLayer
 62
    16
100
AcDbHatch
 10
0.0
 20
0.0
 30
0.0
210
0.0
220
0.0
230
1.0
  2
SOLID
 70
     1
 71
     1
 91
        1
 92
        1
 93
        1
 72
     2
 10
7.925178459999998
 20
3.40104984
 40
0.1499997
 50
0.0
 51
360.0
 73
     1
 97
        1
330
1C1
 75
     0
 76
     1
 98
        0
450
        0
451
        0
460
0.0
461
0.0
452
        0
462
0.0
453
        0
470

  0
REGION
  5
1C4
102
{ACAD_REACTORS
330
1C5
102
}
330
1F
100
AcDbEntity
  8
ViaHoleLayer
 62
    16
100
AcDbModelerGeometry
 70
     1
  1
mnmoo nm m mi          
  1
ni ^ *+0;:,4 ^ *+0\^ [ mo ^ LR mmjqnqoqijjlj QK o  
  1
n fqfffffffffffffffjkh:roh nqooooooooooooooooli:rno 
  1
>,27:>;:- {rn rn _nl mmjqnqoqijjlj |
  1
=0;& {rn rn {rn {m {rn {rn |
  1
3*2/ {rn rn {rn {rn {l {n |
  1
,7:33 {rn rn {rn {rn {rn {k {rn {m |
  1
9><: {rn rn {rn {rn {j {l {rn {i 90-(>-; ;0*=3: 0*+ |
  1
300/ {rn rn {rn {rn {h {k |
  1
/3>1:r,*-9><: {rn rn {rn mqhlfklifgfffffffhlf lqhokimlonfffffffiji o o o n n o o 90-(>-;@) V V V V |
  1
<0:;8: {rn rn {rn {h {h {rn {g 90-(>-; {j {rn |
  1
:;8: {rn rn {rn {f o {f iqmglngjlohnhfjgimlm {h {no 90-(>-; _h *1410(1 |
  1
):-+:' {rn rn {rn {g m {nn |
  1
:336/,:r<*-): {rn rn {rn mqgnkkliglffffffffk lqhokimlonfffffffiji o o o n oqnkffffifffffffffgjg o o n V V |
  1
/061+ {rn rn {rn mqfikklijlfffffffgfg lqhokimlonfffffffiji o |
  0
HATCH
  5
1C5
330
1F
100
AcDbEntity
  8
ViaHoleLayer
 62
    16
100
AcDbHatch
 10
0.0
 20
0.0
 30
0.0
210
0.0
220
0.0
230
1.0
  2
SOLID
 70
     1
 71
     1
 91
        1
 92
        1
 93
        1
 72
     2
 10
2.814436839999999
 20
3.70462302
 40
0.1499997
 50
0.0
 51
360.0
 73
     1
 97
        1
330
1C4
 75
     0
 76
     1
 98
        0
450
        0
451
        0
460
0.0
461
0.0
452
        0
462
0.0
453
        0
470

  0
REGION
  5
1C7
102
{ACAD_REACTORS
330
1C8
102
}
330
1F
100
AcDbEntity
  8
ViaHoleLayer
 62
    16
100
AcDbModelerGeometry
 70
     1
  1
mnmoo nm m mi          
  1
ni ^ *+0;:,4 ^ *+0\^ [ mo ^ LR mmjqnqoqijjlj QK o  
  1
n fqfffffffffffffffjkh:roh nqooooooooooooooooli:rno 
  1
>,27:>;:- {rn rn _nl mmjqnqoqijjlj |
  1
=0;& {rn rn {rn {m {rn {rn |
  1
3*2/ {rn rn {rn {rn {l {n |
  1
,7:33 {rn rn {rn {rn {rn {k {rn {m |
  1
9><: {rn rn {rn {rn {j {l {rn {i 90-(>-; ;0*=3: 0*+ |
  1
300/ {rn rn {rn {rn {h {k |
  1
/3>1:r,*-9><: {rn rn {rn kqliiklfohooooooom gqigllloljfffffffljf o o o n n o o 90-(>-;@) V V V V |
  1
<0:;8: {rn rn {rn {h {h {rn {g 90-(>-; {j {rn |
  1
:;8: {rn rn {rn {f o {f iqmglngjlohnhfjgimlm {h {no 90-(>-; _h *1410(1 |
  1
):-+:' {rn rn {rn {g m {nn |
  1
:336/,:r<*-): {rn rn {rn kqkknklgfmoooooookon gqigllloljfffffffljf o o o n oqnkffffifffffffffgjg o o n V V |
  1
/061+ {rn rn {rn kqjfnklgimooooooogol gqigllloljfffffffljf o |
  0
HATCH
  5
1C8
330
1F
100
AcDbEntity
  8
ViaHoleLayer
 62
    16
100
AcDbHatch
 10
0.0
 20
0.0
 30
0.0
210
0.0
220
0.0
230
1.0
  2
SOLID
 70
     1
 71
     1
 91
        1
 92
        1
 93
        1
 72
     2
 10
4.44143892
 20
8.683330359999999
 40
0.1499997
 50
0.0
 51
360.0
 73
     1
 97
        1
330
1C7
 75
     0
 76
     1
 98
        0
450
        0
451
        0
460
0.0
461
0.0
452
        0
462
0.0
453
        0
470

  0
REGION
  5
1CA
102
{ACAD_REACTORS
330
1CB
102
}
330
1F
100
AcDbEntity
  8
ViaHoleLayer
 62
    16
100
AcDbModelerGeometry
 70
     1
  1
mnmoo nm m mi          
  1
ni ^ *+0;:,4 ^ *+0\^ [ mo ^ LR mmjqnqoqijjlj QK o  
  1
n fqfffffffffffffffjkh:roh nqooooooooooooooooli:rno 
  1
>,27:>;:- {rn rn _nl mmjqnqoqijjlj |
  1
=0;& {rn rn {rn {m {rn {rn |
  1
3*2/ {rn rn {rn {rn {l {n |
  1
,7:33 {rn rn {rn {rn {rn {k {rn {m |
  1
9><: {rn rn {rn {rn {j {l {rn {i 90-(>-; ;0*=3: 0*+ |
  1
300/ {rn rn {rn {rn {h {k |
  1
/3>1:r,*-9><: {rn rn {rn kqlgfklghifffffffflk hqfkfffihffffffffnfh o o o n n o o 90-(>-;@) V V V V |
  1
<0:;8: {rn rn {rn {h {h {rn {g 90-(>-; {j {rn |
  1
:;8: {rn rn {rn {f o {f iqmglngjlohnhfjgimlm {h {no 90-(>-; _h *1410(1 |
  1
):-+:' {rn rn {rn {g m {nn |
  1
:336/,:r<*-): {rn rn {rn kqkikklgimooooooonlj hqfkfffihffffffffnfh o o o n oqnkffffifffffffffgjg o o n V V |
  1
/061+ {rn rn {rn kqinkklglmooooooojlh hqfkfffihffffffffnfh o |
  0
HATCH
  5
1CB
330
1F
100
AcDbEntity
  8
ViaHoleLayer
 62
    16
100
AcDbHatch
 10
0.0
 20
0.0
 30
0.0
210
0.0
220
0.0
230
1.0
  2
SOLID
 70
     1
 71
     1
 91
        1
 92
        1
 93
        1
 72
     2
 10
4.46443862
 20
7.949996799999999
 40
0.1499997
 50
0.0
 51
360.0
 73
     1
 97
        1
330
1CA
 75
     0
 76
     1
 98
        0
450
        0
451
        0
460
0.0
461
0.0
452
        0
462
0.0
453
        0
470

  0
REGION
  5
1CD
102
{ACAD_REACTORS
330
1CE
102
}
330
1F
100
AcDbEntity
  8
ViaHoleLayer
 62
    16
100
AcDbModelerGeometry
 70
     1
  1
mnmoo nm m mi          
  1
ni ^ *+0;:,4 ^ *+0\^ [ mo ^ LR mmjqnqoqijjlj QK o  
  1
n fqfffffffffffffffjkh:roh nqooooooooooooooooli:rno 
  1
>,27:>;:- {rn rn _nl mmjqnqoqijjlj |
  1
=0;& {rn rn {rn {m {rn {rn |
  1
3*2/ {rn rn {rn {rn {l {n |
  1
,7:33 {rn rn {rn {rn {rn {k {rn {m |
  1
9><: {rn rn {rn {rn {j {l {rn {i 90-(>-; ;0*=3: 0*+ |
  1
300/ {rn rn {rn {rn {h {k |
  1
/3>1:r,*-9><: {rn rn {rn jqoiiklhihoooooooook nnqgoiijijfffffffglf o o o n n o o 90-(>-;@) V V V V |
  1
<0:;8: {rn rn {rn {h {h {rn {g 90-(>-; {j {rn |
  1
:;8: {rn rn {rn {f o {f iqmglngjlohnhfjgimlm {h {no 90-(>-; _h *1410(1 |
  1
):-+:' {rn rn {rn {g m {nn |
  1
:336/,:r<*-): {rn rn {rn jqnknklhjmooooooomoj nnqgoiijijfffffffglf o o o n oqnkffffifffffffffgjg o o n V V |
  1
/061+ {rn rn {rn jqmfnklhmmoooooooioh nnqgoiijijfffffffglf o |
  0
HATCH
  5
1CE
330
1F
100
AcDbEntity
  8
ViaHoleLayer
 62
    16
100
AcDbHatch
 10
0.0
 20
0.0
 30
0.0
210
0.0
220
0.0
230
1.0
  2
SOLID
 70
     1
 71
     1
 91
        1
 92
        1
 93
        1
 72
     2
 10
5.14143752
 20
11.8066566
 40
0.1499997
 50
0.0
 51
360.0
 73
     1
 97
        1
330
1CD
 75
     0
 76
     1
 98
        0
450
        0
451
        0
460
0.0
461
0.0
452
        0
462
0.0
453
        0
470

  0
REGION
  5
1D0
102
{ACAD_REACTORS
330
1D1
102
}
330
1F
100
AcDbEntity
  8
ViaHoleLayer
 62
    16
100
AcDbModelerGeometry
 70
     1
  1
mnmoo nm m mi          
  1
ni ^ *+0;:,4 ^ *+0\^ [ mo ^ LR mmjqnqoqijjlj QK o  
  1
n fqfffffffffffffffjkh:roh nqooooooooooooooooli:rno 
  1
>,27:>;:- {rn rn _nl mmjqnqoqijjlj |
  1
=0;& {rn rn {rn {m {rn {rn |
  1
3*2/ {rn rn {rn {rn {l {n |
  1
,7:33 {rn rn {rn {rn {rn {k {rn {m |
  1
9><: {rn rn {rn {rn {j {l {rn {i 90-(>-; ;0*=3: 0*+ |
  1
300/ {rn rn {rn {rn {h {k |
  1
/3>1:r,*-9><: {rn rn {rn mgqglfklgnmffffffhhg nnqfioffhnjffffffgom o o o n n o o 90-(>-;@) V V V V |
  1
<0:;8: {rn rn {rn {h {h {rn {g 90-(>-; {j {rn |
  1
:;8: {rn rn {rn {f o {f iqmglngjlohnhfjgimlm {h {no 90-(>-; _h *1410(1 |
  1
):-+:' {rn rn {rn {g m {nn |
  1
:336/,:r<*-): {rn rn {rn mgqfnkklhfhffffffggh nnqfioffhnjffffffgom o o o n oqnkffffifffffffffgjg o o n V V |
  1
/061+ {rn rn {rn mfqoikklhihffffffhj nnqfioffhnjffffffgom o |
  0
HATCH
  5
1D1
330
1F
100
AcDbEntity
  8
ViaHoleLayer
 62
    16
100
AcDbHatch
 10
0.0
 20
0.0
 30
0.0
210
0.0
220
0.0
230
1.0
  2
SOLID
 70
     1
 71
     1
 91
        1
 92
        1
 93
        1
 72
     2
 10
28.91443798
 20
11.96099716
 40
0.1499997
 50
0.0
 51
360.0
 73
     1
 97
        1
330
1D0
 75
     0
 76
     1
 98
        0
450
        0
451
        0
460
0.0
461
0.0
452
        0
462
0.0
453
        0
470

  0
REGION
  5
1D3
102
{ACAD_REACTORS
330
1D4
102
}
330
1F
100
AcDbEntity
  8
ViaHoleLayer
 62
    16
100
AcDbModelerGeometry
 70
     1
  1
mnmoo nm m mi          
  1
ni ^ *+0;:,4 ^ *+0\^ [ mo ^ LR mmjqnqoqijjlj QK o  
  1
n fqfffffffffffffffjkh:roh nqooooooooooooooooli:rno 
  1
>,27:>;:- {rn rn _nl mmjqnqoqijjlj |
  1
=0;& {rn rn {rn {m {rn {rn |
  1
3*2/ {rn rn {rn {rn {l {n |
  1
,7:33 {rn rn {rn {rn {rn {k {rn {m |
  1
9><: {rn rn {rn {rn {j {l {rn {i 90-(>-; ;0*=3: 0*+ |
  1
300/ {rn rn {rn {rn {h {k |
  1
/3>1:r,*-9><: {rn rn {rn lnqminfljngffffffjjk nnqfioffhnjffffffgom o o o n n o o 90-(>-;@) V V V V |
  1
<0:;8: {rn rn {rn {h {h {rn {g 90-(>-; {j {rn |
  1
:;8: {rn rn {rn {f o {f iqmglngjlohnhfjgimlm {h {no 90-(>-; _h *1410(1 |
  1
):-+:' {rn rn {rn {g m {nn |
  1
:336/,:r<*-): {rn rn {rn lnqllifljolffffffiil nnqfioffhnjffffffgom o o o n oqnkffffifffffffffgjg o o n V V |
  1
/061+ {rn rn {rn lnqkgiflkhlffffffjmi nnqfioffhnjffffffgom o |
  0
HATCH
  5
1D4
330
1F
100
AcDbEntity
  8
ViaHoleLayer
 62
    16
100
AcDbHatch
 10
0.0
 20
0.0
 30
0.0
210
0.0
220
0.0
230
1.0
  2
SOLID
 70
     1
 71
     1
 91
        1
 92
        1
 93
        1
 72
     2
 10
31.33693504
 20
11.96099716
 40
0.1499997
 50
0.0
 51
360.0
 73
     1
 97
        1
330
1D3
 75
     0
 76
     1
 98
        0
450
        0
451
        0
460
0.0
461
0.0
452
        0
462
0.0
453
        0
470

  0
REGION
  5
1D9
102
{ACAD_REACTORS
330
1DA
102
}
330
1F
100
AcDbEntity
  8
ViaHoleLayer
 62
    16
100
AcDbModelerGeometry
 70
     1
  1
mnmoo nm m mi          
  1
ni ^ *+0;:,4 ^ *+0\^ [ mo ^ LR mmjqnqoqijjlj QK o  
  1
n fqfffffffffffffffjkh:roh nqooooooooooooooooli:rno 
  1
>,27:>;:- {rn rn _nl mmjqnqoqijjlj |
  1
=0;& {rn rn {rn {m {rn {rn |
  1
3*2/ {rn rn {rn {rn {l {n |
  1
,7:33 {rn rn {rn {rn {rn {k {rn {m |
  1
9><: {rn rn {rn {rn {j {l {rn {i 90-(>-; ;0*=3: 0*+ |
  1
300/ {rn rn {rn {rn {h {k |
  1
/3>1:r,*-9><: {rn rn {rn mlqnlfklfliffffffgoi fqjfkmommffffffffngk o o o n n o o 90-(>-;@) V V V V |
  1
<0:;8: {rn rn {rn {h {h {rn {g 90-(>-; {j {rn |
  1
:;8: {rn rn {rn {f o {f iqmglngjlohnhfjgimlm {h {no 90-(>-; _h *1410(1 |
  1
):-+:' {rn rn {rn {g m {nn |
  1
:336/,:r<*-): {rn rn {rn mlqmnkklfmnfffffffnj fqjfkmommffffffffngk o o o n oqnkffffifffffffffgjg o o n V V |
  1
/061+ {rn rn {rn mlqlikklgfnffffffhhg fqjfkmommffffffffngk o |
  0
HATCH
  5
1DA
330
1F
100
AcDbEntity
  8
ViaHoleLayer
 62
    16
100
AcDbHatch
 10
0.0
 20
0.0
 30
0.0
210
0.0
220
0.0
230
1.0
  2
SOLID
 70
     1
 71
     1
 91
        1
 92
        1
 93
        1
 72
     2
 10
23.21443922
 20
9.5942023
 40
0.1499997
 50
0.0
 51
360.0
 73
     1
 97
        1
330
1D9
 75
     0
 76
     1
 98
        0
450
        0
451
        0
460
0.0
461
0.0
452
        0
462
0.0
453
        0
470

  0
REGION
  5
1DC
102
{ACAD_REACTORS
330
1DD
102
}
330
1F
100
AcDbEntity
  8
ViaHoleLayer
 62
    16
100
AcDbModelerGeometry
 70
     1
  1
mnmoo nm m mi          
  1
ni ^ *+0;:,4 ^ *+0\^ [ mo ^ LR mmjqnqoqijjlj QK o  
  1
n fqfffffffffffffffjkh:roh nqooooooooooooooooli:rno 
  1
>,27:>;:- {rn rn _nl mmjqnqoqijjlj |
  1
=0;& {rn rn {rn {m {rn {rn |
  1
3*2/ {rn rn {rn {rn {l {n |
  1
,7:33 {rn rn {rn {rn {rn {k {rn {m |
  1
9><: {rn rn {rn {rn {j {l {rn {i 90-(>-; ;0*=3: 0*+ |
  1
300/ {rn rn {rn {rn {h {k |
  1
/3>1:r,*-9><: {rn rn {rn noqohfljggnoooooookj lqknoffikhfffffffiik o o o n n o o 90-(>-;@) V V V V |
  1
<0:;8: {rn rn {rn {h {h {rn {g 90-(>-; {j {rn |
  1
:;8: {rn rn {rn {f o {f iqmglngjlohnhfjgimlm {h {no 90-(>-; _h *1410(1 |
  1
):-+:' {rn rn {rn {g m {nn |
  1
:336/,:r<*-): {rn rn {rn noqnjkljgijfffffffhi lqknoffikhfffffffiik o o o n oqnkffffifffffffffgjg o o n V V |
  1
/061+ {rn rn {rn noqlokljglioooooooni lqknoffikhfffffffiik o |
  0
HATCH
  5
1DD
330
1F
100
AcDbEntity
  8
ViaHoleLayer
 62
    16
100
AcDbHatch
 10
0.0
 20
0.0
 30
0.0
210
0.0
220
0.0
230
1.0
  2
SOLID
 70
     1
 71
     1
 91
        1
 92
        1
 93
        1
 72
     2
 10
10.15435866
 20
3.41099648
 40
0.1499997
 50
0.0
 51
360.0
 73
     1
 97
        1
330
1DC
 75
     0
 76
     1
 98
        0
450
        0
451
        0
460
0.0
461
0.0
452
        0
462
0.0
453
        0
470

  0
REGION
  5
1DF
102
{ACAD_REACTORS
330
1E0
102
}
330
1F
100
AcDbEntity
  8
ViaHoleLayer
 62
    16
100
AcDbModelerGeometry
 70
     1
  1
mnmoo nm m mi          
  1
ni ^ *+0;:,4 ^ *+0\^ [ mo ^ LR mmjqnqoqijjlj QK o  
  1
n fqfffffffffffffffjkh:roh nqooooooooooooooooli:rno 
  1
>,27:>;:- {rn rn _nl mmjqnqoqijjlj |
  1
=0;& {rn rn {rn {m {rn {rn |
  1
3*2/ {rn rn {rn {rn {l {n |
  1
,7:33 {rn rn {rn {rn {rn {k {rn {m |
  1
9><: {rn rn {rn {rn {j {l {rn {i 90-(>-; ;0*=3: 0*+ |
  1
300/ {rn rn {rn {rn {h {k |
  1
/3>1:r,*-9><: {rn rn {rn iqoikkifhofffffffnmj jqlgifffilfffffffof o o o n n o o 90-(>-;@) V V V V |
  1
<0:;8: {rn rn {rn {h {h {rn {g 90-(>-; {j {rn |
  1
:;8: {rn rn {rn {f o {f iqmglngjlohnhfjgimlm {h {no 90-(>-; _h *1410(1 |
  1
):-+:' {rn rn {rn {g m {nn |
  1
:336/,:r<*-): {rn rn {rn iqnlfkifjjffffffflmi jqlgifffilfffffffof o o o n oqnkffffifffffffffgjg o o n V V |
  1
/061+ {rn rn {rn iqmgfkifmjfffffffhmg jqlgifffilfffffffof o |
  0
HATCH
  5
1E0
330
1F
100
AcDbEntity
  8
ViaHoleLayer
 62
    16
100
AcDbHatch
 10
0.0
 20
0.0
 30
0.0
210
0.0
220
0.0
230
1.0
  2
SOLID
 70
     1
 71
     1
 91
        1
 92
        1
 93
        1
 72
     2
 10
6.139469559999998
 20
5.386999639999999
 40
0.1499997
 50
0.0
 51
360.0
 73
     1
 97
        1
330
1DF
 75
     0
 76
     1
 98
        0
450
        0
451
        0
460
0.0
461
0.0
452
        0
462
0.0
453
        0
470

  0
REGION
  5
1E2
102
{ACAD_REACTORS
330
1E3
102
}
330
1F
100
AcDbEntity
  8
ViaHoleLayer
 62
    16
100
AcDbModelerGeometry
 70
     1
  1
mnmoo nm m mi          
  1
ni ^ *+0;:,4 ^ *+0\^ [ mo ^ LR mmjqnqoqijjlj QK o  
  1
n fqfffffffffffffffjkh:roh nqooooooooooooooooli:rno 
  1
>,27:>;:- {rn rn _nl mmjqnqoqijjlj |
  1
=0;& {rn rn {rn {m {rn {rn |
  1
3*2/ {rn rn {rn {rn {l {n |
  1
,7:33 {rn rn {rn {rn {rn {k {rn {m |
  1
9><: {rn rn {rn {rn {j {l {rn {i 90-(>-; ;0*=3: 0*+ |
  1
300/ {rn rn {rn {rn {h {k |
  1
/3>1:r,*-9><: {rn rn {rn iqoikkifhofffffffnmj kqhnogogkjfffffffogh o o o n n o o 90-(>-;@) V V V V |
  1
<0:;8: {rn rn {rn {h {h {rn {g 90-(>-; {j {rn |
  1
:;8: {rn rn {rn {f o {f iqmglngjlohnhfjgimlm {h {no 90-(>-; _h *1410(1 |
  1
):-+:' {rn rn {rn {g m {nn |
  1
:336/,:r<*-): {rn rn {rn iqnlfkifjjffffffflmi kqhnogogkjfffffffogh o o o n oqnkffffifffffffffgjg o o n V V |
  1
/061+ {rn rn {rn iqmgfkifmjfffffffhmg kqhnogogkjfffffffogh o |
  0
HATCH
  5
1E3
330
1F
100
AcDbEntity
  8
ViaHoleLayer
 62
    16
100
AcDbHatch
 10
0.0
 20
0.0
 30
0.0
210
0.0
220
0.0
230
1.0
  2
SOLID
 70
     1
 71
     1
 91
        1
 92
        1
 93
        1
 72
     2
 10
6.139469559999998
 20
4.710808459999999
 40
0.1499997
 50
0.0
 51
360.0
 73
     1
 97
        1
330
1E2
 75
     0
 76
     1
 98
        0
450
        0
451
        0
460
0.0
461
0.0
452
        0
462
0.0
453
        0
470

  0
REGION
  5
1E5
102
{ACAD_REACTORS
330
1E6
102
}
330
1F
100
AcDbEntity
  8
ViaHoleLayer
 62
    16
100
AcDbModelerGeometry
 70
     1
  1
mnmoo nm m mi          
  1
ni ^ *+0;:,4 ^ *+0\^ [ mo ^ LR mmjqnqoqijjlj QK o  
  1
n fqfffffffffffffffjkh:roh nqooooooooooooooooli:rno 
  1
>,27:>;:- {rn rn _nl mmjqnqoqijjlj |
  1
=0;& {rn rn {rn {m {rn {rn |
  1
3*2/ {rn rn {rn {rn {l {n |
  1
,7:33 {rn rn {rn {rn {rn {k {rn {m |
  1
9><: {rn rn {rn {rn {j {l {rn {i 90-(>-; ;0*=3: 0*+ |
  1
300/ {rn rn {rn {rn {h {k |
  1
/3>1:r,*-9><: {rn rn {rn jqkfloffmkffffffflml lqfioffhfnfffffffinh o o o n n o o 90-(>-;@) V V V V |
  1
<0:;8: {rn rn {rn {h {h {rn {g 90-(>-; {j {rn |
  1
:;8: {rn rn {rn {f o {f iqmglngjlohnhfjgimlm {h {no 90-(>-; _h *1410(1 |
  1
):-+:' {rn rn {rn {g m {nn |
  1
:336/,:r<*-): {rn rn {rn jqjigoffoffffffffjmk lqfioffhfnfffffffinh o o o n oqnkffffifffffffffgjg o o n V V |
  1
/061+ {rn rn {rn jqhngofghfffffffffmi lqfioffhfnfffffffinh o |
  0
HATCH
  5
1E6
330
1F
100
AcDbEntity
  8
ViaHoleLayer
 62
    16
100
AcDbHatch
 10
0.0
 20
0.0
 30
0.0
210
0.0
220
0.0
230
1.0
  2
SOLID
 70
     1
 71
     1
 91
        1
 92
        1
 93
        1
 72
     2
 10
5.568099099999999
 20
3.96099792
 40
0.1499997
 50
0.0
 51
360.0
 73
     1
 97
        1
330
1E5
 75
     0
 76
     1
 98
        0
450
        0
451
        0
460
0.0
461
0.0
452
        0
462
0.0
453
        0
470

  0
REGION
  5
1E8
102
{ACAD_REACTORS
330
1E9
102
}
330
1F
100
AcDbEntity
  8
ViaHoleLayer
 62
    16
100
AcDbModelerGeometry
 70
     1
  1
mnmoo nm m mi          
  1
ni ^ *+0;:,4 ^ *+0\^ [ mo ^ LR mmjqnqoqijjlj QK o  
  1
n fqfffffffffffffffjkh:roh nqooooooooooooooooli:rno 
  1
>,27:>;:- {rn rn _nl mmjqnqoqijjlj |
  1
=0;& {rn rn {rn {m {rn {rn |
  1
3*2/ {rn rn {rn {rn {l {n |
  1
,7:33 {rn rn {rn {rn {rn {k {rn {m |
  1
9><: {rn rn {rn {rn {j {l {rn {i 90-(>-; ;0*=3: 0*+ |
  1
300/ {rn rn {rn {rn {h {k |
  1
/3>1:r,*-9><: {rn rn {rn jqhoiofiomfffffffkln nnqlffolhlffffffffmn o o o n n o o 90-(>-;@) V V V V |
  1
<0:;8: {rn rn {rn {h {h {rn {g 90-(>-; {j {rn |
  1
:;8: {rn rn {rn {f o {f iqmglngjlohnhfjgimlm {h {no 90-(>-; _h *1410(1 |
  1
):-+:' {rn rn {rn {g m {nn |
  1
:336/,:r<*-): {rn rn {rn jqhgnofjghfffffffilm nnqlffolhlffffffffmn o o o n oqnkffffifffffffffgjg o o n V V |
  1
/061+ {rn rn {rn jqflnofjjgoooooooolk nnqlffolhlffffffffmn o |
  0
HATCH
  5
1E9
330
1F
100
AcDbEntity
  8
ViaHoleLayer
 62
    16
100
AcDbHatch
 10
0.0
 20
0.0
 30
0.0
210
0.0
220
0.0
230
1.0
  2
SOLID
 70
     1
 71
     1
 91
        1
 92
        1
 93
        1
 72
     2
 10
5.781095879999999
 20
11.3990374
 40
0.1499997
 50
0.0
 51
360.0
 73
     1
 97
        1
330
1E8
 75
     0
 76
     1
 98
        0
450
        0
451
        0
460
0.0
461
0.0
452
        0
462
0.0
453
        0
470

  0
REGION
  5
1EB
102
{ACAD_REACTORS
330
1EC
102
}
330
1F
100
AcDbEntity
  8
ViaHoleLayer
 62
    16
100
AcDbModelerGeometry
 70
     1
  1
mnmoo nm m mi          
  1
ni ^ *+0;:,4 ^ *+0\^ [ mo ^ LR mmjqnqoqijjlj QK o  
  1
n fqfffffffffffffffjkh:roh nqooooooooooooooooli:rno 
  1
>,27:>;:- {rn rn _nl mmjqnqoqijjlj |
  1
=0;& {rn rn {rn {m {rn {rn |
  1
3*2/ {rn rn {rn {rn {l {n |
  1
,7:33 {rn rn {rn {rn {rn {k {rn {m |
  1
9><: {rn rn {rn {rn {j {l {rn {i 90-(>-; ;0*=3: 0*+ |
  1
300/ {rn rn {rn {rn {h {k |
  1
/3>1:r,*-9><: {rn rn {rn lqhlfklhjloooooooon nqjgnkgonffffffffgfm o o o n n o o 90-(>-;@) V V V V |
  1
<0:;8: {rn rn {rn {h {h {rn {g 90-(>-; {j {rn |
  1
:;8: {rn rn {rn {f o {f iqmglngjlohnhfjgimlm {h {no 90-(>-; _h *1410(1 |
  1
):-+:' {rn rn {rn {g m {nn |
  1
:336/,:r<*-): {rn rn {rn lqgnkklhlhfffffffhih nqjgnkgonffffffffgfm o o o n oqnkffffifffffffffgjg o o n V V |
  1
/061+ {rn rn {rn lqfikklhohfffffffhmj nqjgnkgonffffffffgfm o |
  0
HATCH
  5
1EC
330
1F
100
AcDbEntity
  8
ViaHoleLayer
 62
    16
100
AcDbHatch
 10
0.0
 20
0.0
 30
0.0
210
0.0
220
0.0
230
1.0
  2
SOLID
 70
     1
 71
     1
 91
        1
 92
        1
 93
        1
 72
     2
 10
3.81443738
 20
1.581480199999999
 40
0.1499997
 50
0.0
 51
360.0
 73
     1
 97
        1
330
1EB
 75
     0
 76
     1
 98
        0
450
        0
451
        0
460
0.0
461
0.0
452
        0
462
0.0
453
        0
470

  0
REGION
  5
1EE
102
{ACAD_REACTORS
330
1EF
102
}
330
1F
100
AcDbEntity
  8
ViaHoleLayer
 62
    16
100
AcDbModelerGeometry
 70
     1
  1
mnmoo nm m mi          
  1
ni ^ *+0;:,4 ^ *+0\^ [ mo ^ LR mmjqnqoqijjlj QK o  
  1
n fqfffffffffffffffjkh:roh nqooooooooooooooooli:rno 
  1
>,27:>;:- {rn rn _nl mmjqnqoqijjlj |
  1
=0;& {rn rn {rn {m {rn {rn |
  1
3*2/ {rn rn {rn {rn {l {n |
  1
,7:33 {rn rn {rn {rn {rn {k {rn {m |
  1
9><: {rn rn {rn {rn {j {l {rn {i 90-(>-; ;0*=3: 0*+ |
  1
300/ {rn rn {rn {rn {h {k |
  1
/3>1:r,*-9><: {rn rn {rn lqhlfklhjloooooooon oqfmmkjighffffffffmli o o o n n o o 90-(>-;@) V V V V |
  1
<0:;8: {rn rn {rn {h {h {rn {g 90-(>-; {j {rn |
  1
:;8: {rn rn {rn {f o {f iqmglngjlohnhfjgimlm {h {no 90-(>-; _h *1410(1 |
  1
):-+:' {rn rn {rn {g m {nn |
  1
:336/,:r<*-): {rn rn {rn lqgnkklhlhfffffffhih oqfmmkjighffffffffmli o o o n oqnkffffifffffffffgjg o o n V V |
  1
/061+ {rn rn {rn lqfikklhohfffffffhmj oqfmmkjighffffffffmli o |
  0
HATCH
  5
1EF
330
1F
100
AcDbEntity
  8
ViaHoleLayer
 62
    16
100
AcDbHatch
 10
0.0
 20
0.0
 30
0.0
210
0.0
220
0.0
230
1.0
  2
SOLID
 70
     1
 71
     1
 91
        1
 92
        1
 93
        1
 72
     2
 10
3.81443738
 20
0.92245688
 40
0.1499997
 50
0.0
 51
360.0
 73
     1
 97
        1
330
1EE
 75
     0
 76
     1
 98
        0
450
        0
451
        0
460
0.0
461
0.0
452
        0
462
0.0
453
        0
470

  0
REGION
  5
1F1
102
{ACAD_REACTORS
330
1F2
102
}
330
1F
100
AcDbEntity
  8
ViaHoleLayer
 62
    16
100
AcDbModelerGeometry
 70
     1
  1
mnmoo nm m mi          
  1
ni ^ *+0;:,4 ^ *+0\^ [ mo ^ LR mmjqnqoqijjlj QK o  
  1
n fqfffffffffffffffjkh:roh nqooooooooooooooooli:rno 
  1
>,27:>;:- {rn rn _nl mmjqnqoqijjlj |
  1
=0;& {rn rn {rn {m {rn {rn |
  1
3*2/ {rn rn {rn {rn {l {n |
  1
,7:33 {rn rn {rn {rn {rn {k {rn {m |
  1
9><: {rn rn {rn {rn {j {l {rn {i 90-(>-; ;0*=3: 0*+ |
  1
300/ {rn rn {rn {rn {h {k |
  1
/3>1:r,*-9><: {rn rn {rn mqhlfklifgfffffffhlf kqlmifjgjhfffffffkkk o o o n n o o 90-(>-;@) V V V V |
  1
<0:;8: {rn rn {rn {h {h {rn {g 90-(>-; {j {rn |
  1
:;8: {rn rn {rn {f o {f iqmglngjlohnhfjgimlm {h {no 90-(>-; _h *1410(1 |
  1
):-+:' {rn rn {rn {g m {nn |
  1
:336/,:r<*-): {rn rn {rn mqgnkkliglffffffffk kqlmifjgjhfffffffkkk o o o n oqnkffffifffffffffgjg o o n V V |
  1
/061+ {rn rn {rn mqfikklijlfffffffgfg kqlmifjgjhfffffffkkk o |
  0
HATCH
  5
1F2
330
1F
100
AcDbEntity
  8
ViaHoleLayer
 62
    16
100
AcDbHatch
 10
0.0
 20
0.0
 30
0.0
210
0.0
220
0.0
230
1.0
  2
SOLID
 70
     1
 71
     1
 91
        1
 92
        1
 93
        1
 72
     2
 10
2.814436839999999
 20
4.326958579999998
 40
0.1499997
 50
0.0
 51
360.0
 73
     1
 97
        1
330
1F1
 75
     0
 76
     1
 98
        0
450
        0
451
        0
460
0.0
461
0.0
452
        0
462
0.0
453
        0
470

  0
REGION
  5
1F4
102
{ACAD_REACTORS
330
1F5
102
}
330
1F
100
AcDbEntity
  8
ViaHoleLayer
 62
    16
100
AcDbModelerGeometry
 70
     1
  1
mnmoo nm m mi          
  1
ni ^ *+0;:,4 ^ *+0\^ [ mo ^ LR mmjqnqoqijjlj QK o  
  1
n fqfffffffffffffffjkh:roh nqooooooooooooooooli:rno 
  1
>,27:>;:- {rn rn _nl mmjqnqoqijjlj |
  1
=0;& {rn rn {rn {m {rn {rn |
  1
3*2/ {rn rn {rn {rn {l {n |
  1
,7:33 {rn rn {rn {rn {rn {k {rn {m |
  1
9><: {rn rn {rn {rn {j {l {rn {i 90-(>-; ;0*=3: 0*+ |
  1
300/ {rn rn {rn {rn {h {k |
  1
/3>1:r,*-9><: {rn rn {rn mqhlfklifgfffffffhlf kqfkfmfknkooooooonm o o o n n o o 90-(>-;@) V V V V |
  1
<0:;8: {rn rn {rn {h {h {rn {g 90-(>-; {j {rn |
  1
:;8: {rn rn {rn {f o {f iqmglngjlohnhfjgimlm {h {no 90-(>-; _h *1410(1 |
  1
):-+:' {rn rn {rn {g m {nn |
  1
:336/,:r<*-): {rn rn {rn mqgnkkliglffffffffk kqfkfmfknkooooooonm o o o n oqnkffffifffffffffgjg o o n V V |
  1
/061+ {rn rn {rn mqfikklijlfffffffgfg kqfkfmfknkooooooonm o |
  0
HATCH
  5
1F5
330
1F
100
AcDbEntity
  8
ViaHoleLayer
 62
    16
100
AcDbHatch
 10
0.0
 20
0.0
 30
0.0
210
0.0
220
0.0
230
1.0
  2
SOLID
 70
     1
 71
     1
 91
        1
 92
        1
 93
        1
 72
     2
 10
2.814436839999999
 20
4.94929414
 40
0.1499997
 50
0.0
 51
360.0
 73
     1
 97
        1
330
1F4
 75
     0
 76
     1
 98
        0
450
        0
451
        0
460
0.0
461
0.0
452
        0
462
0.0
453
        0
470

  0
REGION
  5
1F7
102
{ACAD_REACTORS
330
1F8
102
}
330
1F
100
AcDbEntity
  8
ViaHoleLayer
 62
    16
100
AcDbModelerGeometry
 70
     1
  1
mnmoo nm m mi          
  1
ni ^ *+0;:,4 ^ *+0\^ [ mo ^ LR mmjqnqoqijjlj QK o  
  1
n fqfffffffffffffffjkh:roh nqooooooooooooooooli:rno 
  1
>,27:>;:- {rn rn _nl mmjqnqoqijjlj |
  1
=0;& {rn rn {rn {m {rn {rn |
  1
3*2/ {rn rn {rn {rn {l {n |
  1
,7:33 {rn rn {rn {rn {rn {k {rn {m |
  1
9><: {rn rn {rn {rn {j {l {rn {i 90-(>-; ;0*=3: 0*+ |
  1
300/ {rn rn {rn {rn {h {k |
  1
/3>1:r,*-9><: {rn rn {rn mqhlfklifgfffffffhlf jqjhnimfifffffffffoh o o o n n o o 90-(>-;@) V V V V |
  1
<0:;8: {rn rn {rn {h {h {rn {g 90-(>-; {j {rn |
  1
:;8: {rn rn {rn {f o {f iqmglngjlohnhfjgimlm {h {no 90-(>-; _h *1410(1 |
  1
):-+:' {rn rn {rn {g m {nn |
  1
:336/,:r<*-): {rn rn {rn mqgnkkliglffffffffk jqjhnimfifffffffffoh o o o n oqnkffffifffffffffgjg o o n V V |
  1
/061+ {rn rn {rn mqfikklijlfffffffgfg jqjhnimfifffffffffoh o |
  0
HATCH
  5
1F8
330
1F
100
AcDbEntity
  8
ViaHoleLayer
 62
    16
100
AcDbHatch
 10
0.0
 20
0.0
 30
0.0
210
0.0
220
0.0
230
1.0
  2
SOLID
 70
     1
 71
     1
 91
        1
 92
        1
 93
        1
 72
     2
 10
2.814436839999999
 20
5.571629699999999
 40
0.1499997
 50
0.0
 51
360.0
 73
     1
 97
        1
330
1F7
 75
     0
 76
     1
 98
        0
450
        0
451
        0
460
0.0
461
0.0
452
        0
462
0.0
453
        0
470

  0
REGION
  5
1FA
102
{ACAD_REACTORS
330
1FB
102
}
330
1F
100
AcDbEntity
  8
ViaHoleLayer
 62
    16
100
AcDbModelerGeometry
 70
     1
  1
mnmoo nm m mi          
  1
ni ^ *+0;:,4 ^ *+0\^ [ mo ^ LR mmjqnqoqijjlj QK o  
  1
n fqfffffffffffffffjkh:roh nqooooooooooooooooli:rno 
  1
>,27:>;:- {rn rn _nl mmjqnqoqijjlj |
  1
=0;& {rn rn {rn {m {rn {rn |
  1
3*2/ {rn rn {rn {rn {l {n |
  1
,7:33 {rn rn {rn {rn {rn {k {rn {m |
  1
9><: {rn rn {rn {rn {j {l {rn {i 90-(>-; ;0*=3: 0*+ |
  1
300/ {rn rn {rn {rn {h {k |
  1
/3>1:r,*-9><: {rn rn {rn mqhlfklifgfffffffhlf iqnflfijmjfffffffifj o o o n n o o 90-(>-;@) V V V V |
  1
<0:;8: {rn rn {rn {h {h {rn {g 90-(>-; {j {rn |
  1
:;8: {rn rn {rn {f o {f iqmglngjlohnhfjgimlm {h {no 90-(>-; _h *1410(1 |
  1
):-+:' {rn rn {rn {g m {nn |
  1
:336/,:r<*-): {rn rn {rn mqgnkkliglffffffffk iqnflfijmjfffffffifj o o o n oqnkffffifffffffffgjg o o n V V |
  1
/061+ {rn rn {rn mqfikklijlfffffffgfg iqnflfijmjfffffffifj o |
  0
HATCH
  5
1FB
330
1F
100
AcDbEntity
  8
ViaHoleLayer
 62
    16
100
AcDbHatch
 10
0.0
 20
0.0
 30
0.0
210
0.0
220
0.0
230
1.0
  2
SOLID
 70
     1
 71
     1
 91
        1
 92
        1
 93
        1
 72
     2
 10
2.814436839999999
 20
6.193965259999999
 40
0.1499997
 50
0.0
 51
360.0
 73
     1
 97
        1
330
1FA
 75
     0
 76
     1
 98
        0
450
        0
451
        0
460
0.0
461
0.0
452
        0
462
0.0
453
        0
470

  0
REGION
  5
1FD
102
{ACAD_REACTORS
330
1FE
102
}
330
1F
100
AcDbEntity
  8
ViaHoleLayer
 62
    16
100
AcDbModelerGeometry
 70
     1
  1
mnmoo nm m mi          
  1
ni ^ *+0;:,4 ^ *+0\^ [ mo ^ LR mmjqnqoqijjlj QK o  
  1
n fqfffffffffffffffjkh:roh nqooooooooooooooooli:rno 
  1
>,27:>;:- {rn rn _nl mmjqnqoqijjlj |
  1
=0;& {rn rn {rn {m {rn {rn |
  1
3*2/ {rn rn {rn {rn {l {n |
  1
,7:33 {rn rn {rn {rn {rn {k {rn {m |
  1
9><: {rn rn {rn {rn {j {l {rn {i 90-(>-; ;0*=3: 0*+ |
  1
300/ {rn rn {rn {rn {h {k |
  1
/3>1:r,*-9><: {rn rn {rn mqhlfklifgfffffffhlf iqgniloognfffffffkgl o o o n n o o 90-(>-;@) V V V V |
  1
<0:;8: {rn rn {rn {h {h {rn {g 90-(>-; {j {rn |
  1
:;8: {rn rn {rn {f o {f iqmglngjlohnhfjgimlm {h {no 90-(>-; _h *1410(1 |
  1
):-+:' {rn rn {rn {g m {nn |
  1
:336/,:r<*-): {rn rn {rn mqgnkkliglffffffffk iqgniloognfffffffkgl o o o n oqnkffffifffffffffgjg o o n V V |
  1
/061+ {rn rn {rn mqfikklijlfffffffgfg iqgniloognfffffffkgl o |
  0
HATCH
  5
1FE
330
1F
100
AcDbEntity
  8
ViaHoleLayer
 62
    16
100
AcDbHatch
 10
0.0
 20
0.0
 30
0.0
210
0.0
220
0.0
230
1.0
  2
SOLID
 70
     1
 71
     1
 91
        1
 92
        1
 93
        1
 72
     2
 10
2.814436839999999
 20
6.816300819999998
 40
0.1499997
 50
0.0
 51
360.0
 73
     1
 97
        1
330
1FD
 75
     0
 76
     1
 98
        0
450
        0
451
        0
460
0.0
461
0.0
452
        0
462
0.0
453
        0
470

  0
REGION
  5
200
102
{ACAD_REACTORS
330
201
102
}
330
1F
100
AcDbEntity
  8
ViaHoleLayer
 62
    16
100
AcDbModelerGeometry
 70
     1
  1
mnmoo nm m mi          
  1
ni ^ *+0;:,4 ^ *+0\^ [ mo ^ LR mmjqnqoqijjlj QK o  
  1
n fqfffffffffffffffjkh:roh nqooooooooooooooooli:rno 
  1
>,27:>;:- {rn rn _nl mmjqnqoqijjlj |
  1
=0;& {rn rn {rn {m {rn {rn |
  1
3*2/ {rn rn {rn {rn {l {n |
  1
,7:33 {rn rn {rn {rn {rn {k {rn {m |
  1
9><: {rn rn {rn {rn {j {l {rn {i 90-(>-; ;0*=3: 0*+ |
  1
300/ {rn rn {rn {rn {h {k |
  1
/3>1:r,*-9><: {rn rn {rn mqhlfklifgfffffffhlf hqklgililhfffffffmhn o o o n n o o 90-(>-;@) V V V V |
  1
<0:;8: {rn rn {rn {h {h {rn {g 90-(>-; {j {rn |
  1
:;8: {rn rn {rn {f o {f iqmglngjlohnhfjgimlm {h {no 90-(>-; _h *1410(1 |
  1
):-+:' {rn rn {rn {g m {nn |
  1
:336/,:r<*-): {rn rn {rn mqgnkkliglffffffffk hqklgililhfffffffmhn o o o n oqnkffffifffffffffgjg o o n V V |
  1
/061+ {rn rn {rn mqfikklijlfffffffgfg hqklgililhfffffffmhn o |
  0
HATCH
  5
201
330
1F
100
AcDbEntity
  8
ViaHoleLayer
 62
    16
100
AcDbHatch
 10
0.0
 20
0.0
 30
0.0
210
0.0
220
0.0
230
1.0
  2
SOLID
 70
     1
 71
     1
 91
        1
 92
        1
 93
        1
 72
     2
 10
2.814436839999999
 20
7.438636379999998
 40
0.1499997
 50
0.0
 51
360.0
 73
     1
 97
        1
330
200
 75
     0
 76
     1
 98
        0
450
        0
451
        0
460
0.0
461
0.0
452
        0
462
0.0
453
        0
470

  0
REGION
  5
203
102
{ACAD_REACTORS
330
204
102
}
330
1F
100
AcDbEntity
  8
ViaHoleLayer
 62
    16
100
AcDbModelerGeometry
 70
     1
  1
mnmoo nm m mi          
  1
ni ^ *+0;:,4 ^ *+0\^ [ mo ^ LR mmjqnqoqijjlj QK o  
  1
n fqfffffffffffffffjkh:roh nqooooooooooooooooli:rno 
  1
>,27:>;:- {rn rn _nl mmjqnqoqijjlj |
  1
=0;& {rn rn {rn {m {rn {rn |
  1
3*2/ {rn rn {rn {rn {l {n |
  1
,7:33 {rn rn {rn {rn {rn {k {rn {m |
  1
9><: {rn rn {rn {rn {j {l {rn {i 90-(>-; ;0*=3: 0*+ |
  1
300/ {rn rn {rn {rn {h {k |
  1
/3>1:r,*-9><: {rn rn {rn mqhlfklifgfffffffhlf gqoiofhnflffffffffkh o o o n n o o 90-(>-;@) V V V V |
  1
<0:;8: {rn rn {rn {h {h {rn {g 90-(>-; {j {rn |
  1
:;8: {rn rn {rn {f o {f iqmglngjlohnhfjgimlm {h {no 90-(>-; _h *1410(1 |
  1
):-+:' {rn rn {rn {g m {nn |
  1
:336/,:r<*-): {rn rn {rn mqgnkkliglffffffffk gqoiofhnflffffffffkh o o o n oqnkffffifffffffffgjg o o n V V |
  1
/061+ {rn rn {rn mqfikklijlfffffffgfg gqoiofhnflffffffffkh o |
  0
HATCH
  5
204
330
1F
100
AcDbEntity
  8
ViaHoleLayer
 62
    16
100
AcDbHatch
 10
0.0
 20
0.0
 30
0.0
210
0.0
220
0.0
230
1.0
  2
SOLID
 70
     1
 71
     1
 91
        1
 92
        1
 93
        1
 72
     2
 10
2.814436839999999
 20
8.060971939999999
 40
0.1499997
 50
0.0
 51
360.0
 73
     1
 97
        1
330
203
 75
     0
 76
     1
 98
        0
450
        0
451
        0
460
0.0
461
0.0
452
        0
462
0.0
453
        0
470

  0
REGION
  5
206
102
{ACAD_REACTORS
330
207
102
}
330
1F
100
AcDbEntity
  8
ViaHoleLayer
 62
    16
100
AcDbModelerGeometry
 70
     1
  1
mnmoo nm m mi          
  1
ni ^ *+0;:,4 ^ *+0\^ [ mo ^ LR mmjqnqoqijjlj QK o  
  1
n fqfffffffffffffffjkh:roh nqooooooooooooooooli:rno 
  1
>,27:>;:- {rn rn _nl mmjqnqoqijjlj |
  1
=0;& {rn rn {rn {m {rn {rn |
  1
3*2/ {rn rn {rn {rn {l {n |
  1
,7:33 {rn rn {rn {rn {rn {k {rn {m |
  1
9><: {rn rn {rn {rn {j {l {rn {i 90-(>-; ;0*=3: 0*+ |
  1
300/ {rn rn {rn {rn {h {k |
  1
/3>1:r,*-9><: {rn rn {rn hqglfklifkffffffghlg kqiioffijnfffffffkmn o o o n n o o 90-(>-;@) V V V V |
  1
<0:;8: {rn rn {rn {h {h {rn {g 90-(>-; {j {rn |
  1
:;8: {rn rn {rn {f o {f iqmglngjlohnhfjgimlm {h {no 90-(>-; _h *1410(1 |
  1
):-+:' {rn rn {rn {g m {nn |
  1
:336/,:r<*-): {rn rn {rn hqfnkklihfffffffgflf kqiioffijnfffffffkmn o o o n oqnkffffifffffffffgjg o o n V V |
  1
/061+ {rn rn {rn gqoikklikfffffffflkm kqiioffijnfffffffkmn o |
  0
HATCH
  5
207
330
1F
100
AcDbEntity
  8
ViaHoleLayer
 62
    16
100
AcDbHatch
 10
0.0
 20
0.0
 30
0.0
210
0.0
220
0.0
230
1.0
  2
SOLID
 70
     1
 71
     1
 91
        1
 92
        1
 93
        1
 72
     2
 10
7.914436799999998
 20
4.660996519999998
 40
0.1499997
 50
0.0
 51
360.0
 73
     1
 97
        1
330
206
 75
     0
 76
     1
 98
        0
450
        0
451
        0
460
0.0
461
0.0
452
        0
462
0.0
453
        0
470

  0
REGION
  5
209
102
{ACAD_REACTORS
330
20A
102
}
330
1F
100
AcDbEntity
  8
ViaHoleLayer
 62
    16
100
AcDbModelerGeometry
 70
     1
  1
mnmoo nm m mi          
  1
ni ^ *+0;:,4 ^ *+0\^ [ mo ^ LR mmjqnqoqijjlj QK o  
  1
n fqfffffffffffffffjkh:roh nqooooooooooooooooli:rno 
  1
>,27:>;:- {rn rn _nl mmjqnqoqijjlj |
  1
=0;& {rn rn {rn {m {rn {rn |
  1
3*2/ {rn rn {rn {rn {l {n |
  1
,7:33 {rn rn {rn {rn {rn {k {rn {m |
  1
9><: {rn rn {rn {rn {j {l {rn {i 90-(>-; ;0*=3: 0*+ |
  1
300/ {rn rn {rn {rn {h {k |
  1
/3>1:r,*-9><: {rn rn {rn jqigfklghofffffffmll mqnjmgfilhfffffffin o o o n n o o 90-(>-;@) V V V V |
  1
<0:;8: {rn rn {rn {h {h {rn {g 90-(>-; {j {rn |
  1
:;8: {rn rn {rn {f o {f iqmglngjlohnhfjgimlm {h {no 90-(>-; _h *1410(1 |
  1
):-+:' {rn rn {rn {g m {nn |
  1
:336/,:r<*-): {rn rn {rn jqhikklgjjfffffffklk mqnjmgfilhfffffffin o o o n oqnkffffifffffffffgjg o o n V V |
  1
/061+ {rn rn {rn jqfnkklgmjfffffffgli mqnjmgfilhfffffffin o |
  0
HATCH
  5
20A
330
1F
100
AcDbEntity
  8
ViaHoleLayer
 62
    16
100
AcDbHatch
 10
0.0
 20
0.0
 30
0.0
210
0.0
220
0.0
230
1.0
  2
SOLID
 70
     1
 71
     1
 91
        1
 92
        1
 93
        1
 72
     2
 10
5.764438559999998
 20
2.15289638
 40
0.1499997
 50
0.0
 51
360.0
 73
     1
 97
        1
330
209
 75
     0
 76
     1
 98
        0
450
        0
451
        0
460
0.0
461
0.0
452
        0
462
0.0
453
        0
470

  0
REGION
  5
20C
102
{ACAD_REACTORS
330
20D
102
}
330
1F
100
AcDbEntity
  8
ViaHoleLayer
 62
    16
100
AcDbModelerGeometry
 70
     1
  1
mnmoo nm m mi          
  1
ni ^ *+0;:,4 ^ *+0\^ [ mo ^ LR mmjqnqoqijjlj QK o  
  1
n fqfffffffffffffffjkh:roh nqooooooooooooooooli:rno 
  1
>,27:>;:- {rn rn _nl mmjqnqoqijjlj |
  1
=0;& {rn rn {rn {m {rn {rn |
  1
3*2/ {rn rn {rn {rn {l {n |
  1
,7:33 {rn rn {rn {rn {rn {k {rn {m |
  1
9><: {rn rn {rn {rn {j {l {rn {i 90-(>-; ;0*=3: 0*+ |
  1
300/ {rn rn {rn {rn {h {k |
  1
/3>1:r,*-9><: {rn rn {rn kqgniklgnifffffffil nqilknlngjfffffffggn o o o n n o o 90-(>-;@) V V V V |
  1
<0:;8: {rn rn {rn {h {h {rn {g 90-(>-; {j {rn |
  1
:;8: {rn rn {rn {f o {f iqmglngjlohnhfjgimlm {h {no 90-(>-; _h *1410(1 |
  1
):-+:' {rn rn {rn {g m {nn |
  1
:336/,:r<*-): {rn rn {rn kqgfnklgonfffffffgln nqilknlngjfffffffggn o o o n oqnkffffifffffffffgjg o o n V V |
  1
/061+ {rn rn {rn jqoknklhhmooooooomll nqilknlngjfffffffggn o |
  0
HATCH
  5
20D
330
1F
100
AcDbEntity
  8
ViaHoleLayer
 62
    16
100
AcDbHatch
 10
0.0
 20
0.0
 30
0.0
210
0.0
220
0.0
230
1.0
  2
SOLID
 70
     1
 71
     1
 91
        1
 92
        1
 93
        1
 72
     2
 10
4.891438019999999
 20
1.63413186
 40
0.1499997
 50
0.0
 51
360.0
 73
     1
 97
        1
330
20C
 75
     0
 76
     1
 98
        0
450
        0
451
        0
460
0.0
461
0.0
452
        0
462
0.0
453
        0
470

  0
REGION
  5
20F
102
{ACAD_REACTORS
330
210
102
}
330
1F
100
AcDbEntity
  8
ViaHoleLayer
 62
    16
100
AcDbModelerGeometry
 70
     1
  1
mnmoo nm m mi          
  1
ni ^ *+0;:,4 ^ *+0\^ [ mo ^ LR mmjqnqoqijjlj QK o  
  1
n fqfffffffffffffffjkh:roh nqooooooooooooooooli:rno 
  1
>,27:>;:- {rn rn _nl mmjqnqoqijjlj |
  1
=0;& {rn rn {rn {m {rn {rn |
  1
3*2/ {rn rn {rn {rn {l {n |
  1
,7:33 {rn rn {rn {rn {rn {k {rn {m |
  1
9><: {rn rn {rn {rn {j {l {rn {i 90-(>-; ;0*=3: 0*+ |
  1
300/ {rn rn {rn {rn {h {k |
  1
/3>1:r,*-9><: {rn rn {rn jqigfklghofffffffmll mqhfkhfjomoooooooonf o o o n n o o 90-(>-;@) V V V V |
  1
<0:;8: {rn rn {rn {h {h {rn {g 90-(>-; {j {rn |
  1
:;8: {rn rn {rn {f o {f iqmglngjlohnhfjgimlm {h {no 90-(>-; _h *1410(1 |
  1
):-+:' {rn rn {rn {g m {nn |
  1
:336/,:r<*-): {rn rn {rn jqhikklgjjfffffffklk mqhfkhfjomoooooooonf o o o n oqnkffffifffffffffgjg o o n V V |
  1
/061+ {rn rn {rn jqfnkklgmjfffffffgli mqhfkhfjomoooooooonf o |
  0
HATCH
  5
210
330
1F
100
AcDbEntity
  8
ViaHoleLayer
 62
    16
100
AcDbHatch
 10
0.0
 20
0.0
 30
0.0
210
0.0
220
0.0
230
1.0
  2
SOLID
 70
     1
 71
     1
 91
        1
 92
        1
 93
        1
 72
     2
 10
5.764438559999998
 20
2.79479502
 40
0.1499997
 50
0.0
 51
360.0
 73
     1
 97
        1
330
20F
 75
     0
 76
     1
 98
        0
450
        0
451
        0
460
0.0
461
0.0
452
        0
462
0.0
453
        0
470

  0
REGION
  5
21E
102
{ACAD_REACTORS
330
21F
102
}
330
1F
100
AcDbEntity
  8
ViaHoleLayer
 62
    16
100
AcDbModelerGeometry
 70
     1
  1
mnmoo nm m mi          
  1
ni ^ *+0;:,4 ^ *+0\^ [ mo ^ LR mmjqnqoqijjlj QK o  
  1
n fqfffffffffffffffjkh:roh nqooooooooooooooooli:rno 
  1
>,27:>;:- {rn rn _nl mmjqnqoqijjlj |
  1
=0;& {rn rn {rn {m {rn {rn |
  1
3*2/ {rn rn {rn {rn {l {n |
  1
,7:33 {rn rn {rn {rn {rn {k {rn {m |
  1
9><: {rn rn {rn {rn {j {l {rn {i 90-(>-; ;0*=3: 0*+ |
  1
300/ {rn rn {rn {rn {h {k |
  1
/3>1:r,*-9><: {rn rn {rn lnqminfkomhooooooom noqlffffifhfffffffnh o o o n n o o 90-(>-;@) V V V V |
  1
<0:;8: {rn rn {rn {h {h {rn {g 90-(>-; {j {rn |
  1
:;8: {rn rn {rn {f o {f iqmglngjlohnhfjgimlm {h {no 90-(>-; _h *1410(1 |
  1
):-+:' {rn rn {rn {g m {nn |
  1
:336/,:r<*-): {rn rn {rn lnqllifkonmoooooonmf noqlffffifhfffffffnh o o o n oqnkffffifffffffffgjg o o n V V |
  1
/061+ {rn rn {rn lnqkgiflfgnffffffffn noqlffffifhfffffffnh o |
  0
HATCH
  5
21F
330
1F
100
AcDbEntity
  8
ViaHoleLayer
 62
    16
100
AcDbHatch
 10
0.0
 20
0.0
 30
0.0
210
0.0
220
0.0
230
1.0
  2
SOLID
 70
     1
 71
     1
 91
        1
 92
        1
 93
        1
 72
     2
 10
31.33694012
 20
10.39999698
 40
0.1499997
 50
0.0
 51
360.0
 73
     1
 97
        1
330
21E
 75
     0
 76
     1
 98
        0
450
        0
451
        0
460
0.0
461
0.0
452
        0
462
0.0
453
        0
470

  0
INSERT
  5
248
330
1F
100
AcDbEntity
  8
0
100
AcDbBlockReference
  2
RES_0402_1
 10
1.24759974
 20
9.349999079999999
 30
0.0
 50
90.0
  0
INSERT
  5
280
330
1F
100
AcDbEntity
  8
0
100
AcDbBlockReference
  2
RES_0402_2
 10
1.24759974
 20
8.29999864
 30
0.0
 50
270.0
  0
INSERT
  5
2A5
330
1F
100
AcDbEntity
  8
0
100
AcDbBlockReference
  2
IPEX1_3
 10
2.20000068
 20
11.49999732
 30
0.0
  0
INSERT
  5
2A9
330
1F
100
AcDbEntity
  8
0
100
AcDbBlockReference
  2
SOD_323F_B_4
 10
23.66498696
 20
1.149997699999999
 30
0.0
  0
INSERT
  5
2E3
330
1F
100
AcDbEntity
  8
0
100
AcDbBlockReference
  2
4P_1_0___5
 10
14.34999924
 20
12.94999696
 30
0.0
 50
180.0
  0
INSERT
  5
2FE
330
1F
100
AcDbEntity
  8
0
100
AcDbBlockReference
  2
ANT_2_4G___DUPLICATE_6
 10
1.250000039999999
 20
3.849997379999999
 30
0.0
 50
270.0
  0
INSERT
  5
302
330
1F
100
AcDbEntity
  8
0
100
AcDbBlockReference
  2
CAP_0402_B_7
 10
25.34143776
 20
3.69999768
 30
0.0
  0
INSERT
  5
306
330
1F
100
AcDbEntity
  8
0
100
AcDbBlockReference
  2
CAP_0402_B_8
 10
23.56443852
 20
12.28399372
 30
0.0
 50
180.0
  0
INSERT
  5
30A
330
1F
100
AcDbEntity
  8
0
100
AcDbBlockReference
  2
CAP_0402_B_9
 10
23.54143882
 20
2.89999674
 30
0.0
 50
180.0
  0
INSERT
  5
30E
330
1F
100
AcDbEntity
  8
0
100
AcDbBlockReference
  2
RES_0402_B_10
 10
27.1665065
 20
4.3333289
 30
0.0
 50
180.0
  0
INSERT
  5
312
330
1F
100
AcDbEntity
  8
0
100
AcDbBlockReference
  2
RES_0402_B_11
 10
27.1665065
 20
3.44999564
 30
0.0
 50
180.0
  0
INSERT
  5
336
330
1F
100
AcDbEntity
  8
0
100
AcDbBlockReference
  2
RES_0402_12
 10
7.501435339999999
 20
1.222258159999999
 30
0.0
  0
INSERT
  5
33A
330
1F
100
AcDbEntity
  8
0
100
AcDbBlockReference
  2
RES_0402_B_13
 10
27.11443904
 20
9.6830896
 30
0.0
  0
INSERT
  5
33E
330
1F
100
AcDbEntity
  8
0
100
AcDbBlockReference
  2
RES_0402_B_14
 10
27.11443904
 20
10.57015412
 30
0.0
  0
INSERT
  5
342
330
1F
100
AcDbEntity
  8
0
100
AcDbBlockReference
  2
RES_0402_B_15
 10
18.44999866
 20
9.599998579999999
 30
0.0
 50
270.0
  0
INSERT
  5
346
330
1F
100
AcDbEntity
  8
0
100
AcDbBlockReference
  2
RES_0402_B_16
 10
19.3999993
 20
9.599998579999999
 30
0.0
 50
270.0
  0
INSERT
  5
34A
330
1F
100
AcDbEntity
  8
0
100
AcDbBlockReference
  2
RES_0402_B_17
 10
27.11636944
 20
8.82015254
 30
0.0
  0
INSERT
  5
34E
330
1F
100
AcDbEntity
  8
0
100
AcDbBlockReference
  2
RES_0402_B_18
 10
23.54143882
 20
4.699998219999998
 30
0.0
 50
180.0
  0
INSERT
  5
376
330
1F
100
AcDbEntity
  8
0
100
AcDbBlockReference
  2
APA102_19
 10
22.21444122
 20
12.51099606
 30
0.0
  0
INSERT
  5
506
330
1F
100
AcDbEntity
  8
0
100
AcDbBlockReference
  2
QFN_56_7_7_20
 10
10.41443688
 20
5.860994119999999
 30
0.0
  0
INSERT
  5
549
330
1F
100
AcDbEntity
  8
0
100
AcDbBlockReference
  2
WSON_8_21
 10
17.43499942
 20
5.81269094
 30
0.0
 50
180.0
  0
INSERT
  5
57A
330
1F
100
AcDbEntity
  8
0
100
AcDbBlockReference
  2
SMD_2016_22
 10
8.24999874
 20
12.8499997
 30
0.0
  0
INSERT
  5
57E
330
1F
100
AcDbEntity
  8
0
100
AcDbBlockReference
  2
SOT23_5_B_23
 10
23.46443618
 20
7.478306099999998
 30
0.0
 50
90.0
  0
INSERT
  5
5DA
330
1F
100
AcDbEntity
  8
0
100
AcDbBlockReference
  2
RES_0402_25
 10
4.56443842
 20
6.0120022
 30
0.0
 50
270.0
  0
INSERT
  5
5FE
330
1F
100
AcDbEntity
  8
0
100
AcDbBlockReference
  2
RES_0402_26
 10
27.45253336
 20
6.9719952
 30
0.0
 50
180.0
  0
INSERT
  5
622
330
1F
100
AcDbEntity
  8
0
100
AcDbBlockReference
  2
RES_0402_27
 10
27.45253336
 20
6.1219969
 30
0.0
 50
180.0
  0
INSERT
  5
646
330
1F
100
AcDbEntity
  8
0
100
AcDbBlockReference
  2
RES_0402_28
 10
8.850000079999999
 20
11.25000036
 30
0.0
 50
180.0
  0
INSERT
  5
64A
330
1F
100
AcDbEntity
  8
0
100
AcDbBlockReference
  2
RES_0402_B_29
 10
15.84999878
 20
9.49999878
 30
0.0
 50
90.0
  0
INSERT
  5
64E
330
1F
100
AcDbEntity
  8
0
100
AcDbBlockReference
  2
SOD_523_3_B_30
 10
14.14999964
 20
9.349996539999999
 30
0.0
 50
270.0
  0
INSERT
  5
718
330
1F
100
AcDbEntity
  8
0
100
AcDbBlockReference
  2
USB_3_0_TYPE_A_TF_31
 10
29.83693804
 20
7.010994359999998
 30
0.0
 50
90.0
  0
INSERT
  5
73C
330
1F
100
AcDbEntity
  8
0
100
AcDbBlockReference
  2
RES_0402_32
 10
4.220436059999999
 20
9.599990959999999
 30
0.0
  0
INSERT
  5
760
330
1F
100
AcDbEntity
  8
0
100
AcDbBlockReference
  2
RES_0402_33
 10
3.664440219999999
 20
6.0120022
 30
0.0
 50
90.0
  0
INSERT
  5
797
330
1F
100
AcDbEntity
  8
0
100
AcDbBlockReference
  2
KEY_SMD_4P_34
 10
23.35007776
 20
6.99999108
 30
0.0
 50
270.0
  0
INSERT
  5
79B
330
1F
100
AcDbEntity
  8
0
100
AcDbBlockReference
  2
FPC_8P_____B_35
 10
9.569742099999999
 20
6.99254126
 30
0.0
 50
270.0
  0
INSERT
  5
7AB
330
1F
100
AcDbEntity
  8
0
100
AcDbBlockReference
  2
ESD_36
 10
27.64143824
 20
8.049991519999998
 30
0.0
  0
INSERT
  5
7BB
330
1F
100
AcDbEntity
  8
0
100
AcDbBlockReference
  2
ESD_37
 10
27.64143824
 20
5.049997519999999
 30
0.0
  0
INSERT
  5
7F3
330
1F
100
AcDbEntity
  8
0
100
AcDbBlockReference
  2
CAP_0402_38
 10
9.306438079999999
 20
1.222258159999999
 30
0.0
 50
180.0
  0
INSERT
  5
82B
330
1F
100
AcDbEntity
  8
0
100
AcDbBlockReference
  2
CAP_0402_39
 10
24.11443996
 20
12.48000044
 30
0.0
 50
90.0
  0
INSERT
  5
853
330
1F
100
AcDbEntity
  8
0
100
AcDbBlockReference
  2
CAP_0402_B_41
 10
7.275438839999998
 20
2.628211659999999
 30
0.0
  0
INSERT
  5
88B
330
1F
100
AcDbEntity
  8
0
100
AcDbBlockReference
  2
CAP_0402_42
 10
5.46443916
 20
6.0120022
 30
0.0
 50
270.0
  0
INSERT
  5
88F
330
1F
100
AcDbEntity
  8
0
100
AcDbBlockReference
  2
CAP_0402_B_43
 10
27.1665065
 20
6.099995419999999
 30
0.0
 50
180.0
  0
INSERT
  5
893
330
1F
100
AcDbEntity
  8
0
100
AcDbBlockReference
  2
CAP_0402_B_44
 10
27.1665065
 20
5.216662159999998
 30
0.0
 50
180.0
  0
INSERT
  5
8CB
330
1F
100
AcDbEntity
  8
0
100
AcDbBlockReference
  2
CAP_0402_45
 10
5.564438959999998
 20
10.11099832
 30
0.0
 50
90.0
  0
INSERT
  5
903
330
1F
100
AcDbEntity
  8
0
100
AcDbBlockReference
  2
CAP_0402_46
 10
2.86443674
 20
9.1008454
 30
0.0
 50
270.0
  0
INSERT
  5
93B
330
1F
100
AcDbEntity
  8
0
100
AcDbBlockReference
  2
CAP_0402_47
 10
3.664437679999998
 20
7.810997839999999
 30
0.0
 50
90.0
  0
INSERT
  5
973
330
1F
100
AcDbEntity
  8
0
100
AcDbBlockReference
  2
CAP_0402_48
 10
4.106438319999999
 20
4.660999059999999
 30
0.0
 50
180.0
  0
INSERT
  5
9AB
330
1F
100
AcDbEntity
  8
0
100
AcDbBlockReference
  2
CAP_0402_49
 10
4.106438319999999
 20
3.86099812
 30
0.0
 50
180.0
  0
INSERT
  5
9E3
330
1F
100
AcDbEntity
  8
0
100
AcDbBlockReference
  2
CAP_0603_50
 10
4.291439219999999
 20
2.649997239999999
 30
0.0
  0
INSERT
  5
9E7
330
1F
100
AcDbEntity
  8
0
100
AcDbBlockReference
  2
CAP_0402_B_51
 10
11.35000016
 20
11.05000076
 30
0.0
 50
90.0
  0
INSERT
  5
A1F
330
1F
100
AcDbEntity
  8
0
100
AcDbBlockReference
  2
CAP_0402_52
 10
7.501435339999999
 20
10.91899772
 30
0.0
 50
90.0
  0
INSERT
  5
A57
330
1F
100
AcDbEntity
  8
0
100
AcDbBlockReference
  2
CAP_0402_53
 10
6.614436859999999
 20
10.91899772
 30
0.0
 50
90.0
  0
INSERT
  5
AB3
330
1F
100
AcDbEntity
  8
0
100
AcDbBlockReference
  2
CAP_0402_55
 10
6.549999599999999
 20
12.8999996
 30
0.0
 50
270.0
  0
INSERT
  5
AB7
330
1F
100
AcDbEntity
  8
0
100
AcDbBlockReference
  2
CAP_0402_B_56
 10
7.275438839999998
 20
1.778210819999999
 30
0.0
 50
180.0
  0
INSERT
  5
AEF
330
1F
100
AcDbEntity
  8
0
100
AcDbBlockReference
  2
CAP_0402_57
 10
10.00000032
 20
12.8499997
 30
0.0
 50
270.0
  0
INSERT
  5
AF3
330
1F
100
AcDbEntity
  8
0
100
AcDbBlockReference
  2
CAP_0402_B_58
 10
23.56443852
 20
11.40699522
 30
0.0
 50
180.0
  0
INSERT
  5
AF7
330
1F
100
AcDbEntity
  8
0
100
AcDbBlockReference
  2
CAP_0402_B_59
 10
23.56443344
 20
10.52999672
 30
0.0
 50
180.0
  0
INSERT
  5
AFB
330
1F
100
AcDbEntity
  8
0
100
AcDbBlockReference
  2
CAP_0402_B_60
 10
25.7644392
 20
9.69999838
 30
0.0
 50
270.0
  0
INSERT
  5
AFF
330
1F
100
AcDbEntity
  8
0
100
AcDbBlockReference
  2
CAP_0402_B_61
 10
23.54143882
 20
3.799994939999998
 30
0.0
 50
180.0
  0
INSERT
  5
B03
330
1F
100
AcDbEntity
  8
0
100
AcDbBlockReference
  2
CAP_0402_B_62
 10
25.33043956
 20
4.699998219999998
 30
0.0
  0
ENDSEC
  0
SECTION
  2
OBJECTS
  0
DICTIONARY
  5
C
330
0
100
AcDbDictionary
281
     1
  3
ACAD_CIP_PREVIOUS_PRODUCT_INFO
350
B4B
  3
ACAD_COLOR
350
B46
  3
ACAD_DETAILVIEWSTYLE
350
B40
  3
ACAD_GROUP
350
D
  3
ACAD_LAYOUT
350
1A
  3
ACAD_MATERIAL
350
43
  3
ACAD_MLEADERSTYLE
350
6B
  3
ACAD_MLINESTYLE
350
17
  3
ACAD_PLOTSETTINGS
350
19
  3
ACAD_PLOTSTYLENAME
350
E
  3
ACAD_SCALELIST
350
47
  3
ACAD_SECTIONVIEWSTYLE
350
B41
  3
ACAD_TABLESTYLE
350
69
  3
ACAD_VISUALSTYLE
350
2A
  3
ACDB_RECOMPOSE_DATA
350
B53
  3
AcDbVariableDictionary
350
B05
  0
SUN
  5
6D
330
29
100
AcDbSun
 90
        1
290
     1
 63
     7
421
 16777215
 40
1.0
291
     1
 91
  2455826
 92
 54000000
292
     0
 70
     0
 71
   256
280
     1
1001
ACAD
1000
AcDbSavedByObjectVersion
1070
     0
  0
XRECORD
  5
B4B
102
{ACAD_REACTORS
330
C
102
}
330
C
100
AcDbXrecord
280
     1
300
ACD
300
2020
300
ACD_F_S
  0
DICTIONARY
  5
B46
102
{ACAD_REACTORS
330
C
102
}
330
C
100
AcDbDictionary
281
     1
  0
DICTIONARY
  5
B40
102
{ACAD_REACTORS
330
C
102
}
330
C
100
AcDbDictionary
281
     1
  3
Metric50
350
B48
  0
DICTIONARY
  5
D
102
{ACAD_REACTORS
330
C
102
}
330
C
100
AcDbDictionary
281
     1
  0
DICTIONARY
  5
1A
102
{ACAD_REACTORS
330
C
102
}
330
C
100
AcDbDictionary
281
     1
  3
Layout1
350
1E
  3
Layout2
350
26
  3
Model
350
22
  0
DICTIONARY
  5
43
102
{ACAD_REACTORS
330
C
102
}
330
C
100
AcDbDictionary
281
     1
  3
ByBlock
350
45
  3
ByLayer
350
44
  3
Global
350
46
  0
DICTIONARY
  5
6B
102
{ACAD_REACTORS
330
C
102
}
330
C
100
AcDbDictionary
281
     1
  3
Standard
350
6C
  0
DICTIONARY
  5
17
102
{ACAD_REACTORS
330
C
102
}
330
C
100
AcDbDictionary
281
     1
  3
Standard
350
18
  0
DICTIONARY
  5
19
102
{ACAD_REACTORS
330
C
102
}
330
C
100
AcDbDictionary
281
     1
  0
ACDBDICTIONARYWDFLT
  5
E
102
{ACAD_REACTORS
330
C
102
}
330
C
100
AcDbDictionary
281
     1
  3
Normal
350
F
100
AcDbDictionaryWithDefault
340
F
  0
DICTIONARY
  5
47
102
{ACAD_REACTORS
330
C
102
}
330
C
100
AcDbDictionary
281
     1
  3
A0
350
48
  3
A1
350
49
  3
A2
350
4A
  3
A3
350
4B
  3
A4
350
4C
  3
A5
350
4D
  3
A6
350
4E
  3
A7
350
4F
  3
A8
350
50
  3
A9
350
51
  3
B0
350
52
  3
B1
350
53
  3
B2
350
54
  3
B3
350
55
  3
B4
350
56
  3
B5
350
57
  3
B6
350
58
  3
B7
350
59
  3
B8
350
5A
  3
B9
350
5B
  3
C0
350
5C
  3
C1
350
5D
  3
C2
350
5E
  3
C3
350
5F
  3
C4
350
60
  3
C5
350
61
  3
C6
350
62
  3
C7
350
63
  3
C8
350
64
  3
C9
350
65
  3
D0
350
66
  3
D1
350
67
  3
D2
350
68
  0
DICTIONARY
  5
B41
102
{ACAD_REACTORS
330
C
102
}
330
C
100
AcDbDictionary
281
     1
  3
Metric50
350
B47
  0
DICTIONARY
  5
69
102
{ACAD_REACTORS
330
C
102
}
330
C
100
AcDbDictionary
281
     1
  3
Standard
350
6A
  0
DICTIONARY
  5
2A
102
{ACAD_REACTORS
330
C
102
}
330
C
100
AcDbDictionary
281
     1
  3
2dWireframe
350
2F
  3
Basic
350
32
  3
Brighten
350
36
  3
ColorChange
350
3A
  3
Conceptual
350
34
  3
Dim
350
35
  3
EdgeColorOff
350
3D
  3
Facepattern
350
39
  3
Flat
350
2B
  3
FlatWithEdges
350
2C
  3
Gouraud
350
2D
  3
GouraudWithEdges
350
2E
  3
Hidden
350
31
  3
JitterOff
350
3B
  3
Linepattern
350
38
  3
OverhangOff
350
3C
  3
Realistic
350
33
  3
Shaded
350
42
  3
Shaded with edges
350
41
  3
Shades of Gray
350
3E
  3
Sketchy
350
3F
  3
Thicken
350
37
  3
Wireframe
350
30
  3
X-Ray
350
40
  0
XRECORD
  5
B53
102
{ACAD_REACTORS
330
C
102
}
330
C
100
AcDbXrecord
280
     1
 90
        1
330
6A
  0
DICTIONARY
  5
B05
102
{ACAD_REACTORS
330
C
102
}
330
C
100
AcDbDictionary
281
     1
  3
CANNOSCALE
350
B06
  3
CMLEADERSTYLE
350
B3F
  3
CTABLESTYLE
350
B3E
  3
CVIEWDETAILSTYLE
350
B4C
  3
CVIEWSECTIONSTYLE
350
B4D
  3
LAYEREVAL
350
B4E
  3
LAYERNOTIFY
350
B4F
  3
XCLIPFRAME
350
B50
  0
ACDBDETAILVIEWSTYLE
  5
B48
102
{ACAD_XDICTIONARY
360
B86
102
}
102
{ACAD_REACTORS
330
B40
102
}
330
B40
100
AcDbModelDocViewStyle
 70
     0
  3
Metric50
290
     0
100
AcDbDetailViewStyle
 70
     0
 71
     0
 90
        3
 71
     1
340
11
 62
   256
 40
5.0
340
0
 62
   256
 40
5.0
300

 40
0.0
280
     1
 71
     2
340
16
 90
       25
 62
   256
 71
     3
340
11
 62
   256
 40
5.0
 90
        0
 40
15.0
 90
        1
300
%<\AcVar ViewDetailId>% (%<\AcVar ViewScale \f "%sn">%)
 71
     4
340
16
 90
       25
 62
   256
340
16
 90
       25
 62
   256
280
     0
  0
LAYOUT
  5
1E
102
{ACAD_REACTORS
330
1A
102
}
330
1A
100
AcDbPlotSettings
  1

  2
none_device
  4

  6

 40
0.0
 41
0.0
 42
0.0
 43
0.0
 44
0.0
 45
0.0
 46
0.0
 47
0.0
 48
0.0
 49
0.0
140
0.0
141
0.0
142
1.0
143
1.0
 70
   688
 72
     1
 73
     0
 74
     5
  7

 75
    16
147
1.0
 76
     0
 77
     2
 78
   300
148
0.0
149
0.0
100
AcDbLayout
  1
Layout1
 70
     1
 71
     1
 10
0.0
 20
0.0
 11
420.0
 21
297.0
 12
0.0
 22
0.0
 32
0.0
 14
1.000000000000000E+20
 24
1.000000000000000E+20
 34
1.000000000000000E+20
 15
-1.000000000000000E+20
 25
-1.000000000000000E+20
 35
-1.000000000000000E+20
146
0.0
 13
0.0
 23
0.0
 33
0.0
 16
1.0
 26
0.0
 36
0.0
 17
0.0
 27
1.0
 37
0.0
 76
     0
330
1B
  0
LAYOUT
  5
26
102
{ACAD_REACTORS
330
1A
102
}
330
1A
100
AcDbPlotSettings
  1

  2
none_device
  4

  6

 40
0.0
 41
0.0
 42
0.0
 43
0.0
 44
0.0
 45
0.0
 46
0.0
 47
0.0
 48
0.0
 49
0.0
140
0.0
141
0.0
142
1.0
143
1.0
 70
   688
 72
     1
 73
     0
 74
     5
  7

 75
    16
147
1.0
 76
     0
 77
     2
 78
   300
148
0.0
149
0.0
100
AcDbLayout
  1
Layout2
 70
     1
 71
     2
 10
0.0
 20
0.0
 11
0.0
 21
0.0
 12
0.0
 22
0.0
 32
0.0
 14
0.0
 24
0.0
 34
0.0
 15
0.0
 25
0.0
 35
0.0
146
0.0
 13
0.0
 23
0.0
 33
0.0
 16
1.0
 26
0.0
 36
0.0
 17
0.0
 27
1.0
 37
0.0
 76
     0
330
23
  0
LAYOUT
  5
22
102
{ACAD_REACTORS
330
1A
102
}
330
1A
100
AcDbPlotSettings
  1

  2
none_device
  4
Letter_(8.50_x_11.00_Inches)
  6

 40
6.349999999999999
 41
6.349999999999999
 42
6.350005079999999
 43
6.350005079999999
 44
215.9
 45
279.4
 46
0.0
 47
0.0
 48
0.0
 49
0.0
140
0.0
141
0.0
142
1.0
143
1.0
 70
  1712
 72
     1
 73
     0
 74
     0
  7

 75
     0
147
1.0
 76
     0
 77
     2
 78
   300
148
0.0
149
0.0
100
AcDbLayout
  1
Model
 70
     1
 71
     0
 10
-8.790274519999998
 20
-4.60000096
 11
47.0463626
 21
16.08001356
 12
0.0
 22
0.0
 32
0.0
 14
1.000000000000000E+20
 24
1.000000000000000E+20
 34
1.000000000000000E+20
 15
-1.000000000000000E+20
 25
-1.000000000000000E+20
 35
-1.000000000000000E+20
146
0.0
 13
0.0
 23
0.0
 33
0.0
 16
1.0
 26
0.0
 36
0.0
 17
0.0
 27
1.0
 37
0.0
 76
     0
330
1F
331
29
  0
MATERIAL
  5
45
102
{ACAD_REACTORS
330
43
102
}
330
43
100
AcDbMaterial
  1
ByBlock
  0
MATERIAL
  5
44
102
{ACAD_REACTORS
330
43
102
}
330
43
100
AcDbMaterial
  1
ByLayer
  0
MATERIAL
  5
46
102
{ACAD_REACTORS
330
43
102
}
330
43
100
AcDbMaterial
  1
Global
  0
MLEADERSTYLE
  5
6C
102
{ACAD_REACTORS
330
6B
102
}
330
6B
100
AcDbMLeaderStyle
170
     2
171
     1
172
     0
 90
        2
 40
0.0
 41
0.0
173
     1
 91
-1056964608
340
14
 92
       -2
290
     1
 42
2.0
291
     1
 43
8.0
  3
Standard
 44
4.0
300

342
11
174
     1
178
     6
175
     1
176
     0
 93
-1056964608
 45
4.0
292
     0
297
     0
 46
4.0
 94
-1056964608
 47
1.0
 49
1.0
140
1.0
293
     1
141
0.0
294
     1
177
     0
142
1.0
295
     0
296
     0
143
3.75
1001
ACAD_MLEADERVER
1070
     2
  0
MLINESTYLE
  5
18
102
{ACAD_REACTORS
330
17
102
}
330
17
100
AcDbMlineStyle
  2
STANDARD
 70
     0
  3

 62
   256
 51
90.0
 52
90.0
 71
     2
 49
0.5
 62
   256
  6
BYLAYER
 49
-0.5
 62
   256
  6
BYLAYER
  0
ACDBPLACEHOLDER
  5
F
102
{ACAD_REACTORS
330
E
102
}
330
E
  0
SCALE
  5
48
102
{ACAD_REACTORS
330
47
102
}
330
47
100
AcDbScale
 70
     0
300
1:1
140
1.0
141
1.0
290
     1
  0
SCALE
  5
49
102
{ACAD_REACTORS
330
47
102
}
330
47
100
AcDbScale
 70
     0
300
1:2
140
1.0
141
2.0
290
     0
  0
SCALE
  5
4A
102
{ACAD_REACTORS
330
47
102
}
330
47
100
AcDbScale
 70
     0
300
1:4
140
1.0
141
4.0
290
     0
  0
SCALE
  5
4B
102
{ACAD_REACTORS
330
47
102
}
330
47
100
AcDbScale
 70
     0
300
1:5
140
1.0
141
5.0
290
     0
  0
SCALE
  5
4C
102
{ACAD_REACTORS
330
47
102
}
330
47
100
AcDbScale
 70
     0
300
1:8
140
1.0
141
8.0
290
     0
  0
SCALE
  5
4D
102
{ACAD_REACTORS
330
47
102
}
330
47
100
AcDbScale
 70
     0
300
1:10
140
1.0
141
10.0
290
     0
  0
SCALE
  5
4E
102
{ACAD_REACTORS
330
47
102
}
330
47
100
AcDbScale
 70
     0
300
1:16
140
1.0
141
16.0
290
     0
  0
SCALE
  5
4F
102
{ACAD_REACTORS
330
47
102
}
330
47
100
AcDbScale
 70
     0
300
1:20
140
1.0
141
20.0
290
     0
  0
SCALE
  5
50
102
{ACAD_REACTORS
330
47
102
}
330
47
100
AcDbScale
 70
     0
300
1:30
140
1.0
141
30.0
290
     0
  0
SCALE
  5
51
102
{ACAD_REACTORS
330
47
102
}
330
47
100
AcDbScale
 70
     0
300
1:40
140
1.0
141
40.0
290
     0
  0
SCALE
  5
52
102
{ACAD_REACTORS
330
47
102
}
330
47
100
AcDbScale
 70
     0
300
1:50
140
1.0
141
50.0
290
     0
  0
SCALE
  5
53
102
{ACAD_REACTORS
330
47
102
}
330
47
100
AcDbScale
 70
     0
300
1:100
140
1.0
141
100.0
290
     0
  0
SCALE
  5
54
102
{ACAD_REACTORS
330
47
102
}
330
47
100
AcDbScale
 70
     0
300
2:1
140
2.0
141
1.0
290
     0
  0
SCALE
  5
55
102
{ACAD_REACTORS
330
47
102
}
330
47
100
AcDbScale
 70
     0
300
4:1
140
4.0
141
1.0
290
     0
  0
SCALE
  5
56
102
{ACAD_REACTORS
330
47
102
}
330
47
100
AcDbScale
 70
     0
300
8:1
140
8.0
141
1.0
290
     0
  0
SCALE
  5
57
102
{ACAD_REACTORS
330
47
102
}
330
47
100
AcDbScale
 70
     0
300
10:1
140
10.0
141
1.0
290
     0
  0
SCALE
  5
58
102
{ACAD_REACTORS
330
47
102
}
330
47
100
AcDbScale
 70
     0
300
100:1
140
100.0
141
1.0
290
     0
  0
SCALE
  5
59
102
{ACAD_REACTORS
330
47
102
}
330
47
100
AcDbScale
 70
     0
300
1/128" = 1'-0"
140
0.0078125
141
12.0
290
     0
  0
SCALE
  5
5A
102
{ACAD_REACTORS
330
47
102
}
330
47
100
AcDbScale
 70
     0
300
1/64" = 1'-0"
140
0.015625
141
12.0
290
     0
  0
SCALE
  5
5B
102
{ACAD_REACTORS
330
47
102
}
330
47
100
AcDbScale
 70
     0
300
1/32" = 1'-0"
140
0.03125
141
12.0
290
     0
  0
SCALE
  5
5C
102
{ACAD_REACTORS
330
47
102
}
330
47
100
AcDbScale
 70
     0
300
1/16" = 1'-0"
140
0.0625
141
12.0
290
     0
  0
SCALE
  5
5D
102
{ACAD_REACTORS
330
47
102
}
330
47
100
AcDbScale
 70
     0
300
3/32" = 1'-0"
140
0.09375
141
12.0
290
     0
  0
SCALE
  5
5E
102
{ACAD_REACTORS
330
47
102
}
330
47
100
AcDbScale
 70
     0
300
1/8" = 1'-0"
140
0.125
141
12.0
290
     0
  0
SCALE
  5
5F
102
{ACAD_REACTORS
330
47
102
}
330
47
100
AcDbScale
 70
     0
300
3/16" = 1'-0"
140
0.1875
141
12.0
290
     0
  0
SCALE
  5
60
102
{ACAD_REACTORS
330
47
102
}
330
47
100
AcDbScale
 70
     0
300
1/4" = 1'-0"
140
0.25
141
12.0
290
     0
  0
SCALE
  5
61
102
{ACAD_REACTORS
330
47
102
}
330
47
100
AcDbScale
 70
     0
300
3/8" = 1'-0"
140
0.375
141
12.0
290
     0
  0
SCALE
  5
62
102
{ACAD_REACTORS
330
47
102
}
330
47
100
AcDbScale
 70
     0
300
1/2" = 1'-0"
140
0.5
141
12.0
290
     0
  0
SCALE
  5
63
102
{ACAD_REACTORS
330
47
102
}
330
47
100
AcDbScale
 70
     0
300
3/4" = 1'-0"
140
0.75
141
12.0
290
     0
  0
SCALE
  5
64
102
{ACAD_REACTORS
330
47
102
}
330
47
100
AcDbScale
 70
     0
300
1" = 1'-0"
140
1.0
141
12.0
290
     0
  0
SCALE
  5
65
102
{ACAD_REACTORS
330
47
102
}
330
47
100
AcDbScale
 70
     0
300
1-1/2" = 1'-0"
140
1.5
141
12.0
290
     0
  0
SCALE
  5
66
102
{ACAD_REACTORS
330
47
102
}
330
47
100
AcDbScale
 70
     0
300
3" = 1'-0"
140
3.0
141
12.0
290
     0
  0
SCALE
  5
67
102
{ACAD_REACTORS
330
47
102
}
330
47
100
AcDbScale
 70
     0
300
6" = 1'-0"
140
6.0
141
12.0
290
     0
  0
SCALE
  5
68
102
{ACAD_REACTORS
330
47
102
}
330
47
100
AcDbScale
 70
     0
300
1'-0" = 1'-0"
140
12.0
141
12.0
290
     0
  0
ACDBSECTIONVIEWSTYLE
  5
B47
102
{ACAD_XDICTIONARY
360
B84
102
}
102
{ACAD_REACTORS
330
B41
102
}
330
B41
100
AcDbModelDocViewStyle
 70
     0
  3
Metric50
290
     0
100
AcDbSectionViewStyle
 70
     0
 71
     0
 90
      102
 71
     1
340
11
 62
   256
 40
5.0
340
0
340
0
 62
   256
 40
5.0
300
I, O, Q, S, X, Z
 40
10.0
 90
        0
 40
2.5
 90
        0
 71
     2
340
16
 90
       25
 62
   256
340
16
 90
       50
 62
   256
 40
5.0
 40
2.5
 40
5.0
 71
     3
340
11
 62
   256
 40
5.0
 90
        0
 40
15.0
 90
        1
300
%<\AcVar ViewSectionStartId>%-%<\AcVar ViewSectionEndId>% (%<\AcVar ViewScale \f "%sn">%)
 71
     4
 62
   256
 62
   257
300
ANSI31
 40
1.0
 90
        0
290
     0
290
     0
 90
        6
 40
0.0
 40
1.570796326794896
 40
0.2617993877991494
 40
1.308996938995747
 40
-0.2617993877991494
 40
1.832595714594046
  0
TABLESTYLE
  5
6A
102
{ACAD_XDICTIONARY
360
B38
102
}
102
{ACAD_REACTORS
330
69
102
}
330
69
100
AcDbTableStyle
  3
Standard
 70
     0
 71
     0
 40
1.5
 41
1.5
280
     0
281
     0
  7
Standard
140
4.5
170
     2
 62
     0
 63
     7
283
     0
 90
        4
 91
        0
  1

274
    -2
284
     1
 64
     0
275
    -2
285
     1
 65
     0
276
    -2
286
     1
 66
     0
277
    -2
287
     1
 67
     0
278
    -2
288
     1
 68
     0
279
    -2
289
     1
 69
     0
  7
Standard
140
6.0
170
     5
 62
     0
 63
     7
283
     0
 90
        4
 91
        0
  1

274
    -2
284
     1
 64
     0
275
    -2
285
     1
 65
     0
276
    -2
286
     1
 66
     0
277
    -2
287
     1
 67
     0
278
    -2
288
     1
 68
     0
279
    -2
289
     1
 69
     0
  7
Standard
140
4.5
170
     5
 62
     0
 63
     7
283
     0
 90
        4
 91
        0
  1

274
    -2
284
     1
 64
     0
275
    -2
285
     1
 65
     0
276
    -2
286
     1
 66
     0
277
    -2
287
     1
 67
     0
278
    -2
288
     1
 68
     0
279
    -2
289
     1
 69
     0
  0
VISUALSTYLE
  5
2F
102
{ACAD_XDICTIONARY
360
B5C
102
}
102
{ACAD_REACTORS
330
2A
102
}
330
2A
100
AcDbVisualStyle
  2

 70
     4
 71
     0
 72
     2
 73
     0
 90
        0
 40
-0.6
 41
-30.0
 62
     5
 63
     7
421
 16777215
 74
     1
 91
        4
 64
     7
 65
   257
 75
     1
175
     1
 42
1.0
 92
        0
 66
   257
 43
1.0
 76
     1
 77
     6
 78
     2
 67
     7
 79
     5
170
     0
171
     0
290
     0
174
     0
 93
        1
 44
0.0
173
     0
291
     0
 45
0.0
1001
ACAD
1000
AcDbSavedByObjectVersion
1070
     0
  0
VISUALSTYLE
  5
32
102
{ACAD_XDICTIONARY
360
B62
102
}
102
{ACAD_REACTORS
330
2A
102
}
330
2A
100
AcDbVisualStyle
  2

 70
     7
 71
     1
 72
     0
 73
     1
 90
        0
 40
-0.6
 41
-30.0
 62
     5
 63
     7
421
 16777215
 74
     0
 91
        4
 64
     7
 65
   257
 75
     1
175
     1
 42
1.0
 92
        8
 66
     7
 43
1.0
 76
     1
 77
     6
 78
     2
 67
     7
 79
     5
170
     0
171
     0
290
     0
174
     0
 93
        1
 44
0.0
173
     0
291
     1
 45
0.0
1001
ACAD
1000
AcDbSavedByObjectVersion
1070
     0
  0
VISUALSTYLE
  5
36
102
{ACAD_XDICTIONARY
360
B6A
102
}
102
{ACAD_REACTORS
330
2A
102
}
330
2A
100
AcDbVisualStyle
  2

 70
    12
 71
     2
 72
     2
 73
     0
 90
        0
 40
-0.6
 41
-30.0
 62
     5
 63
     7
421
 16777215
 74
     1
 91
        4
 64
     7
 65
   257
 75
     1
175
     1
 42
1.0
 92
        8
 66
     7
 43
1.0
 76
     1
 77
     6
 78
     2
 67
     7
 79
     5
170
     0
171
     0
290
     0
174
     0
 93
        1
 44
50.0
173
     0
291
     1
 45
0.0
1001
ACAD
1000
AcDbSavedByObjectVersion
1070
     0
  0
VISUALSTYLE
  5
3A
102
{ACAD_XDICTIONARY
360
B72
102
}
102
{ACAD_REACTORS
330
2A
102
}
330
2A
100
AcDbVisualStyle
  2

 70
    16
 71
     2
 72
     2
 73
     3
 90
        0
 40
-0.6
 41
-30.0
 62
     5
 63
     8
421
  8421504
 74
     1
 91
        4
 64
     7
 65
   257
 75
     1
175
     1
 42
1.0
 92
        8
 66
     8
424
  8421504
 43
1.0
 76
     1
 77
     6
 78
     2
 67
     7
 79
     5
170
     0
171
     0
290
     0
174
     0
 93
        1
 44
0.0
173
     0
291
     1
 45
0.0
1001
ACAD
1000
AcDbSavedByObjectVersion
1070
     0
  0
VISUALSTYLE
  5
34
102
{ACAD_XDICTIONARY
360
B66
102
}
102
{ACAD_REACTORS
330
2A
102
}
330
2A
100
AcDbVisualStyle
  2

 70
     9
 71
     3
 72
     2
 73
     0
 90
        0
 40
-0.6
 41
-30.0
 62
     5
 63
     7
421
 16777215
 74
     2
 91
        2
 64
     7
 65
   257
 75
     1
175
     1
 42
179.0
 92
        8
 66
     7
 43
1.0
 76
     1
 77
     6
 78
     2
 67
     7
 79
     3
170
     0
171
     0
290
     0
174
     0
 93
        1
 44
0.0
173
     0
291
     0
 45
0.0
1001
ACAD
1000
AcDbSavedByObjectVersion
1070
     0
  0
VISUALSTYLE
  5
35
102
{ACAD_XDICTIONARY
360
B68
102
}
102
{ACAD_REACTORS
330
2A
102
}
330
2A
100
AcDbVisualStyle
  2

 70
    11
 71
     2
 72
     2
 73
     0
 90
        0
 40
-0.6
 41
-30.0
 62
     5
 63
     7
421
 16777215
 74
     1
 91
        4
 64
     7
 65
   257
 75
     1
175
     1
 42
1.0
 92
        8
 66
     7
 43
1.0
 76
     1
 77
     6
 78
     2
 67
     7
 79
     5
170
     0
171
     0
290
     0
174
     0
 93
        1
 44
-50.0
173
     0
291
     1
 45
0.0
1001
ACAD
1000
AcDbSavedByObjectVersion
1070
     0
  0
VISUALSTYLE
  5
3D
102
{ACAD_XDICTIONARY
360
B78
102
}
102
{ACAD_REACTORS
330
2A
102
}
330
2A
100
AcDbVisualStyle
  2

 70
    22
 71
     2
 72
     2
 73
     0
 90
        0
 40
-0.6
 41
-30.0
 62
     5
 63
     7
421
 16777215
 74
     1
 91
        4
 64
     7
 65
   257
 75
     1
175
     1
 42
1.0
 92
        8
 66
     7
 43
1.0
 76
     1
 77
     6
 78
     2
 67
     7
 79
     5
170
     0
171
     0
290
     0
174
     0
 93
        1
 44
0.0
173
     0
291
     1
 45
0.0
1001
ACAD
1000
AcDbSavedByObjectVersion
1070
     0
  0
VISUALSTYLE
  5
39
102
{ACAD_XDICTIONARY
360
B70
102
}
102
{ACAD_REACTORS
330
2A
102
}
330
2A
100
AcDbVisualStyle
  2

 70
    15
 71
     2
 72
     2
 73
     0
 90
        0
 40
-0.6
 41
-30.0
 62
     5
 63
     7
421
 16777215
 74
     1
 91
        4
 64
     7
 65
   257
 75
     1
175
     1
 42
1.0
 92
        8
 66
     7
 43
1.0
 76
     1
 77
     6
 78
     2
 67
     7
 79
     5
170
     0
171
     0
290
     0
174
     0
 93
        1
 44
0.0
173
     0
291
     1
 45
0.0
1001
ACAD
1000
AcDbSavedByObjectVersion
1070
     0
  0
VISUALSTYLE
  5
2B
102
{ACAD_XDICTIONARY
360
B54
102
}
102
{ACAD_REACTORS
330
2A
102
}
330
2A
100
AcDbVisualStyle
  2

 70
     0
 71
     2
 72
     1
 73
     1
 90
        2
 40
-0.6
 41
30.0
 62
     5
 63
     7
421
 16777215
 74
     0
 91
        0
 64
     7
 65
   257
 75
     1
175
     1
 42
1.0
 92
        8
 66
     7
 43
1.0
 76
     1
 77
     6
 78
     2
 67
     7
 79
     5
170
     0
171
     0
290
     0
174
     0
 93
       13
 44
0.0
173
     0
291
     1
 45
0.0
1001
ACAD
1000
AcDbSavedByObjectVersion
1070
     0
  0
VISUALSTYLE
  5
2C
102
{ACAD_XDICTIONARY
360
B56
102
}
102
{ACAD_REACTORS
330
2A
102
}
330
2A
100
AcDbVisualStyle
  2

 70
     1
 71
     2
 72
     1
 73
     1
 90
        2
 40
-0.6
 41
30.0
 62
     5
 63
     7
421
 16777215
 74
     1
 91
        0
 64
     7
 65
   257
 75
     1
175
     1
 42
1.0
 92
        0
 66
   257
 43
1.0
 76
     1
 77
     6
 78
     2
 67
     7
 79
     5
170
     0
171
     0
290
     0
174
     0
 93
       13
 44
0.0
173
     0
291
     1
 45
0.0
1001
ACAD
1000
AcDbSavedByObjectVersion
1070
     0
  0
VISUALSTYLE
  5
2D
102
{ACAD_XDICTIONARY
360
B58
102
}
102
{ACAD_REACTORS
330
2A
102
}
330
2A
100
AcDbVisualStyle
  2

 70
     2
 71
     2
 72
     2
 73
     1
 90
        2
 40
-0.6
 41
30.0
 62
     5
 63
     7
421
 16777215
 74
     0
 91
        0
 64
     7
 65
   257
 75
     1
175
     1
 42
1.0
 92
        0
 66
     7
 43
1.0
 76
     1
 77
     6
 78
     2
 67
     7
 79
     5
170
     0
171
     0
290
     0
174
     0
 93
       13
 44
0.0
173
     0
291
     1
 45
0.0
1001
ACAD
1000
AcDbSavedByObjectVersion
1070
     0
  0
VISUALSTYLE
  5
2E
102
{ACAD_XDICTIONARY
360
B5A
102
}
102
{ACAD_REACTORS
330
2A
102
}
330
2A
100
AcDbVisualStyle
  2

 70
     3
 71
     2
 72
     2
 73
     1
 90
        2
 40
-0.6
 41
30.0
 62
     5
 63
     7
421
 16777215
 74
     1
 91
        0
 64
     7
 65
   257
 75
     1
175
     1
 42
1.0
 92
        0
 66
   257
 43
1.0
 76
     1
 77
     6
 78
     2
 67
     7
 79
     5
170
     0
171
     0
290
     0
174
     0
 93
       13
 44
0.0
173
     0
291
     1
 45
0.0
1001
ACAD
1000
AcDbSavedByObjectVersion
1070
     0
  0
VISUALSTYLE
  5
31
102
{ACAD_XDICTIONARY
360
B60
102
}
102
{ACAD_REACTORS
330
2A
102
}
330
2A
100
AcDbVisualStyle
  2

 70
     6
 71
     1
 72
     2
 73
     2
 90
        0
 40
-0.6
 41
-30.0
 62
     5
 63
     7
421
 16777215
 74
     2
 91
        2
 64
     7
 65
   257
 75
     2
175
     1
 42
40.0
 92
        0
 66
   257
 43
1.0
 76
     1
 77
     6
 78
     2
 67
     7
 79
     3
170
     0
171
     0
290
     0
174
     0
 93
        1
 44
0.0
173
     0
291
     0
 45
0.0
1001
ACAD
1000
AcDbSavedByObjectVersion
1070
     0
  0
VISUALSTYLE
  5
3B
102
{ACAD_XDICTIONARY
360
B74
102
}
102
{ACAD_REACTORS
330
2A
102
}
330
2A
100
AcDbVisualStyle
  2

 70
    20
 71
     2
 72
     2
 73
     0
 90
        0
 40
-0.6
 41
-30.0
 62
     5
 63
     7
421
 16777215
 74
     1
 91
        4
 64
     7
 65
   257
 75
     1
175
     1
 42
1.0
 92
       10
 66
     7
 43
1.0
 76
     1
 77
     6
 78
     2
 67
     7
 79
     5
170
     0
171
     0
290
     0
174
     0
 93
        1
 44
0.0
173
     0
291
     1
 45
0.0
1001
ACAD
1000
AcDbSavedByObjectVersion
1070
     0
  0
VISUALSTYLE
  5
38
102
{ACAD_XDICTIONARY
360
B6E
102
}
102
{ACAD_REACTORS
330
2A
102
}
330
2A
100
AcDbVisualStyle
  2

 70
    14
 71
     2
 72
     2
 73
     0
 90
        0
 40
-0.6
 41
-30.0
 62
     5
 63
     7
421
 16777215
 74
     1
 91
        4
 64
     7
 65
   257
 75
     7
175
     7
 42
1.0
 92
        8
 66
     7
 43
1.0
 76
     1
 77
     6
 78
     2
 67
     7
 79
     5
170
     0
171
     0
290
     0
174
     0
 93
        1
 44
0.0
173
     0
291
     1
 45
0.0
1001
ACAD
1000
AcDbSavedByObjectVersion
1070
     0
  0
VISUALSTYLE
  5
3C
102
{ACAD_XDICTIONARY
360
B76
102
}
102
{ACAD_REACTORS
330
2A
102
}
330
2A
100
AcDbVisualStyle
  2

 70
    21
 71
     2
 72
     2
 73
     0
 90
        0
 40
-0.6
 41
-30.0
 62
     5
 63
     7
421
 16777215
 74
     1
 91
        4
 64
     7
 65
   257
 75
     1
175
     1
 42
1.0
 92
        9
 66
     7
 43
1.0
 76
     1
 77
     6
 78
     2
 67
     7
 79
     5
170
     0
171
     0
290
     0
174
     0
 93
        1
 44
0.0
173
     0
291
     1
 45
0.0
1001
ACAD
1000
AcDbSavedByObjectVersion
1070
     0
  0
VISUALSTYLE
  5
33
102
{ACAD_XDICTIONARY
360
B64
102
}
102
{ACAD_REACTORS
330
2A
102
}
330
2A
100
AcDbVisualStyle
  2

 70
     8
 71
     2
 72
     3
 73
     0
 90
        2
 40
-0.6
 41
30.0
 62
     5
 63
     7
421
 16777215
 74
     0
 91
        0
 64
     7
 65
   257
 75
     1
175
     1
 42
1.0
 92
        8
 66
   257
 43
1.0
 76
     1
 77
     6
 78
     2
 67
     7
 79
     3
170
     0
171
     0
290
     0
174
     0
 93
       13
 44
0.0
173
     0
291
     0
 45
0.0
1001
ACAD
1000
AcDbSavedByObjectVersion
1070
     0
  0
VISUALSTYLE
  5
42
102
{ACAD_XDICTIONARY
360
B82
102
}
102
{ACAD_REACTORS
330
2A
102
}
330
2A
100
AcDbVisualStyle
  2

 70
    27
 71
     2
 72
     2
 73
     1
 90
        2
 40
-0.6
 41
30.0
 62
     5
 63
     7
421
 16777215
 74
     0
 91
        4
 64
     7
 65
   257
 75
     1
175
     1
 42
1.0
 92
        8
 66
   257
 43
1.0
 76
     1
 77
     6
 78
     2
 67
     8
425
  7895160
 79
     3
170
     0
171
     0
290
     0
174
     0
 93
        5
 44
0.0
173
     0
291
     0
 45
0.0
1001
ACAD
1000
AcDbSavedByObjectVersion
1070
     0
  0
VISUALSTYLE
  5
41
102
{ACAD_XDICTIONARY
360
B80
102
}
102
{ACAD_REACTORS
330
2A
102
}
330
2A
100
AcDbVisualStyle
  2

 70
    26
 71
     2
 72
     2
 73
     1
 90
        2
 40
-0.6
 41
30.0
 62
     5
 63
     7
421
 16777215
 74
     1
 91
       10
 64
     7
 65
   257
 75
     2
175
     1
 42
1.0
 92
        8
 66
   257
 43
1.0
 76
     1
 77
     6
 78
     2
 67
     7
 79
     3
170
     0
171
     0
290
     0
174
     0
 93
        5
 44
0.0
173
     0
291
     0
 45
0.0
1001
ACAD
1000
AcDbSavedByObjectVersion
1070
     0
  0
VISUALSTYLE
  5
3E
102
{ACAD_XDICTIONARY
360
B7A
102
}
102
{ACAD_REACTORS
330
2A
102
}
330
2A
100
AcDbVisualStyle
  2

 70
    23
 71
     2
 72
     2
 73
     3
 90
        0
 40
-0.6
 41
-30.0
 62
     5
 63
     7
421
 16777215
 74
     2
 91
        2
 64
     7
 65
     7
 75
     1
175
     1
 42
40.0
 92
        8
 66
     7
 43
1.0
 76
     1
 77
     6
 78
     2
 67
     7
 79
     3
170
     0
171
     0
290
     0
174
     0
 93
        1
 44
0.0
173
     0
291
     0
 45
0.0
1001
ACAD
1000
AcDbSavedByObjectVersion
1070
     0
  0
VISUALSTYLE
  5
3F
102
{ACAD_XDICTIONARY
360
B7C
102
}
102
{ACAD_REACTORS
330
2A
102
}
330
2A
100
AcDbVisualStyle
  2

 70
    24
 71
     1
 72
     2
 73
     2
 90
        0
 40
-0.6
 41
-30.0
 62
     5
 63
     7
421
 16777215
 74
     2
 91
        2
 64
     7
 65
     7
 75
     1
175
     1
 42
40.0
 92
       11
 66
     7
 43
1.0
 76
     1
 77
     6
 78
     2
 67
     7
 79
     6
170
     0
171
     0
290
     0
174
     0
 93
        1
 44
0.0
173
     0
291
     0
 45
0.0
1001
ACAD
1000
AcDbSavedByObjectVersion
1070
     0
  0
VISUALSTYLE
  5
37
102
{ACAD_XDICTIONARY
360
B6C
102
}
102
{ACAD_REACTORS
330
2A
102
}
330
2A
100
AcDbVisualStyle
  2

 70
    13
 71
     2
 72
     2
 73
     0
 90
        0
 40
-0.6
 41
-30.0
 62
     5
 63
     7
421
 16777215
 74
     1
 91
        4
 64
     7
 65
   257
 75
     1
175
     1
 42
1.0
 92
       12
 66
     7
 43
1.0
 76
     1
 77
     6
 78
     2
 67
     7
 79
     5
170
     0
171
     0
290
     0
174
     0
 93
        1
 44
0.0
173
     0
291
     1
 45
0.0
1001
ACAD
1000
AcDbSavedByObjectVersion
1070
     0
  0
VISUALSTYLE
  5
30
102
{ACAD_XDICTIONARY
360
B5E
102
}
102
{ACAD_REACTORS
330
2A
102
}
330
2A
100
AcDbVisualStyle
  2

 70
     5
 71
     0
 72
     2
 73
     0
 90
        0
 40
-0.6
 41
-30.0
 62
     5
 63
     7
421
 16777215
 74
     1
 91
        4
 64
     7
 65
   257
 75
     1
175
     1
 42
1.0
 92
        0
 66
   257
 43
1.0
 76
     1
 77
     6
 78
     2
 67
     7
 79
     3
170
     0
171
     0
290
     0
174
     0
 93
        1
 44
0.0
173
     0
291
     0
 45
0.0
1001
ACAD
1000
AcDbSavedByObjectVersion
1070
     0
  0
VISUALSTYLE
  5
40
102
{ACAD_XDICTIONARY
360
B7E
102
}
102
{ACAD_REACTORS
330
2A
102
}
330
2A
100
AcDbVisualStyle
  2

 70
    25
 71
     2
 72
     2
 73
     1
 90
        1
 40
0.5
 41
-30.0
 62
     5
 63
     7
421
 16777215
 74
     1
 91
        0
 64
     7
 65
   257
 75
     1
175
     1
 42
1.0
 92
        8
 66
     7
 43
1.0
 76
     1
 77
     6
 78
     2
 67
     7
 79
     3
170
     0
171
     0
290
     0
174
     0
 93
       13
 44
0.0
173
     0
291
     0
 45
0.0
1001
ACAD
1000
AcDbSavedByObjectVersion
1070
     0
  0
DICTIONARYVAR
  5
B06
102
{ACAD_REACTORS
330
B05
102
}
330
B05
100
DictionaryVariables
280
     0
  1
1:1
  0
DICTIONARYVAR
  5
B3F
102
{ACAD_REACTORS
330
B05
102
}
330
B05
100
DictionaryVariables
280
     0
  1
STANDARD
  0
DICTIONARYVAR
  5
B3E
102
{ACAD_REACTORS
330
B05
102
}
330
B05
100
DictionaryVariables
280
     0
  1
STANDARD
  0
DICTIONARYVAR
  5
B4C
102
{ACAD_REACTORS
330
B05
102
}
330
B05
100
DictionaryVariables
280
     0
  1
Metric50
  0
DICTIONARYVAR
  5
B4D
102
{ACAD_REACTORS
330
B05
102
}
330
B05
100
DictionaryVariables
280
     0
  1
Metric50
  0
DICTIONARYVAR
  5
B4E
102
{ACAD_REACTORS
330
B05
102
}
330
B05
100
DictionaryVariables
280
     0
  1
1
  0
DICTIONARYVAR
  5
B4F
102
{ACAD_REACTORS
330
B05
102
}
330
B05
100
DictionaryVariables
280
     0
  1
15
  0
DICTIONARYVAR
  5
B50
102
{ACAD_REACTORS
330
B05
102
}
330
B05
100
DictionaryVariables
280
     0
  1
2
  0
DICTIONARY
  5
B86
330
B48
100
AcDbDictionary
280
     1
281
     1
  3
ACAD_XREC_ROUNDTRIP
360
B87
  0
DICTIONARY
  5
B84
330
B47
100
AcDbDictionary
280
     1
281
     1
  3
ACAD_XREC_ROUNDTRIP
360
B85
  0
DICTIONARY
  5
B38
330
6A
100
AcDbDictionary
280
     1
281
     1
  3
ACAD_ROUNDTRIP_2008_TABLESTYLE_CELLSTYLEMAP
360
B52
  0
DICTIONARY
  5
B5C
330
2F
100
AcDbDictionary
280
     1
281
     1
  3
ACAD_XREC_ROUNDTRIP
360
B5D
  0
DICTIONARY
  5
B62
330
32
100
AcDbDictionary
280
     1
281
     1
  3
ACAD_XREC_ROUNDTRIP
360
B63
  0
DICTIONARY
  5
B6A
330
36
100
AcDbDictionary
280
     1
281
     1
  3
ACAD_XREC_ROUNDTRIP
360
B6B
  0
DICTIONARY
  5
B72
330
3A
100
AcDbDictionary
280
     1
281
     1
  3
ACAD_XREC_ROUNDTRIP
360
B73
  0
DICTIONARY
  5
B66
330
34
100
AcDbDictionary
280
     1
281
     1
  3
ACAD_XREC_ROUNDTRIP
360
B67
  0
DICTIONARY
  5
B68
330
35
100
AcDbDictionary
280
     1
281
     1
  3
ACAD_XREC_ROUNDTRIP
360
B69
  0
DICTIONARY
  5
B78
330
3D
100
AcDbDictionary
280
     1
281
     1
  3
ACAD_XREC_ROUNDTRIP
360
B79
  0
DICTIONARY
  5
B70
330
39
100
AcDbDictionary
280
     1
281
     1
  3
ACAD_XREC_ROUNDTRIP
360
B71
  0
DICTIONARY
  5
B54
330
2B
100
AcDbDictionary
280
     1
281
     1
  3
ACAD_XREC_ROUNDTRIP
360
B55
  0
DICTIONARY
  5
B56
330
2C
100
AcDbDictionary
280
     1
281
     1
  3
ACAD_XREC_ROUNDTRIP
360
B57
  0
DICTIONARY
  5
B58
330
2D
100
AcDbDictionary
280
     1
281
     1
  3
ACAD_XREC_ROUNDTRIP
360
B59
  0
DICTIONARY
  5
B5A
330
2E
100
AcDbDictionary
280
     1
281
     1
  3
ACAD_XREC_ROUNDTRIP
360
B5B
  0
DICTIONARY
  5
B60
330
31
100
AcDbDictionary
280
     1
281
     1
  3
ACAD_XREC_ROUNDTRIP
360
B61
  0
DICTIONARY
  5
B74
330
3B
100
AcDbDictionary
280
     1
281
     1
  3
ACAD_XREC_ROUNDTRIP
360
B75
  0
DICTIONARY
  5
B6E
330
38
100
AcDbDictionary
280
     1
281
     1
  3
ACAD_XREC_ROUNDTRIP
360
B6F
  0
DICTIONARY
  5
B76
330
3C
100
AcDbDictionary
280
     1
281
     1
  3
ACAD_XREC_ROUNDTRIP
360
B77
  0
DICTIONARY
  5
B64
330
33
100
AcDbDictionary
280
     1
281
     1
  3
ACAD_XREC_ROUNDTRIP
360
B65
  0
DICTIONARY
  5
B82
330
42
100
AcDbDictionary
280
     1
281
     1
  3
ACAD_XREC_ROUNDTRIP
360
B83
  0
DICTIONARY
  5
B80
330
41
100
AcDbDictionary
280
     1
281
     1
  3
ACAD_XREC_ROUNDTRIP
360
B81
  0
DICTIONARY
  5
B7A
330
3E
100
AcDbDictionary
280
     1
281
     1
  3
ACAD_XREC_ROUNDTRIP
360
B7B
  0
DICTIONARY
  5
B7C
330
3F
100
AcDbDictionary
280
     1
281
     1
  3
ACAD_XREC_ROUNDTRIP
360
B7D
  0
DICTIONARY
  5
B6C
330
37
100
AcDbDictionary
280
     1
281
     1
  3
ACAD_XREC_ROUNDTRIP
360
B6D
  0
DICTIONARY
  5
B5E
330
30
100
AcDbDictionary
280
     1
281
     1
  3
ACAD_XREC_ROUNDTRIP
360
B5F
  0
DICTIONARY
  5
B7E
330
40
100
AcDbDictionary
280
     1
281
     1
  3
ACAD_XREC_ROUNDTRIP
360
B7F
  0
XRECORD
  5
B87
102
{ACAD_REACTORS
330
B86
102
}
330
B86
100
AcDbXrecord
280
     1
102
DISPLAYNAME
  1
Metric50
102
FLAGS
 90
        0
  0
XRECORD
  5
B85
102
{ACAD_REACTORS
330
B84
102
}
330
B84
100
AcDbXrecord
280
     1
102
DISPLAYNAME
  1
Metric50
102
FLAGS
 90
        0
  0
CELLSTYLEMAP
  5
B52
102
{ACAD_REACTORS
330
B38
102
}
330
B38
100
AcDbCellStyleMap
 90
        3
300
CELLSTYLE
  1
TABLEFORMAT_BEGIN
 90
        5
170
     1
 91
        0
 92
    32768
 62
   257
 93
        1
300
CONTENTFORMAT
  1
CONTENTFORMAT_BEGIN
 90
        0
 91
        0
 92
        4
 93
        0
300

 40
0.0
140
1.0
 94
        5
 62
     0
340
11
144
6.0
309
CONTENTFORMAT_END
171
     1
301
MARGIN
  1
CELLMARGIN_BEGIN
 40
1.5
 40
1.5
 40
1.5
 40
1.5
 40
0.18
 40
0.18
309
CELLMARGIN_END
 94
        6
 95
        1
302
GRIDFORMAT
  1
GRIDFORMAT_BEGIN
 90
        0
 91
        1
 62
     0
 92
       -2
340
14
 93
        0
 40
0.045
309
GRIDFORMAT_END
 95
        2
302
GRIDFORMAT
  1
GRIDFORMAT_BEGIN
 90
        0
 91
        1
 62
     0
 92
       -2
340
14
 93
        0
 40
0.045
309
GRIDFORMAT_END
 95
        4
302
GRIDFORMAT
  1
GRIDFORMAT_BEGIN
 90
        0
 91
        1
 62
     0
 92
       -2
340
14
 93
        0
 40
0.045
309
GRIDFORMAT_END
 95
        8
302
GRIDFORMAT
  1
GRIDFORMAT_BEGIN
 90
        0
 91
        1
 62
     0
 92
       -2
340
14
 93
        0
 40
0.045
309
GRIDFORMAT_END
 95
       16
302
GRIDFORMAT
  1
GRIDFORMAT_BEGIN
 90
        0
 91
        1
 62
     0
 92
       -2
340
14
 93
        0
 40
0.045
309
GRIDFORMAT_END
 95
       32
302
GRIDFORMAT
  1
GRIDFORMAT_BEGIN
 90
        0
 91
        1
 62
     0
 92
       -2
340
14
 93
        0
 40
0.045
309
GRIDFORMAT_END
309
TABLEFORMAT_END
  1
CELLSTYLE_BEGIN
 90
        1
 91
        1
300
_TITLE
309
CELLSTYLE_END
300
CELLSTYLE
  1
TABLEFORMAT_BEGIN
 90
        5
170
     1
 91
        0
 92
        0
 62
   257
 93
        1
300
CONTENTFORMAT
  1
CONTENTFORMAT_BEGIN
 90
        0
 91
        0
 92
        4
 93
        0
300

 40
0.0
140
1.0
 94
        5
 62
     0
340
11
144
4.5
309
CONTENTFORMAT_END
171
     1
301
MARGIN
  1
CELLMARGIN_BEGIN
 40
1.5
 40
1.5
 40
1.5
 40
1.5
 40
0.18
 40
0.18
309
CELLMARGIN_END
 94
        6
 95
        1
302
GRIDFORMAT
  1
GRIDFORMAT_BEGIN
 90
        0
 91
        1
 62
     0
 92
       -2
340
14
 93
        0
 40
0.045
309
GRIDFORMAT_END
 95
        2
302
GRIDFORMAT
  1
GRIDFORMAT_BEGIN
 90
        0
 91
        1
 62
     0
 92
       -2
340
14
 93
        0
 40
0.045
309
GRIDFORMAT_END
 95
        4
302
GRIDFORMAT
  1
GRIDFORMAT_BEGIN
 90
        0
 91
        1
 62
     0
 92
       -2
340
14
 93
        0
 40
0.045
309
GRIDFORMAT_END
 95
        8
302
GRIDFORMAT
  1
GRIDFORMAT_BEGIN
 90
        0
 91
        1
 62
     0
 92
       -2
340
14
 93
        0
 40
0.045
309
GRIDFORMAT_END
 95
       16
302
GRIDFORMAT
  1
GRIDFORMAT_BEGIN
 90
        0
 91
        1
 62
     0
 92
       -2
340
14
 93
        0
 40
0.045
309
GRIDFORMAT_END
 95
       32
302
GRIDFORMAT
  1
GRIDFORMAT_BEGIN
 90
        0
 91
        1
 62
     0
 92
       -2
340
14
 93
        0
 40
0.045
309
GRIDFORMAT_END
309
TABLEFORMAT_END
  1
CELLSTYLE_BEGIN
 90
        2
 91
        1
300
_HEADER
309
CELLSTYLE_END
300
CELLSTYLE
  1
TABLEFORMAT_BEGIN
 90
        5
170
     1
 91
        0
 92
        0
 62
   257
 93
        1
300
CONTENTFORMAT
  1
CONTENTFORMAT_BEGIN
 90
        0
 91
        0
 92
        4
 93
        0
300

 40
0.0
140
1.0
 94
        2
 62
     0
340
11
144
4.5
309
CONTENTFORMAT_END
171
     1
301
MARGIN
  1
CELLMARGIN_BEGIN
 40
1.5
 40
1.5
 40
1.5
 40
1.5
 40
0.18
 40
0.18
309
CELLMARGIN_END
 94
        6
 95
        1
302
GRIDFORMAT
  1
GRIDFORMAT_BEGIN
 90
        0
 91
        1
 62
     0
 92
       -2
340
14
 93
        0
 40
0.045
309
GRIDFORMAT_END
 95
        2
302
GRIDFORMAT
  1
GRIDFORMAT_BEGIN
 90
        0
 91
        1
 62
     0
 92
       -2
340
14
 93
        0
 40
0.045
309
GRIDFORMAT_END
 95
        4
302
GRIDFORMAT
  1
GRIDFORMAT_BEGIN
 90
        0
 91
        1
 62
     0
 92
       -2
340
14
 93
        0
 40
0.045
309
GRIDFORMAT_END
 95
        8
302
GRIDFORMAT
  1
GRIDFORMAT_BEGIN
 90
        0
 91
        1
 62
     0
 92
       -2
340
14
 93
        0
 40
0.045
309
GRIDFORMAT_END
 95
       16
302
GRIDFORMAT
  1
GRIDFORMAT_BEGIN
 90
        0
 91
        1
 62
     0
 92
       -2
340
14
 93
        0
 40
0.045
309
GRIDFORMAT_END
 95
       32
302
GRIDFORMAT
  1
GRIDFORMAT_BEGIN
 90
        0
 91
        1
 62
     0
 92
       -2
340
14
 93
        0
 40
0.045
309
GRIDFORMAT_END
309
TABLEFORMAT_END
  1
CELLSTYLE_BEGIN
 90
        3
 91
        2
300
_DATA
309
CELLSTYLE_END
  0
XRECORD
  5
B5D
102
{ACAD_REACTORS
330
B5C
102
}
330
B5C
100
AcDbXrecord
280
     1
102
RTVSPost2010Prop28
280
     1
102
RTVSPost2010PropOp28
 70
     1
102
RTVSPost2010Prop29
280
     1
102
RTVSPost2010PropOp29
 70
     1
102
RTVSPost2010Prop30
280
     0
102
RTVSPost2010PropOp30
 70
     1
102
RTVSPost2010Prop31
280
     0
102
RTVSPost2010PropOp31
 70
     1
102
RTVSPost2010Prop32
280
     0
102
RTVSPost2010PropOp32
 70
     1
102
RTVSPost2010Prop33
280
     0
102
RTVSPost2010PropOp33
 70
     1
102
RTVSPost2010Prop34
280
     0
102
RTVSPost2010PropOp34
 70
     1
102
RTVSPost2010Prop35
280
     0
102
RTVSPost2010PropOp35
 70
     1
102
RTVSPost2010Prop36
280
     0
102
RTVSPost2010PropOp36
 70
     1
102
RTVSPost2010Prop37
 90
       50
102
RTVSPost2010PropOp37
 70
     1
102
RTVSPost2010Prop38
140
0.0
102
RTVSPost2010PropOp38
 70
     1
102
RTVSPost2010Prop39
140
1.0
102
RTVSPost2010PropOp39
 70
     1
102
RTVSPost2010Prop40
 90
        0
102
RTVSPost2010PropOp40
 70
     1
102
RTVSPost2010Prop41ColorIndex
 90
       18
102
RTVSPost2010Prop41ColorRGB
 90
        0
102
RTVSPost2010PropOp41
 70
     1
102
RTVSPost2010Prop42
 90
       50
102
RTVSPost2010PropOp42
 70
     1
102
RTVSPost2010Prop43
 90
        3
102
RTVSPost2010PropOp43
 70
     1
102
RTVSPost2010Prop44ColorIndex
 90
        5
102
RTVSPost2010Prop44ColorRGB
 90
      255
102
RTVSPost2010PropOp44
 70
     1
102
RTVSPost2010Prop45
280
     0
102
RTVSPost2010PropOp45
 70
     1
102
RTVSPost2010Prop46
 90
       50
102
RTVSPost2010PropOp46
 70
     1
102
RTVSPost2010Prop47
 90
       50
102
RTVSPost2010PropOp47
 70
     1
102
RTVSPost2010Prop48
 90
       50
102
RTVSPost2010PropOp48
 70
     1
102
RTVSPost2010Prop49
280
     0
102
RTVSPost2010PropOp49
 70
     1
102
RTVSPost2010Prop50
 90
       50
102
RTVSPost2010PropOp50
 70
     1
102
RTVSPost2010Prop51ColorIndex
 90
      256
102
RTVSPost2010Prop51ColorRGB
 90
-16777216
102
RTVSPost2010PropOp51
 70
     0
102
RTVSPost2010Prop52
140
1.0
102
RTVSPost2010PropOp52
 70
     0
102
RTVSPost2010Prop53
 90
        2
102
RTVSPost2010PropOp53
 70
     1
102
RTVSPost2010Prop54
  1
strokes_ogs.tif
102
RTVSPost2010PropOp54
 70
     1
102
RTVSPost2010Prop55
280
     0
102
RTVSPost2010PropOp55
 70
     1
102
RTVSPost2010Prop56
140
1.0
102
RTVSPost2010PropOp56
 70
     1
102
RTVSPost2010Prop57
140
1.0
102
RTVSPost2010PropOp57
 70
     1
102
RTVSPropertyOp0
 70
     1
102
RTVSPropertyOp1
 70
     1
102
RTVSPropertyOp2
 70
     1
102
RTVSPropertyOp3
 70
     1
102
RTVSPropertyOp4
 70
     1
102
RTVSPropertyOp5
 70
     1
102
RTVSPropertyOp6
 70
     1
102
RTVSPropertyOp7
 70
     1
102
RTVSPropertyOp8
 70
     1
102
RTVSPropertyOp9
 70
     1
102
RTVSPropertyOp10
 70
     1
102
RTVSPropertyOp11
 70
     1
102
RTVSPropertyOp12
 70
     1
102
RTVSPropertyOp13
 70
     1
102
RTVSPropertyOp14
 70
     1
102
RTVSPropertyOp15
 70
     1
102
RTVSPropertyOp16
 70
     1
102
RTVSPropertyOp17
 70
     1
102
RTVSPropertyOp18
 70
     1
102
RTVSPropertyOp19
 70
     1
102
RTVSPropertyOp20
 70
     1
102
RTVSPropertyOp21
 70
     1
102
RTVSPropertyOp22
 70
     1
102
RTVSPropertyOp23
 70
     1
102
RTVSPropertyOp24
 70
     1
102
RTVSPropertyOp25
 70
     1
102
RTVSPropertyOp26
 70
     1
102
RTVSPropertyOp27
 70
     1
102
RTVSPropertyOp28
 70
     1
102
RTVSPropertyOp29
 70
     1
102
RTVSPropertyOp30
 70
     1
102
RTVSPropertyOp31
 70
     1
102
RTVSPropertyOp32
 70
     1
102
RTVSPropertyOp33
 70
     1
102
RTVSPropertyOp34
 70
     1
102
RTVSPropertyOp35
 70
     1
102
RTVSPropertyOp36
 70
     1
102
RTVSPropertyOp37
 70
     1
102
RTVSPropertyOp38
 70
     1
102
RTVSPropertyOp39
 70
     1
102
RTVSPropertyOp40
 70
     1
102
RTVSPropertyOp41
 70
     1
102
RTVSPropertyOp42
 70
     1
102
RTVSPropertyOp43
 70
     1
102
RTVSPropertyOp44
 70
     1
102
RTVSPropertyOp45
 70
     1
102
RTVSPropertyOp46
 70
     1
102
RTVSPropertyOp47
 70
     1
102
RTVSPropertyOp48
 70
     1
102
RTVSPropertyOp49
 70
     1
102
RTVSPropertyOp50
 70
     1
102
RTVSPropertyOp51
 70
     0
102
RTVSPropertyOp52
 70
     0
102
RTVSPropertyOp53
 70
     1
102
RTVSPropertyOp54
 70
     1
102
RTVSPropertyOp55
 70
     1
102
RTVSPropertyOp56
 70
     1
102
RTVSPropertyOp57
 70
     1
102
RTVSPropertyOp58
 70
     1
102
RTVSPropertyOp59
 70
     1
102
RTVSPropertyOp60
 70
     1
102
RTVSPropertyOp61
 70
     1
102
RTVSPropertyOp62
 70
     1
  0
XRECORD
  5
B63
102
{ACAD_REACTORS
330
B62
102
}
330
B62
100
AcDbXrecord
280
     1
102
RTVSPost2010Prop28
280
     0
102
RTVSPost2010PropOp28
 70
     1
102
RTVSPost2010Prop29
280
     1
102
RTVSPost2010PropOp29
 70
     1
102
RTVSPost2010Prop30
280
     1
102
RTVSPost2010PropOp30
 70
     1
102
RTVSPost2010Prop31
280
     0
102
RTVSPost2010PropOp31
 70
     1
102
RTVSPost2010Prop32
280
     0
102
RTVSPost2010PropOp32
 70
     1
102
RTVSPost2010Prop33
280
     0
102
RTVSPost2010PropOp33
 70
     1
102
RTVSPost2010Prop34
280
     0
102
RTVSPost2010PropOp34
 70
     1
102
RTVSPost2010Prop35
280
     0
102
RTVSPost2010PropOp35
 70
     1
102
RTVSPost2010Prop36
280
     0
102
RTVSPost2010PropOp36
 70
     1
102
RTVSPost2010Prop37
 90
       50
102
RTVSPost2010PropOp37
 70
     1
102
RTVSPost2010Prop38
140
0.0
102
RTVSPost2010PropOp38
 70
     1
102
RTVSPost2010Prop39
140
1.0
102
RTVSPost2010PropOp39
 70
     1
102
RTVSPost2010Prop40
 90
        0
102
RTVSPost2010PropOp40
 70
     1
102
RTVSPost2010Prop41ColorIndex
 90
       18
102
RTVSPost2010Prop41ColorRGB
 90
        0
102
RTVSPost2010PropOp41
 70
     1
102
RTVSPost2010Prop42
 90
       50
102
RTVSPost2010PropOp42
 70
     1
102
RTVSPost2010Prop43
 90
        3
102
RTVSPost2010PropOp43
 70
     1
102
RTVSPost2010Prop44ColorIndex
 90
        5
102
RTVSPost2010Prop44ColorRGB
 90
      255
102
RTVSPost2010PropOp44
 70
     1
102
RTVSPost2010Prop45
280
     0
102
RTVSPost2010PropOp45
 70
     1
102
RTVSPost2010Prop46
 90
       50
102
RTVSPost2010PropOp46
 70
     1
102
RTVSPost2010Prop47
 90
       50
102
RTVSPost2010PropOp47
 70
     1
102
RTVSPost2010Prop48
 90
       50
102
RTVSPost2010PropOp48
 70
     1
102
RTVSPost2010Prop49
280
     0
102
RTVSPost2010PropOp49
 70
     1
102
RTVSPost2010Prop50
 90
       50
102
RTVSPost2010PropOp50
 70
     1
102
RTVSPost2010Prop51ColorIndex
 90
      256
102
RTVSPost2010Prop51ColorRGB
 90
-16777216
102
RTVSPost2010PropOp51
 70
     0
102
RTVSPost2010Prop52
140
1.0
102
RTVSPost2010PropOp52
 70
     0
102
RTVSPost2010Prop53
 90
        2
102
RTVSPost2010PropOp53
 70
     1
102
RTVSPost2010Prop54
  1
strokes_ogs.tif
102
RTVSPost2010PropOp54
 70
     1
102
RTVSPost2010Prop55
280
     0
102
RTVSPost2010PropOp55
 70
     1
102
RTVSPost2010Prop56
140
1.0
102
RTVSPost2010PropOp56
 70
     1
102
RTVSPost2010Prop57
140
1.0
102
RTVSPost2010PropOp57
 70
     1
102
RTVSPropertyOp0
 70
     1
102
RTVSPropertyOp1
 70
     1
102
RTVSPropertyOp2
 70
     1
102
RTVSPropertyOp3
 70
     1
102
RTVSPropertyOp4
 70
     1
102
RTVSPropertyOp5
 70
     1
102
RTVSPropertyOp6
 70
     1
102
RTVSPropertyOp7
 70
     1
102
RTVSPropertyOp8
 70
     1
102
RTVSPropertyOp9
 70
     1
102
RTVSPropertyOp10
 70
     1
102
RTVSPropertyOp11
 70
     1
102
RTVSPropertyOp12
 70
     1
102
RTVSPropertyOp13
 70
     1
102
RTVSPropertyOp14
 70
     1
102
RTVSPropertyOp15
 70
     1
102
RTVSPropertyOp16
 70
     1
102
RTVSPropertyOp17
 70
     1
102
RTVSPropertyOp18
 70
     1
102
RTVSPropertyOp19
 70
     1
102
RTVSPropertyOp20
 70
     1
102
RTVSPropertyOp21
 70
     1
102
RTVSPropertyOp22
 70
     1
102
RTVSPropertyOp23
 70
     1
102
RTVSPropertyOp24
 70
     1
102
RTVSPropertyOp25
 70
     1
102
RTVSPropertyOp26
 70
     1
102
RTVSPropertyOp27
 70
     1
102
RTVSPropertyOp28
 70
     1
102
RTVSPropertyOp29
 70
     1
102
RTVSPropertyOp30
 70
     1
102
RTVSPropertyOp31
 70
     1
102
RTVSPropertyOp32
 70
     1
102
RTVSPropertyOp33
 70
     1
102
RTVSPropertyOp34
 70
     1
102
RTVSPropertyOp35
 70
     1
102
RTVSPropertyOp36
 70
     1
102
RTVSPropertyOp37
 70
     1
102
RTVSPropertyOp38
 70
     1
102
RTVSPropertyOp39
 70
     1
102
RTVSPropertyOp40
 70
     1
102
RTVSPropertyOp41
 70
     1
102
RTVSPropertyOp42
 70
     1
102
RTVSPropertyOp43
 70
     1
102
RTVSPropertyOp44
 70
     1
102
RTVSPropertyOp45
 70
     1
102
RTVSPropertyOp46
 70
     1
102
RTVSPropertyOp47
 70
     1
102
RTVSPropertyOp48
 70
     1
102
RTVSPropertyOp49
 70
     1
102
RTVSPropertyOp50
 70
     1
102
RTVSPropertyOp51
 70
     0
102
RTVSPropertyOp52
 70
     0
102
RTVSPropertyOp53
 70
     1
102
RTVSPropertyOp54
 70
     1
102
RTVSPropertyOp55
 70
     1
102
RTVSPropertyOp56
 70
     1
102
RTVSPropertyOp57
 70
     1
102
RTVSPropertyOp58
 70
     1
102
RTVSPropertyOp59
 70
     1
102
RTVSPropertyOp60
 70
     1
102
RTVSPropertyOp61
 70
     1
102
RTVSPropertyOp62
 70
     1
  0
XRECORD
  5
B6B
102
{ACAD_REACTORS
330
B6A
102
}
330
B6A
100
AcDbXrecord
280
     1
102
RTVSPost2010Prop28
280
     0
102
RTVSPost2010PropOp28
 70
     1
102
RTVSPost2010Prop29
280
     1
102
RTVSPost2010PropOp29
 70
     1
102
RTVSPost2010Prop30
280
     1
102
RTVSPost2010PropOp30
 70
     1
102
RTVSPost2010Prop31
280
     0
102
RTVSPost2010PropOp31
 70
     1
102
RTVSPost2010Prop32
280
     0
102
RTVSPost2010PropOp32
 70
     1
102
RTVSPost2010Prop33
280
     0
102
RTVSPost2010PropOp33
 70
     1
102
RTVSPost2010Prop34
280
     0
102
RTVSPost2010PropOp34
 70
     1
102
RTVSPost2010Prop35
280
     0
102
RTVSPost2010PropOp35
 70
     1
102
RTVSPost2010Prop36
280
     0
102
RTVSPost2010PropOp36
 70
     1
102
RTVSPost2010Prop37
 90
       50
102
RTVSPost2010PropOp37
 70
     1
102
RTVSPost2010Prop38
140
0.0
102
RTVSPost2010PropOp38
 70
     1
102
RTVSPost2010Prop39
140
1.0
102
RTVSPost2010PropOp39
 70
     1
102
RTVSPost2010Prop40
 90
        0
102
RTVSPost2010PropOp40
 70
     1
102
RTVSPost2010Prop41ColorIndex
 90
       18
102
RTVSPost2010Prop41ColorRGB
 90
        0
102
RTVSPost2010PropOp41
 70
     1
102
RTVSPost2010Prop42
 90
       50
102
RTVSPost2010PropOp42
 70
     1
102
RTVSPost2010Prop43
 90
        3
102
RTVSPost2010PropOp43
 70
     1
102
RTVSPost2010Prop44ColorIndex
 90
        5
102
RTVSPost2010Prop44ColorRGB
 90
      255
102
RTVSPost2010PropOp44
 70
     1
102
RTVSPost2010Prop45
280
     0
102
RTVSPost2010PropOp45
 70
     1
102
RTVSPost2010Prop46
 90
       50
102
RTVSPost2010PropOp46
 70
     1
102
RTVSPost2010Prop47
 90
       50
102
RTVSPost2010PropOp47
 70
     1
102
RTVSPost2010Prop48
 90
       50
102
RTVSPost2010PropOp48
 70
     1
102
RTVSPost2010Prop49
280
     0
102
RTVSPost2010PropOp49
 70
     1
102
RTVSPost2010Prop50
 90
       50
102
RTVSPost2010PropOp50
 70
     1
102
RTVSPost2010Prop51ColorIndex
 90
      256
102
RTVSPost2010Prop51ColorRGB
 90
-16777216
102
RTVSPost2010PropOp51
 70
     0
102
RTVSPost2010Prop52
140
1.0
102
RTVSPost2010PropOp52
 70
     0
102
RTVSPost2010Prop53
 90
        2
102
RTVSPost2010PropOp53
 70
     1
102
RTVSPost2010Prop54
  1
strokes_ogs.tif
102
RTVSPost2010PropOp54
 70
     1
102
RTVSPost2010Prop55
280
     0
102
RTVSPost2010PropOp55
 70
     1
102
RTVSPost2010Prop56
140
1.0
102
RTVSPost2010PropOp56
 70
     1
102
RTVSPost2010Prop57
140
1.0
102
RTVSPost2010PropOp57
 70
     1
102
RTVSPropertyOp0
 70
     1
102
RTVSPropertyOp1
 70
     1
102
RTVSPropertyOp2
 70
     1
102
RTVSPropertyOp3
 70
     1
102
RTVSPropertyOp4
 70
     1
102
RTVSPropertyOp5
 70
     1
102
RTVSPropertyOp6
 70
     1
102
RTVSPropertyOp7
 70
     1
102
RTVSPropertyOp8
 70
     1
102
RTVSPropertyOp9
 70
     1
102
RTVSPropertyOp10
 70
     1
102
RTVSPropertyOp11
 70
     1
102
RTVSPropertyOp12
 70
     1
102
RTVSPropertyOp13
 70
     1
102
RTVSPropertyOp14
 70
     1
102
RTVSPropertyOp15
 70
     1
102
RTVSPropertyOp16
 70
     1
102
RTVSPropertyOp17
 70
     1
102
RTVSPropertyOp18
 70
     1
102
RTVSPropertyOp19
 70
     1
102
RTVSPropertyOp20
 70
     1
102
RTVSPropertyOp21
 70
     1
102
RTVSPropertyOp22
 70
     1
102
RTVSPropertyOp23
 70
     1
102
RTVSPropertyOp24
 70
     1
102
RTVSPropertyOp25
 70
     1
102
RTVSPropertyOp26
 70
     1
102
RTVSPropertyOp27
 70
     1
102
RTVSPropertyOp28
 70
     1
102
RTVSPropertyOp29
 70
     1
102
RTVSPropertyOp30
 70
     1
102
RTVSPropertyOp31
 70
     1
102
RTVSPropertyOp32
 70
     1
102
RTVSPropertyOp33
 70
     1
102
RTVSPropertyOp34
 70
     1
102
RTVSPropertyOp35
 70
     1
102
RTVSPropertyOp36
 70
     1
102
RTVSPropertyOp37
 70
     1
102
RTVSPropertyOp38
 70
     1
102
RTVSPropertyOp39
 70
     1
102
RTVSPropertyOp40
 70
     1
102
RTVSPropertyOp41
 70
     1
102
RTVSPropertyOp42
 70
     1
102
RTVSPropertyOp43
 70
     1
102
RTVSPropertyOp44
 70
     1
102
RTVSPropertyOp45
 70
     1
102
RTVSPropertyOp46
 70
     1
102
RTVSPropertyOp47
 70
     1
102
RTVSPropertyOp48
 70
     1
102
RTVSPropertyOp49
 70
     1
102
RTVSPropertyOp50
 70
     1
102
RTVSPropertyOp51
 70
     0
102
RTVSPropertyOp52
 70
     0
102
RTVSPropertyOp53
 70
     1
102
RTVSPropertyOp54
 70
     1
102
RTVSPropertyOp55
 70
     1
102
RTVSPropertyOp56
 70
     1
102
RTVSPropertyOp57
 70
     1
102
RTVSPropertyOp58
 70
     1
102
RTVSPropertyOp59
 70
     1
102
RTVSPropertyOp60
 70
     1
102
RTVSPropertyOp61
 70
     1
102
RTVSPropertyOp62
 70
     1
  0
XRECORD
  5
B73
102
{ACAD_REACTORS
330
B72
102
}
330
B72
100
AcDbXrecord
280
     1
102
RTVSPost2010Prop28
280
     0
102
RTVSPost2010PropOp28
 70
     1
102
RTVSPost2010Prop29
280
     1
102
RTVSPost2010PropOp29
 70
     1
102
RTVSPost2010Prop30
280
     1
102
RTVSPost2010PropOp30
 70
     1
102
RTVSPost2010Prop31
280
     0
102
RTVSPost2010PropOp31
 70
     1
102
RTVSPost2010Prop32
280
     0
102
RTVSPost2010PropOp32
 70
     1
102
RTVSPost2010Prop33
280
     0
102
RTVSPost2010PropOp33
 70
     1
102
RTVSPost2010Prop34
280
     0
102
RTVSPost2010PropOp34
 70
     1
102
RTVSPost2010Prop35
280
     0
102
RTVSPost2010PropOp35
 70
     1
102
RTVSPost2010Prop36
280
     0
102
RTVSPost2010PropOp36
 70
     1
102
RTVSPost2010Prop37
 90
       50
102
RTVSPost2010PropOp37
 70
     1
102
RTVSPost2010Prop38
140
0.0
102
RTVSPost2010PropOp38
 70
     1
102
RTVSPost2010Prop39
140
1.0
102
RTVSPost2010PropOp39
 70
     1
102
RTVSPost2010Prop40
 90
        0
102
RTVSPost2010PropOp40
 70
     1
102
RTVSPost2010Prop41ColorIndex
 90
       18
102
RTVSPost2010Prop41ColorRGB
 90
        0
102
RTVSPost2010PropOp41
 70
     1
102
RTVSPost2010Prop42
 90
       50
102
RTVSPost2010PropOp42
 70
     1
102
RTVSPost2010Prop43
 90
        3
102
RTVSPost2010PropOp43
 70
     1
102
RTVSPost2010Prop44ColorIndex
 90
        5
102
RTVSPost2010Prop44ColorRGB
 90
      255
102
RTVSPost2010PropOp44
 70
     1
102
RTVSPost2010Prop45
280
     0
102
RTVSPost2010PropOp45
 70
     1
102
RTVSPost2010Prop46
 90
       50
102
RTVSPost2010PropOp46
 70
     1
102
RTVSPost2010Prop47
 90
       50
102
RTVSPost2010PropOp47
 70
     1
102
RTVSPost2010Prop48
 90
       50
102
RTVSPost2010PropOp48
 70
     1
102
RTVSPost2010Prop49
280
     0
102
RTVSPost2010PropOp49
 70
     1
102
RTVSPost2010Prop50
 90
       50
102
RTVSPost2010PropOp50
 70
     1
102
RTVSPost2010Prop51ColorIndex
 90
      256
102
RTVSPost2010Prop51ColorRGB
 90
-16777216
102
RTVSPost2010PropOp51
 70
     0
102
RTVSPost2010Prop52
140
1.0
102
RTVSPost2010PropOp52
 70
     0
102
RTVSPost2010Prop53
 90
        2
102
RTVSPost2010PropOp53
 70
     1
102
RTVSPost2010Prop54
  1
strokes_ogs.tif
102
RTVSPost2010PropOp54
 70
     1
102
RTVSPost2010Prop55
280
     0
102
RTVSPost2010PropOp55
 70
     1
102
RTVSPost2010Prop56
140
1.0
102
RTVSPost2010PropOp56
 70
     1
102
RTVSPost2010Prop57
140
1.0
102
RTVSPost2010PropOp57
 70
     1
102
RTVSPropertyOp0
 70
     1
102
RTVSPropertyOp1
 70
     1
102
RTVSPropertyOp2
 70
     1
102
RTVSPropertyOp3
 70
     1
102
RTVSPropertyOp4
 70
     1
102
RTVSPropertyOp5
 70
     1
102
RTVSPropertyOp6
 70
     1
102
RTVSPropertyOp7
 70
     1
102
RTVSPropertyOp8
 70
     1
102
RTVSPropertyOp9
 70
     1
102
RTVSPropertyOp10
 70
     1
102
RTVSPropertyOp11
 70
     1
102
RTVSPropertyOp12
 70
     1
102
RTVSPropertyOp13
 70
     1
102
RTVSPropertyOp14
 70
     1
102
RTVSPropertyOp15
 70
     1
102
RTVSPropertyOp16
 70
     1
102
RTVSPropertyOp17
 70
     1
102
RTVSPropertyOp18
 70
     1
102
RTVSPropertyOp19
 70
     1
102
RTVSPropertyOp20
 70
     1
102
RTVSPropertyOp21
 70
     1
102
RTVSPropertyOp22
 70
     1
102
RTVSPropertyOp23
 70
     1
102
RTVSPropertyOp24
 70
     1
102
RTVSPropertyOp25
 70
     1
102
RTVSPropertyOp26
 70
     1
102
RTVSPropertyOp27
 70
     1
102
RTVSPropertyOp28
 70
     1
102
RTVSPropertyOp29
 70
     1
102
RTVSPropertyOp30
 70
     1
102
RTVSPropertyOp31
 70
     1
102
RTVSPropertyOp32
 70
     1
102
RTVSPropertyOp33
 70
     1
102
RTVSPropertyOp34
 70
     1
102
RTVSPropertyOp35
 70
     1
102
RTVSPropertyOp36
 70
     1
102
RTVSPropertyOp37
 70
     1
102
RTVSPropertyOp38
 70
     1
102
RTVSPropertyOp39
 70
     1
102
RTVSPropertyOp40
 70
     1
102
RTVSPropertyOp41
 70
     1
102
RTVSPropertyOp42
 70
     1
102
RTVSPropertyOp43
 70
     1
102
RTVSPropertyOp44
 70
     1
102
RTVSPropertyOp45
 70
     1
102
RTVSPropertyOp46
 70
     1
102
RTVSPropertyOp47
 70
     1
102
RTVSPropertyOp48
 70
     1
102
RTVSPropertyOp49
 70
     1
102
RTVSPropertyOp50
 70
     1
102
RTVSPropertyOp51
 70
     0
102
RTVSPropertyOp52
 70
     0
102
RTVSPropertyOp53
 70
     1
102
RTVSPropertyOp54
 70
     1
102
RTVSPropertyOp55
 70
     1
102
RTVSPropertyOp56
 70
     1
102
RTVSPropertyOp57
 70
     1
102
RTVSPropertyOp58
 70
     1
102
RTVSPropertyOp59
 70
     1
102
RTVSPropertyOp60
 70
     1
102
RTVSPropertyOp61
 70
     1
102
RTVSPropertyOp62
 70
     1
  0
XRECORD
  5
B67
102
{ACAD_REACTORS
330
B66
102
}
330
B66
100
AcDbXrecord
280
     1
102
RTVSPost2010Prop28
280
     0
102
RTVSPost2010PropOp28
 70
     1
102
RTVSPost2010Prop29
280
     1
102
RTVSPost2010PropOp29
 70
     1
102
RTVSPost2010Prop30
280
     1
102
RTVSPost2010PropOp30
 70
     1
102
RTVSPost2010Prop31
280
     0
102
RTVSPost2010PropOp31
 70
     1
102
RTVSPost2010Prop32
280
     0
102
RTVSPost2010PropOp32
 70
     1
102
RTVSPost2010Prop33
280
     0
102
RTVSPost2010PropOp33
 70
     1
102
RTVSPost2010Prop34
280
     0
102
RTVSPost2010PropOp34
 70
     1
102
RTVSPost2010Prop35
280
     0
102
RTVSPost2010PropOp35
 70
     1
102
RTVSPost2010Prop36
280
     0
102
RTVSPost2010PropOp36
 70
     1
102
RTVSPost2010Prop37
 90
       50
102
RTVSPost2010PropOp37
 70
     1
102
RTVSPost2010Prop38
140
0.0
102
RTVSPost2010PropOp38
 70
     1
102
RTVSPost2010Prop39
140
1.0
102
RTVSPost2010PropOp39
 70
     1
102
RTVSPost2010Prop40
 90
        0
102
RTVSPost2010PropOp40
 70
     1
102
RTVSPost2010Prop41ColorIndex
 90
       18
102
RTVSPost2010Prop41ColorRGB
 90
        0
102
RTVSPost2010PropOp41
 70
     1
102
RTVSPost2010Prop42
 90
       50
102
RTVSPost2010PropOp42
 70
     1
102
RTVSPost2010Prop43
 90
        3
102
RTVSPost2010PropOp43
 70
     1
102
RTVSPost2010Prop44ColorIndex
 90
        5
102
RTVSPost2010Prop44ColorRGB
 90
      255
102
RTVSPost2010PropOp44
 70
     1
102
RTVSPost2010Prop45
280
     0
102
RTVSPost2010PropOp45
 70
     1
102
RTVSPost2010Prop46
 90
       50
102
RTVSPost2010PropOp46
 70
     1
102
RTVSPost2010Prop47
 90
       50
102
RTVSPost2010PropOp47
 70
     1
102
RTVSPost2010Prop48
 90
       50
102
RTVSPost2010PropOp48
 70
     1
102
RTVSPost2010Prop49
280
     0
102
RTVSPost2010PropOp49
 70
     1
102
RTVSPost2010Prop50
 90
       50
102
RTVSPost2010PropOp50
 70
     1
102
RTVSPost2010Prop51ColorIndex
 90
      256
102
RTVSPost2010Prop51ColorRGB
 90
-16777216
102
RTVSPost2010PropOp51
 70
     0
102
RTVSPost2010Prop52
140
1.0
102
RTVSPost2010PropOp52
 70
     0
102
RTVSPost2010Prop53
 90
        2
102
RTVSPost2010PropOp53
 70
     1
102
RTVSPost2010Prop54
  1
strokes_ogs.tif
102
RTVSPost2010PropOp54
 70
     1
102
RTVSPost2010Prop55
280
     0
102
RTVSPost2010PropOp55
 70
     1
102
RTVSPost2010Prop56
140
1.0
102
RTVSPost2010PropOp56
 70
     1
102
RTVSPost2010Prop57
140
1.0
102
RTVSPost2010PropOp57
 70
     1
102
RTVSPropertyOp0
 70
     1
102
RTVSPropertyOp1
 70
     1
102
RTVSPropertyOp2
 70
     1
102
RTVSPropertyOp3
 70
     1
102
RTVSPropertyOp4
 70
     1
102
RTVSPropertyOp5
 70
     1
102
RTVSPropertyOp6
 70
     1
102
RTVSPropertyOp7
 70
     1
102
RTVSPropertyOp8
 70
     1
102
RTVSPropertyOp9
 70
     1
102
RTVSPropertyOp10
 70
     1
102
RTVSPropertyOp11
 70
     1
102
RTVSPropertyOp12
 70
     1
102
RTVSPropertyOp13
 70
     1
102
RTVSPropertyOp14
 70
     1
102
RTVSPropertyOp15
 70
     1
102
RTVSPropertyOp16
 70
     1
102
RTVSPropertyOp17
 70
     1
102
RTVSPropertyOp18
 70
     1
102
RTVSPropertyOp19
 70
     1
102
RTVSPropertyOp20
 70
     1
102
RTVSPropertyOp21
 70
     1
102
RTVSPropertyOp22
 70
     1
102
RTVSPropertyOp23
 70
     1
102
RTVSPropertyOp24
 70
     1
102
RTVSPropertyOp25
 70
     1
102
RTVSPropertyOp26
 70
     1
102
RTVSPropertyOp27
 70
     1
102
RTVSPropertyOp28
 70
     1
102
RTVSPropertyOp29
 70
     1
102
RTVSPropertyOp30
 70
     1
102
RTVSPropertyOp31
 70
     1
102
RTVSPropertyOp32
 70
     1
102
RTVSPropertyOp33
 70
     1
102
RTVSPropertyOp34
 70
     1
102
RTVSPropertyOp35
 70
     1
102
RTVSPropertyOp36
 70
     1
102
RTVSPropertyOp37
 70
     1
102
RTVSPropertyOp38
 70
     1
102
RTVSPropertyOp39
 70
     1
102
RTVSPropertyOp40
 70
     1
102
RTVSPropertyOp41
 70
     1
102
RTVSPropertyOp42
 70
     1
102
RTVSPropertyOp43
 70
     1
102
RTVSPropertyOp44
 70
     1
102
RTVSPropertyOp45
 70
     1
102
RTVSPropertyOp46
 70
     1
102
RTVSPropertyOp47
 70
     1
102
RTVSPropertyOp48
 70
     1
102
RTVSPropertyOp49
 70
     1
102
RTVSPropertyOp50
 70
     1
102
RTVSPropertyOp51
 70
     0
102
RTVSPropertyOp52
 70
     0
102
RTVSPropertyOp53
 70
     1
102
RTVSPropertyOp54
 70
     1
102
RTVSPropertyOp55
 70
     1
102
RTVSPropertyOp56
 70
     1
102
RTVSPropertyOp57
 70
     1
102
RTVSPropertyOp58
 70
     1
102
RTVSPropertyOp59
 70
     1
102
RTVSPropertyOp60
 70
     1
102
RTVSPropertyOp61
 70
     1
102
RTVSPropertyOp62
 70
     1
  0
XRECORD
  5
B69
102
{ACAD_REACTORS
330
B68
102
}
330
B68
100
AcDbXrecord
280
     1
102
RTVSPost2010Prop28
280
     0
102
RTVSPost2010PropOp28
 70
     1
102
RTVSPost2010Prop29
280
     1
102
RTVSPost2010PropOp29
 70
     1
102
RTVSPost2010Prop30
280
     1
102
RTVSPost2010PropOp30
 70
     1
102
RTVSPost2010Prop31
280
     0
102
RTVSPost2010PropOp31
 70
     1
102
RTVSPost2010Prop32
280
     0
102
RTVSPost2010PropOp32
 70
     1
102
RTVSPost2010Prop33
280
     0
102
RTVSPost2010PropOp33
 70
     1
102
RTVSPost2010Prop34
280
     0
102
RTVSPost2010PropOp34
 70
     1
102
RTVSPost2010Prop35
280
     0
102
RTVSPost2010PropOp35
 70
     1
102
RTVSPost2010Prop36
280
     0
102
RTVSPost2010PropOp36
 70
     1
102
RTVSPost2010Prop37
 90
       50
102
RTVSPost2010PropOp37
 70
     1
102
RTVSPost2010Prop38
140
0.0
102
RTVSPost2010PropOp38
 70
     1
102
RTVSPost2010Prop39
140
1.0
102
RTVSPost2010PropOp39
 70
     1
102
RTVSPost2010Prop40
 90
        0
102
RTVSPost2010PropOp40
 70
     1
102
RTVSPost2010Prop41ColorIndex
 90
       18
102
RTVSPost2010Prop41ColorRGB
 90
        0
102
RTVSPost2010PropOp41
 70
     1
102
RTVSPost2010Prop42
 90
       50
102
RTVSPost2010PropOp42
 70
     1
102
RTVSPost2010Prop43
 90
        3
102
RTVSPost2010PropOp43
 70
     1
102
RTVSPost2010Prop44ColorIndex
 90
        5
102
RTVSPost2010Prop44ColorRGB
 90
      255
102
RTVSPost2010PropOp44
 70
     1
102
RTVSPost2010Prop45
280
     0
102
RTVSPost2010PropOp45
 70
     1
102
RTVSPost2010Prop46
 90
       50
102
RTVSPost2010PropOp46
 70
     1
102
RTVSPost2010Prop47
 90
       50
102
RTVSPost2010PropOp47
 70
     1
102
RTVSPost2010Prop48
 90
       50
102
RTVSPost2010PropOp48
 70
     1
102
RTVSPost2010Prop49
280
     0
102
RTVSPost2010PropOp49
 70
     1
102
RTVSPost2010Prop50
 90
       50
102
RTVSPost2010PropOp50
 70
     1
102
RTVSPost2010Prop51ColorIndex
 90
      256
102
RTVSPost2010Prop51ColorRGB
 90
-16777216
102
RTVSPost2010PropOp51
 70
     0
102
RTVSPost2010Prop52
140
1.0
102
RTVSPost2010PropOp52
 70
     0
102
RTVSPost2010Prop53
 90
        2
102
RTVSPost2010PropOp53
 70
     1
102
RTVSPost2010Prop54
  1
strokes_ogs.tif
102
RTVSPost2010PropOp54
 70
     1
102
RTVSPost2010Prop55
280
     0
102
RTVSPost2010PropOp55
 70
     1
102
RTVSPost2010Prop56
140
1.0
102
RTVSPost2010PropOp56
 70
     1
102
RTVSPost2010Prop57
140
1.0
102
RTVSPost2010PropOp57
 70
     1
102
RTVSPropertyOp0
 70
     1
102
RTVSPropertyOp1
 70
     1
102
RTVSPropertyOp2
 70
     1
102
RTVSPropertyOp3
 70
     1
102
RTVSPropertyOp4
 70
     1
102
RTVSPropertyOp5
 70
     1
102
RTVSPropertyOp6
 70
     1
102
RTVSPropertyOp7
 70
     1
102
RTVSPropertyOp8
 70
     1
102
RTVSPropertyOp9
 70
     1
102
RTVSPropertyOp10
 70
     1
102
RTVSPropertyOp11
 70
     1
102
RTVSPropertyOp12
 70
     1
102
RTVSPropertyOp13
 70
     1
102
RTVSPropertyOp14
 70
     1
102
RTVSPropertyOp15
 70
     1
102
RTVSPropertyOp16
 70
     1
102
RTVSPropertyOp17
 70
     1
102
RTVSPropertyOp18
 70
     1
102
RTVSPropertyOp19
 70
     1
102
RTVSPropertyOp20
 70
     1
102
RTVSPropertyOp21
 70
     1
102
RTVSPropertyOp22
 70
     1
102
RTVSPropertyOp23
 70
     1
102
RTVSPropertyOp24
 70
     1
102
RTVSPropertyOp25
 70
     1
102
RTVSPropertyOp26
 70
     1
102
RTVSPropertyOp27
 70
     1
102
RTVSPropertyOp28
 70
     1
102
RTVSPropertyOp29
 70
     1
102
RTVSPropertyOp30
 70
     1
102
RTVSPropertyOp31
 70
     1
102
RTVSPropertyOp32
 70
     1
102
RTVSPropertyOp33
 70
     1
102
RTVSPropertyOp34
 70
     1
102
RTVSPropertyOp35
 70
     1
102
RTVSPropertyOp36
 70
     1
102
RTVSPropertyOp37
 70
     1
102
RTVSPropertyOp38
 70
     1
102
RTVSPropertyOp39
 70
     1
102
RTVSPropertyOp40
 70
     1
102
RTVSPropertyOp41
 70
     1
102
RTVSPropertyOp42
 70
     1
102
RTVSPropertyOp43
 70
     1
102
RTVSPropertyOp44
 70
     1
102
RTVSPropertyOp45
 70
     1
102
RTVSPropertyOp46
 70
     1
102
RTVSPropertyOp47
 70
     1
102
RTVSPropertyOp48
 70
     1
102
RTVSPropertyOp49
 70
     1
102
RTVSPropertyOp50
 70
     1
102
RTVSPropertyOp51
 70
     0
102
RTVSPropertyOp52
 70
     0
102
RTVSPropertyOp53
 70
     1
102
RTVSPropertyOp54
 70
     1
102
RTVSPropertyOp55
 70
     1
102
RTVSPropertyOp56
 70
     1
102
RTVSPropertyOp57
 70
     1
102
RTVSPropertyOp58
 70
     1
102
RTVSPropertyOp59
 70
     1
102
RTVSPropertyOp60
 70
     1
102
RTVSPropertyOp61
 70
     1
102
RTVSPropertyOp62
 70
     1
  0
XRECORD
  5
B79
102
{ACAD_REACTORS
330
B78
102
}
330
B78
100
AcDbXrecord
280
     1
102
RTVSPost2010Prop28
280
     0
102
RTVSPost2010PropOp28
 70
     0
102
RTVSPost2010Prop29
280
     1
102
RTVSPost2010PropOp29
 70
     0
102
RTVSPost2010Prop30
280
     1
102
RTVSPost2010PropOp30
 70
     0
102
RTVSPost2010Prop31
280
     0
102
RTVSPost2010PropOp31
 70
     0
102
RTVSPost2010Prop32
280
     0
102
RTVSPost2010PropOp32
 70
     0
102
RTVSPost2010Prop33
280
     0
102
RTVSPost2010PropOp33
 70
     0
102
RTVSPost2010Prop34
280
     0
102
RTVSPost2010PropOp34
 70
     0
102
RTVSPost2010Prop35
280
     0
102
RTVSPost2010PropOp35
 70
     0
102
RTVSPost2010Prop36
280
     0
102
RTVSPost2010PropOp36
 70
     0
102
RTVSPost2010Prop37
 90
       50
102
RTVSPost2010PropOp37
 70
     0
102
RTVSPost2010Prop38
140
0.0
102
RTVSPost2010PropOp38
 70
     0
102
RTVSPost2010Prop39
140
1.0
102
RTVSPost2010PropOp39
 70
     0
102
RTVSPost2010Prop40
 90
        0
102
RTVSPost2010PropOp40
 70
     0
102
RTVSPost2010Prop41ColorIndex
 90
       18
102
RTVSPost2010Prop41ColorRGB
 90
        0
102
RTVSPost2010PropOp41
 70
     0
102
RTVSPost2010Prop42
 90
       50
102
RTVSPost2010PropOp42
 70
     0
102
RTVSPost2010Prop43
 90
        3
102
RTVSPost2010PropOp43
 70
     0
102
RTVSPost2010Prop44ColorIndex
 90
        5
102
RTVSPost2010Prop44ColorRGB
 90
      255
102
RTVSPost2010PropOp44
 70
     0
102
RTVSPost2010Prop45
280
     0
102
RTVSPost2010PropOp45
 70
     0
102
RTVSPost2010Prop46
 90
       50
102
RTVSPost2010PropOp46
 70
     0
102
RTVSPost2010Prop47
 90
       50
102
RTVSPost2010PropOp47
 70
     0
102
RTVSPost2010Prop48
 90
       50
102
RTVSPost2010PropOp48
 70
     0
102
RTVSPost2010Prop49
280
     0
102
RTVSPost2010PropOp49
 70
     0
102
RTVSPost2010Prop50
 90
       50
102
RTVSPost2010PropOp50
 70
     0
102
RTVSPost2010Prop51ColorIndex
 90
      256
102
RTVSPost2010Prop51ColorRGB
 90
-16777216
102
RTVSPost2010PropOp51
 70
     0
102
RTVSPost2010Prop52
140
1.0
102
RTVSPost2010PropOp52
 70
     0
102
RTVSPost2010Prop53
 90
        2
102
RTVSPost2010PropOp53
 70
     0
102
RTVSPost2010Prop54
  1
strokes_ogs.tif
102
RTVSPost2010PropOp54
 70
     0
102
RTVSPost2010Prop55
280
     0
102
RTVSPost2010PropOp55
 70
     0
102
RTVSPost2010Prop56
140
1.0
102
RTVSPost2010PropOp56
 70
     0
102
RTVSPost2010Prop57
140
1.0
102
RTVSPost2010PropOp57
 70
     0
102
RTVSPropertyOp0
 70
     0
102
RTVSPropertyOp1
 70
     0
102
RTVSPropertyOp2
 70
     0
102
RTVSPropertyOp3
 70
     0
102
RTVSPropertyOp4
 70
     0
102
RTVSPropertyOp5
 70
     0
102
RTVSPropertyOp6
 70
     0
102
RTVSPropertyOp7
 70
     0
102
RTVSPropertyOp8
 70
     0
102
RTVSPropertyOp9
 70
     0
102
RTVSPropertyOp10
 70
     0
102
RTVSPropertyOp11
 70
     0
102
RTVSPropertyOp12
 70
     0
102
RTVSPropertyOp13
 70
     0
102
RTVSPropertyOp14
 70
     2
102
RTVSPropertyOp15
 70
     0
102
RTVSPropertyOp16
 70
     0
102
RTVSPropertyOp17
 70
     0
102
RTVSPropertyOp18
 70
     0
102
RTVSPropertyOp19
 70
     0
102
RTVSPropertyOp20
 70
     0
102
RTVSPropertyOp21
 70
     0
102
RTVSPropertyOp22
 70
     0
102
RTVSPropertyOp23
 70
     0
102
RTVSPropertyOp24
 70
     0
102
RTVSPropertyOp25
 70
     0
102
RTVSPropertyOp26
 70
     0
102
RTVSPropertyOp27
 70
     0
102
RTVSPropertyOp28
 70
     0
102
RTVSPropertyOp29
 70
     0
102
RTVSPropertyOp30
 70
     0
102
RTVSPropertyOp31
 70
     0
102
RTVSPropertyOp32
 70
     0
102
RTVSPropertyOp33
 70
     0
102
RTVSPropertyOp34
 70
     0
102
RTVSPropertyOp35
 70
     0
102
RTVSPropertyOp36
 70
     0
102
RTVSPropertyOp37
 70
     0
102
RTVSPropertyOp38
 70
     0
102
RTVSPropertyOp39
 70
     0
102
RTVSPropertyOp40
 70
     0
102
RTVSPropertyOp41
 70
     0
102
RTVSPropertyOp42
 70
     0
102
RTVSPropertyOp43
 70
     0
102
RTVSPropertyOp44
 70
     0
102
RTVSPropertyOp45
 70
     0
102
RTVSPropertyOp46
 70
     0
102
RTVSPropertyOp47
 70
     0
102
RTVSPropertyOp48
 70
     0
102
RTVSPropertyOp49
 70
     0
102
RTVSPropertyOp50
 70
     0
102
RTVSPropertyOp51
 70
     0
102
RTVSPropertyOp52
 70
     0
102
RTVSPropertyOp53
 70
     0
102
RTVSPropertyOp54
 70
     0
102
RTVSPropertyOp55
 70
     0
102
RTVSPropertyOp56
 70
     0
102
RTVSPropertyOp57
 70
     0
102
RTVSPropertyOp58
 70
     1
102
RTVSPropertyOp59
 70
     1
102
RTVSPropertyOp60
 70
     1
102
RTVSPropertyOp61
 70
     1
102
RTVSPropertyOp62
 70
     1
  0
XRECORD
  5
B71
102
{ACAD_REACTORS
330
B70
102
}
330
B70
100
AcDbXrecord
280
     1
102
RTVSPost2010Prop28
280
     0
102
RTVSPost2010PropOp28
 70
     1
102
RTVSPost2010Prop29
280
     1
102
RTVSPost2010PropOp29
 70
     1
102
RTVSPost2010Prop30
280
     1
102
RTVSPost2010PropOp30
 70
     1
102
RTVSPost2010Prop31
280
     0
102
RTVSPost2010PropOp31
 70
     1
102
RTVSPost2010Prop32
280
     0
102
RTVSPost2010PropOp32
 70
     1
102
RTVSPost2010Prop33
280
     0
102
RTVSPost2010PropOp33
 70
     1
102
RTVSPost2010Prop34
280
     0
102
RTVSPost2010PropOp34
 70
     1
102
RTVSPost2010Prop35
280
     0
102
RTVSPost2010PropOp35
 70
     1
102
RTVSPost2010Prop36
280
     0
102
RTVSPost2010PropOp36
 70
     1
102
RTVSPost2010Prop37
 90
       50
102
RTVSPost2010PropOp37
 70
     1
102
RTVSPost2010Prop38
140
0.0
102
RTVSPost2010PropOp38
 70
     1
102
RTVSPost2010Prop39
140
1.0
102
RTVSPost2010PropOp39
 70
     1
102
RTVSPost2010Prop40
 90
        0
102
RTVSPost2010PropOp40
 70
     1
102
RTVSPost2010Prop41ColorIndex
 90
       18
102
RTVSPost2010Prop41ColorRGB
 90
        0
102
RTVSPost2010PropOp41
 70
     1
102
RTVSPost2010Prop42
 90
       50
102
RTVSPost2010PropOp42
 70
     1
102
RTVSPost2010Prop43
 90
        3
102
RTVSPost2010PropOp43
 70
     1
102
RTVSPost2010Prop44ColorIndex
 90
        5
102
RTVSPost2010Prop44ColorRGB
 90
      255
102
RTVSPost2010PropOp44
 70
     1
102
RTVSPost2010Prop45
280
     0
102
RTVSPost2010PropOp45
 70
     1
102
RTVSPost2010Prop46
 90
       50
102
RTVSPost2010PropOp46
 70
     1
102
RTVSPost2010Prop47
 90
       50
102
RTVSPost2010PropOp47
 70
     1
102
RTVSPost2010Prop48
 90
       50
102
RTVSPost2010PropOp48
 70
     1
102
RTVSPost2010Prop49
280
     0
102
RTVSPost2010PropOp49
 70
     1
102
RTVSPost2010Prop50
 90
       50
102
RTVSPost2010PropOp50
 70
     1
102
RTVSPost2010Prop51ColorIndex
 90
      256
102
RTVSPost2010Prop51ColorRGB
 90
-16777216
102
RTVSPost2010PropOp51
 70
     0
102
RTVSPost2010Prop52
140
1.0
102
RTVSPost2010PropOp52
 70
     0
102
RTVSPost2010Prop53
 90
        2
102
RTVSPost2010PropOp53
 70
     1
102
RTVSPost2010Prop54
  1
strokes_ogs.tif
102
RTVSPost2010PropOp54
 70
     1
102
RTVSPost2010Prop55
280
     0
102
RTVSPost2010PropOp55
 70
     1
102
RTVSPost2010Prop56
140
1.0
102
RTVSPost2010PropOp56
 70
     1
102
RTVSPost2010Prop57
140
1.0
102
RTVSPost2010PropOp57
 70
     1
102
RTVSPropertyOp0
 70
     1
102
RTVSPropertyOp1
 70
     1
102
RTVSPropertyOp2
 70
     1
102
RTVSPropertyOp3
 70
     1
102
RTVSPropertyOp4
 70
     1
102
RTVSPropertyOp5
 70
     1
102
RTVSPropertyOp6
 70
     1
102
RTVSPropertyOp7
 70
     1
102
RTVSPropertyOp8
 70
     1
102
RTVSPropertyOp9
 70
     1
102
RTVSPropertyOp10
 70
     1
102
RTVSPropertyOp11
 70
     1
102
RTVSPropertyOp12
 70
     1
102
RTVSPropertyOp13
 70
     1
102
RTVSPropertyOp14
 70
     1
102
RTVSPropertyOp15
 70
     1
102
RTVSPropertyOp16
 70
     1
102
RTVSPropertyOp17
 70
     1
102
RTVSPropertyOp18
 70
     1
102
RTVSPropertyOp19
 70
     1
102
RTVSPropertyOp20
 70
     1
102
RTVSPropertyOp21
 70
     1
102
RTVSPropertyOp22
 70
     1
102
RTVSPropertyOp23
 70
     1
102
RTVSPropertyOp24
 70
     1
102
RTVSPropertyOp25
 70
     1
102
RTVSPropertyOp26
 70
     1
102
RTVSPropertyOp27
 70
     1
102
RTVSPropertyOp28
 70
     1
102
RTVSPropertyOp29
 70
     1
102
RTVSPropertyOp30
 70
     1
102
RTVSPropertyOp31
 70
     1
102
RTVSPropertyOp32
 70
     1
102
RTVSPropertyOp33
 70
     1
102
RTVSPropertyOp34
 70
     1
102
RTVSPropertyOp35
 70
     1
102
RTVSPropertyOp36
 70
     1
102
RTVSPropertyOp37
 70
     1
102
RTVSPropertyOp38
 70
     1
102
RTVSPropertyOp39
 70
     1
102
RTVSPropertyOp40
 70
     1
102
RTVSPropertyOp41
 70
     1
102
RTVSPropertyOp42
 70
     1
102
RTVSPropertyOp43
 70
     1
102
RTVSPropertyOp44
 70
     1
102
RTVSPropertyOp45
 70
     1
102
RTVSPropertyOp46
 70
     1
102
RTVSPropertyOp47
 70
     1
102
RTVSPropertyOp48
 70
     1
102
RTVSPropertyOp49
 70
     1
102
RTVSPropertyOp50
 70
     1
102
RTVSPropertyOp51
 70
     0
102
RTVSPropertyOp52
 70
     0
102
RTVSPropertyOp53
 70
     1
102
RTVSPropertyOp54
 70
     1
102
RTVSPropertyOp55
 70
     1
102
RTVSPropertyOp56
 70
     1
102
RTVSPropertyOp57
 70
     1
102
RTVSPropertyOp58
 70
     1
102
RTVSPropertyOp59
 70
     1
102
RTVSPropertyOp60
 70
     1
102
RTVSPropertyOp61
 70
     1
102
RTVSPropertyOp62
 70
     1
  0
XRECORD
  5
B55
102
{ACAD_REACTORS
330
B54
102
}
330
B54
100
AcDbXrecord
280
     1
102
RTVSPost2010Prop28
280
     0
102
RTVSPost2010PropOp28
 70
     1
102
RTVSPost2010Prop29
280
     1
102
RTVSPost2010PropOp29
 70
     1
102
RTVSPost2010Prop30
280
     1
102
RTVSPost2010PropOp30
 70
     1
102
RTVSPost2010Prop31
280
     0
102
RTVSPost2010PropOp31
 70
     1
102
RTVSPost2010Prop32
280
     0
102
RTVSPost2010PropOp32
 70
     1
102
RTVSPost2010Prop33
280
     0
102
RTVSPost2010PropOp33
 70
     1
102
RTVSPost2010Prop34
280
     0
102
RTVSPost2010PropOp34
 70
     1
102
RTVSPost2010Prop35
280
     0
102
RTVSPost2010PropOp35
 70
     1
102
RTVSPost2010Prop36
280
     0
102
RTVSPost2010PropOp36
 70
     1
102
RTVSPost2010Prop37
 90
       50
102
RTVSPost2010PropOp37
 70
     1
102
RTVSPost2010Prop38
140
0.0
102
RTVSPost2010PropOp38
 70
     1
102
RTVSPost2010Prop39
140
1.0
102
RTVSPost2010PropOp39
 70
     1
102
RTVSPost2010Prop40
 90
        0
102
RTVSPost2010PropOp40
 70
     1
102
RTVSPost2010Prop41ColorIndex
 90
       18
102
RTVSPost2010Prop41ColorRGB
 90
        0
102
RTVSPost2010PropOp41
 70
     1
102
RTVSPost2010Prop42
 90
       50
102
RTVSPost2010PropOp42
 70
     1
102
RTVSPost2010Prop43
 90
        3
102
RTVSPost2010PropOp43
 70
     1
102
RTVSPost2010Prop44ColorIndex
 90
        5
102
RTVSPost2010Prop44ColorRGB
 90
      255
102
RTVSPost2010PropOp44
 70
     1
102
RTVSPost2010Prop45
280
     0
102
RTVSPost2010PropOp45
 70
     1
102
RTVSPost2010Prop46
 90
       50
102
RTVSPost2010PropOp46
 70
     1
102
RTVSPost2010Prop47
 90
       50
102
RTVSPost2010PropOp47
 70
     1
102
RTVSPost2010Prop48
 90
       50
102
RTVSPost2010PropOp48
 70
     1
102
RTVSPost2010Prop49
280
     0
102
RTVSPost2010PropOp49
 70
     1
102
RTVSPost2010Prop50
 90
       50
102
RTVSPost2010PropOp50
 70
     1
102
RTVSPost2010Prop51ColorIndex
 90
      256
102
RTVSPost2010Prop51ColorRGB
 90
-16777216
102
RTVSPost2010PropOp51
 70
     0
102
RTVSPost2010Prop52
140
1.0
102
RTVSPost2010PropOp52
 70
     0
102
RTVSPost2010Prop53
 90
        2
102
RTVSPost2010PropOp53
 70
     1
102
RTVSPost2010Prop54
  1
strokes_ogs.tif
102
RTVSPost2010PropOp54
 70
     1
102
RTVSPost2010Prop55
280
     0
102
RTVSPost2010PropOp55
 70
     1
102
RTVSPost2010Prop56
140
1.0
102
RTVSPost2010PropOp56
 70
     1
102
RTVSPost2010Prop57
140
1.0
102
RTVSPost2010PropOp57
 70
     1
102
RTVSPropertyOp0
 70
     1
102
RTVSPropertyOp1
 70
     1
102
RTVSPropertyOp2
 70
     1
102
RTVSPropertyOp3
 70
     1
102
RTVSPropertyOp4
 70
     1
102
RTVSPropertyOp5
 70
     1
102
RTVSPropertyOp6
 70
     1
102
RTVSPropertyOp7
 70
     1
102
RTVSPropertyOp8
 70
     1
102
RTVSPropertyOp9
 70
     1
102
RTVSPropertyOp10
 70
     1
102
RTVSPropertyOp11
 70
     1
102
RTVSPropertyOp12
 70
     1
102
RTVSPropertyOp13
 70
     1
102
RTVSPropertyOp14
 70
     1
102
RTVSPropertyOp15
 70
     1
102
RTVSPropertyOp16
 70
     1
102
RTVSPropertyOp17
 70
     1
102
RTVSPropertyOp18
 70
     1
102
RTVSPropertyOp19
 70
     1
102
RTVSPropertyOp20
 70
     1
102
RTVSPropertyOp21
 70
     1
102
RTVSPropertyOp22
 70
     1
102
RTVSPropertyOp23
 70
     1
102
RTVSPropertyOp24
 70
     1
102
RTVSPropertyOp25
 70
     1
102
RTVSPropertyOp26
 70
     1
102
RTVSPropertyOp27
 70
     1
102
RTVSPropertyOp28
 70
     1
102
RTVSPropertyOp29
 70
     1
102
RTVSPropertyOp30
 70
     1
102
RTVSPropertyOp31
 70
     1
102
RTVSPropertyOp32
 70
     1
102
RTVSPropertyOp33
 70
     1
102
RTVSPropertyOp34
 70
     1
102
RTVSPropertyOp35
 70
     1
102
RTVSPropertyOp36
 70
     1
102
RTVSPropertyOp37
 70
     1
102
RTVSPropertyOp38
 70
     1
102
RTVSPropertyOp39
 70
     1
102
RTVSPropertyOp40
 70
     1
102
RTVSPropertyOp41
 70
     1
102
RTVSPropertyOp42
 70
     1
102
RTVSPropertyOp43
 70
     1
102
RTVSPropertyOp44
 70
     1
102
RTVSPropertyOp45
 70
     1
102
RTVSPropertyOp46
 70
     1
102
RTVSPropertyOp47
 70
     1
102
RTVSPropertyOp48
 70
     1
102
RTVSPropertyOp49
 70
     1
102
RTVSPropertyOp50
 70
     1
102
RTVSPropertyOp51
 70
     0
102
RTVSPropertyOp52
 70
     0
102
RTVSPropertyOp53
 70
     1
102
RTVSPropertyOp54
 70
     1
102
RTVSPropertyOp55
 70
     1
102
RTVSPropertyOp56
 70
     1
102
RTVSPropertyOp57
 70
     1
102
RTVSPropertyOp58
 70
     1
102
RTVSPropertyOp59
 70
     1
102
RTVSPropertyOp60
 70
     1
102
RTVSPropertyOp61
 70
     1
102
RTVSPropertyOp62
 70
     1
  0
XRECORD
  5
B57
102
{ACAD_REACTORS
330
B56
102
}
330
B56
100
AcDbXrecord
280
     1
102
RTVSPost2010Prop28
280
     0
102
RTVSPost2010PropOp28
 70
     1
102
RTVSPost2010Prop29
280
     1
102
RTVSPost2010PropOp29
 70
     1
102
RTVSPost2010Prop30
280
     1
102
RTVSPost2010PropOp30
 70
     1
102
RTVSPost2010Prop31
280
     0
102
RTVSPost2010PropOp31
 70
     1
102
RTVSPost2010Prop32
280
     0
102
RTVSPost2010PropOp32
 70
     1
102
RTVSPost2010Prop33
280
     0
102
RTVSPost2010PropOp33
 70
     1
102
RTVSPost2010Prop34
280
     0
102
RTVSPost2010PropOp34
 70
     1
102
RTVSPost2010Prop35
280
     0
102
RTVSPost2010PropOp35
 70
     1
102
RTVSPost2010Prop36
280
     0
102
RTVSPost2010PropOp36
 70
     1
102
RTVSPost2010Prop37
 90
       50
102
RTVSPost2010PropOp37
 70
     1
102
RTVSPost2010Prop38
140
0.0
102
RTVSPost2010PropOp38
 70
     1
102
RTVSPost2010Prop39
140
1.0
102
RTVSPost2010PropOp39
 70
     1
102
RTVSPost2010Prop40
 90
        0
102
RTVSPost2010PropOp40
 70
     1
102
RTVSPost2010Prop41ColorIndex
 90
       18
102
RTVSPost2010Prop41ColorRGB
 90
        0
102
RTVSPost2010PropOp41
 70
     1
102
RTVSPost2010Prop42
 90
       50
102
RTVSPost2010PropOp42
 70
     1
102
RTVSPost2010Prop43
 90
        3
102
RTVSPost2010PropOp43
 70
     1
102
RTVSPost2010Prop44ColorIndex
 90
        5
102
RTVSPost2010Prop44ColorRGB
 90
      255
102
RTVSPost2010PropOp44
 70
     1
102
RTVSPost2010Prop45
280
     0
102
RTVSPost2010PropOp45
 70
     1
102
RTVSPost2010Prop46
 90
       50
102
RTVSPost2010PropOp46
 70
     1
102
RTVSPost2010Prop47
 90
       50
102
RTVSPost2010PropOp47
 70
     1
102
RTVSPost2010Prop48
 90
       50
102
RTVSPost2010PropOp48
 70
     1
102
RTVSPost2010Prop49
280
     0
102
RTVSPost2010PropOp49
 70
     1
102
RTVSPost2010Prop50
 90
       50
102
RTVSPost2010PropOp50
 70
     1
102
RTVSPost2010Prop51ColorIndex
 90
      256
102
RTVSPost2010Prop51ColorRGB
 90
-16777216
102
RTVSPost2010PropOp51
 70
     0
102
RTVSPost2010Prop52
140
1.0
102
RTVSPost2010PropOp52
 70
     0
102
RTVSPost2010Prop53
 90
        2
102
RTVSPost2010PropOp53
 70
     1
102
RTVSPost2010Prop54
  1
strokes_ogs.tif
102
RTVSPost2010PropOp54
 70
     1
102
RTVSPost2010Prop55
280
     0
102
RTVSPost2010PropOp55
 70
     1
102
RTVSPost2010Prop56
140
1.0
102
RTVSPost2010PropOp56
 70
     1
102
RTVSPost2010Prop57
140
1.0
102
RTVSPost2010PropOp57
 70
     1
102
RTVSPropertyOp0
 70
     1
102
RTVSPropertyOp1
 70
     1
102
RTVSPropertyOp2
 70
     1
102
RTVSPropertyOp3
 70
     1
102
RTVSPropertyOp4
 70
     1
102
RTVSPropertyOp5
 70
     1
102
RTVSPropertyOp6
 70
     1
102
RTVSPropertyOp7
 70
     1
102
RTVSPropertyOp8
 70
     1
102
RTVSPropertyOp9
 70
     1
102
RTVSPropertyOp10
 70
     1
102
RTVSPropertyOp11
 70
     1
102
RTVSPropertyOp12
 70
     1
102
RTVSPropertyOp13
 70
     1
102
RTVSPropertyOp14
 70
     1
102
RTVSPropertyOp15
 70
     1
102
RTVSPropertyOp16
 70
     1
102
RTVSPropertyOp17
 70
     1
102
RTVSPropertyOp18
 70
     1
102
RTVSPropertyOp19
 70
     1
102
RTVSPropertyOp20
 70
     1
102
RTVSPropertyOp21
 70
     1
102
RTVSPropertyOp22
 70
     1
102
RTVSPropertyOp23
 70
     1
102
RTVSPropertyOp24
 70
     1
102
RTVSPropertyOp25
 70
     1
102
RTVSPropertyOp26
 70
     1
102
RTVSPropertyOp27
 70
     1
102
RTVSPropertyOp28
 70
     1
102
RTVSPropertyOp29
 70
     1
102
RTVSPropertyOp30
 70
     1
102
RTVSPropertyOp31
 70
     1
102
RTVSPropertyOp32
 70
     1
102
RTVSPropertyOp33
 70
     1
102
RTVSPropertyOp34
 70
     1
102
RTVSPropertyOp35
 70
     1
102
RTVSPropertyOp36
 70
     1
102
RTVSPropertyOp37
 70
     1
102
RTVSPropertyOp38
 70
     1
102
RTVSPropertyOp39
 70
     1
102
RTVSPropertyOp40
 70
     1
102
RTVSPropertyOp41
 70
     1
102
RTVSPropertyOp42
 70
     1
102
RTVSPropertyOp43
 70
     1
102
RTVSPropertyOp44
 70
     1
102
RTVSPropertyOp45
 70
     1
102
RTVSPropertyOp46
 70
     1
102
RTVSPropertyOp47
 70
     1
102
RTVSPropertyOp48
 70
     1
102
RTVSPropertyOp49
 70
     1
102
RTVSPropertyOp50
 70
     1
102
RTVSPropertyOp51
 70
     0
102
RTVSPropertyOp52
 70
     0
102
RTVSPropertyOp53
 70
     1
102
RTVSPropertyOp54
 70
     1
102
RTVSPropertyOp55
 70
     1
102
RTVSPropertyOp56
 70
     1
102
RTVSPropertyOp57
 70
     1
102
RTVSPropertyOp58
 70
     1
102
RTVSPropertyOp59
 70
     1
102
RTVSPropertyOp60
 70
     1
102
RTVSPropertyOp61
 70
     1
102
RTVSPropertyOp62
 70
     1
  0
XRECORD
  5
B59
102
{ACAD_REACTORS
330
B58
102
}
330
B58
100
AcDbXrecord
280
     1
102
RTVSPost2010Prop28
280
     0
102
RTVSPost2010PropOp28
 70
     1
102
RTVSPost2010Prop29
280
     1
102
RTVSPost2010PropOp29
 70
     1
102
RTVSPost2010Prop30
280
     1
102
RTVSPost2010PropOp30
 70
     1
102
RTVSPost2010Prop31
280
     0
102
RTVSPost2010PropOp31
 70
     1
102
RTVSPost2010Prop32
280
     0
102
RTVSPost2010PropOp32
 70
     1
102
RTVSPost2010Prop33
280
     0
102
RTVSPost2010PropOp33
 70
     1
102
RTVSPost2010Prop34
280
     0
102
RTVSPost2010PropOp34
 70
     1
102
RTVSPost2010Prop35
280
     0
102
RTVSPost2010PropOp35
 70
     1
102
RTVSPost2010Prop36
280
     0
102
RTVSPost2010PropOp36
 70
     1
102
RTVSPost2010Prop37
 90
       50
102
RTVSPost2010PropOp37
 70
     1
102
RTVSPost2010Prop38
140
0.0
102
RTVSPost2010PropOp38
 70
     1
102
RTVSPost2010Prop39
140
1.0
102
RTVSPost2010PropOp39
 70
     1
102
RTVSPost2010Prop40
 90
        0
102
RTVSPost2010PropOp40
 70
     1
102
RTVSPost2010Prop41ColorIndex
 90
       18
102
RTVSPost2010Prop41ColorRGB
 90
        0
102
RTVSPost2010PropOp41
 70
     1
102
RTVSPost2010Prop42
 90
       50
102
RTVSPost2010PropOp42
 70
     1
102
RTVSPost2010Prop43
 90
        3
102
RTVSPost2010PropOp43
 70
     1
102
RTVSPost2010Prop44ColorIndex
 90
        5
102
RTVSPost2010Prop44ColorRGB
 90
      255
102
RTVSPost2010PropOp44
 70
     1
102
RTVSPost2010Prop45
280
     0
102
RTVSPost2010PropOp45
 70
     1
102
RTVSPost2010Prop46
 90
       50
102
RTVSPost2010PropOp46
 70
     1
102
RTVSPost2010Prop47
 90
       50
102
RTVSPost2010PropOp47
 70
     1
102
RTVSPost2010Prop48
 90
       50
102
RTVSPost2010PropOp48
 70
     1
102
RTVSPost2010Prop49
280
     0
102
RTVSPost2010PropOp49
 70
     1
102
RTVSPost2010Prop50
 90
       50
102
RTVSPost2010PropOp50
 70
     1
102
RTVSPost2010Prop51ColorIndex
 90
      256
102
RTVSPost2010Prop51ColorRGB
 90
-16777216
102
RTVSPost2010PropOp51
 70
     0
102
RTVSPost2010Prop52
140
1.0
102
RTVSPost2010PropOp52
 70
     0
102
RTVSPost2010Prop53
 90
        2
102
RTVSPost2010PropOp53
 70
     1
102
RTVSPost2010Prop54
  1
strokes_ogs.tif
102
RTVSPost2010PropOp54
 70
     1
102
RTVSPost2010Prop55
280
     0
102
RTVSPost2010PropOp55
 70
     1
102
RTVSPost2010Prop56
140
1.0
102
RTVSPost2010PropOp56
 70
     1
102
RTVSPost2010Prop57
140
1.0
102
RTVSPost2010PropOp57
 70
     1
102
RTVSPropertyOp0
 70
     1
102
RTVSPropertyOp1
 70
     1
102
RTVSPropertyOp2
 70
     1
102
RTVSPropertyOp3
 70
     1
102
RTVSPropertyOp4
 70
     1
102
RTVSPropertyOp5
 70
     1
102
RTVSPropertyOp6
 70
     1
102
RTVSPropertyOp7
 70
     1
102
RTVSPropertyOp8
 70
     1
102
RTVSPropertyOp9
 70
     1
102
RTVSPropertyOp10
 70
     1
102
RTVSPropertyOp11
 70
     1
102
RTVSPropertyOp12
 70
     1
102
RTVSPropertyOp13
 70
     1
102
RTVSPropertyOp14
 70
     1
102
RTVSPropertyOp15
 70
     1
102
RTVSPropertyOp16
 70
     1
102
RTVSPropertyOp17
 70
     1
102
RTVSPropertyOp18
 70
     1
102
RTVSPropertyOp19
 70
     1
102
RTVSPropertyOp20
 70
     1
102
RTVSPropertyOp21
 70
     1
102
RTVSPropertyOp22
 70
     1
102
RTVSPropertyOp23
 70
     1
102
RTVSPropertyOp24
 70
     1
102
RTVSPropertyOp25
 70
     1
102
RTVSPropertyOp26
 70
     1
102
RTVSPropertyOp27
 70
     1
102
RTVSPropertyOp28
 70
     1
102
RTVSPropertyOp29
 70
     1
102
RTVSPropertyOp30
 70
     1
102
RTVSPropertyOp31
 70
     1
102
RTVSPropertyOp32
 70
     1
102
RTVSPropertyOp33
 70
     1
102
RTVSPropertyOp34
 70
     1
102
RTVSPropertyOp35
 70
     1
102
RTVSPropertyOp36
 70
     1
102
RTVSPropertyOp37
 70
     1
102
RTVSPropertyOp38
 70
     1
102
RTVSPropertyOp39
 70
     1
102
RTVSPropertyOp40
 70
     1
102
RTVSPropertyOp41
 70
     1
102
RTVSPropertyOp42
 70
     1
102
RTVSPropertyOp43
 70
     1
102
RTVSPropertyOp44
 70
     1
102
RTVSPropertyOp45
 70
     1
102
RTVSPropertyOp46
 70
     1
102
RTVSPropertyOp47
 70
     1
102
RTVSPropertyOp48
 70
     1
102
RTVSPropertyOp49
 70
     1
102
RTVSPropertyOp50
 70
     1
102
RTVSPropertyOp51
 70
     0
102
RTVSPropertyOp52
 70
     0
102
RTVSPropertyOp53
 70
     1
102
RTVSPropertyOp54
 70
     1
102
RTVSPropertyOp55
 70
     1
102
RTVSPropertyOp56
 70
     1
102
RTVSPropertyOp57
 70
     1
102
RTVSPropertyOp58
 70
     1
102
RTVSPropertyOp59
 70
     1
102
RTVSPropertyOp60
 70
     1
102
RTVSPropertyOp61
 70
     1
102
RTVSPropertyOp62
 70
     1
  0
XRECORD
  5
B5B
102
{ACAD_REACTORS
330
B5A
102
}
330
B5A
100
AcDbXrecord
280
     1
102
RTVSPost2010Prop28
280
     0
102
RTVSPost2010PropOp28
 70
     1
102
RTVSPost2010Prop29
280
     1
102
RTVSPost2010PropOp29
 70
     1
102
RTVSPost2010Prop30
280
     1
102
RTVSPost2010PropOp30
 70
     1
102
RTVSPost2010Prop31
280
     0
102
RTVSPost2010PropOp31
 70
     1
102
RTVSPost2010Prop32
280
     0
102
RTVSPost2010PropOp32
 70
     1
102
RTVSPost2010Prop33
280
     0
102
RTVSPost2010PropOp33
 70
     1
102
RTVSPost2010Prop34
280
     0
102
RTVSPost2010PropOp34
 70
     1
102
RTVSPost2010Prop35
280
     0
102
RTVSPost2010PropOp35
 70
     1
102
RTVSPost2010Prop36
280
     0
102
RTVSPost2010PropOp36
 70
     1
102
RTVSPost2010Prop37
 90
       50
102
RTVSPost2010PropOp37
 70
     1
102
RTVSPost2010Prop38
140
0.0
102
RTVSPost2010PropOp38
 70
     1
102
RTVSPost2010Prop39
140
1.0
102
RTVSPost2010PropOp39
 70
     1
102
RTVSPost2010Prop40
 90
        0
102
RTVSPost2010PropOp40
 70
     1
102
RTVSPost2010Prop41ColorIndex
 90
       18
102
RTVSPost2010Prop41ColorRGB
 90
        0
102
RTVSPost2010PropOp41
 70
     1
102
RTVSPost2010Prop42
 90
       50
102
RTVSPost2010PropOp42
 70
     1
102
RTVSPost2010Prop43
 90
        3
102
RTVSPost2010PropOp43
 70
     1
102
RTVSPost2010Prop44ColorIndex
 90
        5
102
RTVSPost2010Prop44ColorRGB
 90
      255
102
RTVSPost2010PropOp44
 70
     1
102
RTVSPost2010Prop45
280
     0
102
RTVSPost2010PropOp45
 70
     1
102
RTVSPost2010Prop46
 90
       50
102
RTVSPost2010PropOp46
 70
     1
102
RTVSPost2010Prop47
 90
       50
102
RTVSPost2010PropOp47
 70
     1
102
RTVSPost2010Prop48
 90
       50
102
RTVSPost2010PropOp48
 70
     1
102
RTVSPost2010Prop49
280
     0
102
RTVSPost2010PropOp49
 70
     1
102
RTVSPost2010Prop50
 90
       50
102
RTVSPost2010PropOp50
 70
     1
102
RTVSPost2010Prop51ColorIndex
 90
      256
102
RTVSPost2010Prop51ColorRGB
 90
-16777216
102
RTVSPost2010PropOp51
 70
     0
102
RTVSPost2010Prop52
140
1.0
102
RTVSPost2010PropOp52
 70
     0
102
RTVSPost2010Prop53
 90
        2
102
RTVSPost2010PropOp53
 70
     1
102
RTVSPost2010Prop54
  1
strokes_ogs.tif
102
RTVSPost2010PropOp54
 70
     1
102
RTVSPost2010Prop55
280
     0
102
RTVSPost2010PropOp55
 70
     1
102
RTVSPost2010Prop56
140
1.0
102
RTVSPost2010PropOp56
 70
     1
102
RTVSPost2010Prop57
140
1.0
102
RTVSPost2010PropOp57
 70
     1
102
RTVSPropertyOp0
 70
     1
102
RTVSPropertyOp1
 70
     1
102
RTVSPropertyOp2
 70
     1
102
RTVSPropertyOp3
 70
     1
102
RTVSPropertyOp4
 70
     1
102
RTVSPropertyOp5
 70
     1
102
RTVSPropertyOp6
 70
     1
102
RTVSPropertyOp7
 70
     1
102
RTVSPropertyOp8
 70
     1
102
RTVSPropertyOp9
 70
     1
102
RTVSPropertyOp10
 70
     1
102
RTVSPropertyOp11
 70
     1
102
RTVSPropertyOp12
 70
     1
102
RTVSPropertyOp13
 70
     1
102
RTVSPropertyOp14
 70
     1
102
RTVSPropertyOp15
 70
     1
102
RTVSPropertyOp16
 70
     1
102
RTVSPropertyOp17
 70
     1
102
RTVSPropertyOp18
 70
     1
102
RTVSPropertyOp19
 70
     1
102
RTVSPropertyOp20
 70
     1
102
RTVSPropertyOp21
 70
     1
102
RTVSPropertyOp22
 70
     1
102
RTVSPropertyOp23
 70
     1
102
RTVSPropertyOp24
 70
     1
102
RTVSPropertyOp25
 70
     1
102
RTVSPropertyOp26
 70
     1
102
RTVSPropertyOp27
 70
     1
102
RTVSPropertyOp28
 70
     1
102
RTVSPropertyOp29
 70
     1
102
RTVSPropertyOp30
 70
     1
102
RTVSPropertyOp31
 70
     1
102
RTVSPropertyOp32
 70
     1
102
RTVSPropertyOp33
 70
     1
102
RTVSPropertyOp34
 70
     1
102
RTVSPropertyOp35
 70
     1
102
RTVSPropertyOp36
 70
     1
102
RTVSPropertyOp37
 70
     1
102
RTVSPropertyOp38
 70
     1
102
RTVSPropertyOp39
 70
     1
102
RTVSPropertyOp40
 70
     1
102
RTVSPropertyOp41
 70
     1
102
RTVSPropertyOp42
 70
     1
102
RTVSPropertyOp43
 70
     1
102
RTVSPropertyOp44
 70
     1
102
RTVSPropertyOp45
 70
     1
102
RTVSPropertyOp46
 70
     1
102
RTVSPropertyOp47
 70
     1
102
RTVSPropertyOp48
 70
     1
102
RTVSPropertyOp49
 70
     1
102
RTVSPropertyOp50
 70
     1
102
RTVSPropertyOp51
 70
     0
102
RTVSPropertyOp52
 70
     0
102
RTVSPropertyOp53
 70
     1
102
RTVSPropertyOp54
 70
     1
102
RTVSPropertyOp55
 70
     1
102
RTVSPropertyOp56
 70
     1
102
RTVSPropertyOp57
 70
     1
102
RTVSPropertyOp58
 70
     1
102
RTVSPropertyOp59
 70
     1
102
RTVSPropertyOp60
 70
     1
102
RTVSPropertyOp61
 70
     1
102
RTVSPropertyOp62
 70
     1
  0
XRECORD
  5
B61
102
{ACAD_REACTORS
330
B60
102
}
330
B60
100
AcDbXrecord
280
     1
102
RTVSPost2010Prop28
280
     0
102
RTVSPost2010PropOp28
 70
     1
102
RTVSPost2010Prop29
280
     1
102
RTVSPost2010PropOp29
 70
     1
102
RTVSPost2010Prop30
280
     1
102
RTVSPost2010PropOp30
 70
     1
102
RTVSPost2010Prop31
280
     0
102
RTVSPost2010PropOp31
 70
     1
102
RTVSPost2010Prop32
280
     0
102
RTVSPost2010PropOp32
 70
     1
102
RTVSPost2010Prop33
280
     0
102
RTVSPost2010PropOp33
 70
     1
102
RTVSPost2010Prop34
280
     0
102
RTVSPost2010PropOp34
 70
     1
102
RTVSPost2010Prop35
280
     0
102
RTVSPost2010PropOp35
 70
     1
102
RTVSPost2010Prop36
280
     0
102
RTVSPost2010PropOp36
 70
     1
102
RTVSPost2010Prop37
 90
       50
102
RTVSPost2010PropOp37
 70
     1
102
RTVSPost2010Prop38
140
0.0
102
RTVSPost2010PropOp38
 70
     1
102
RTVSPost2010Prop39
140
1.0
102
RTVSPost2010PropOp39
 70
     1
102
RTVSPost2010Prop40
 90
        0
102
RTVSPost2010PropOp40
 70
     1
102
RTVSPost2010Prop41ColorIndex
 90
       18
102
RTVSPost2010Prop41ColorRGB
 90
        0
102
RTVSPost2010PropOp41
 70
     1
102
RTVSPost2010Prop42
 90
       50
102
RTVSPost2010PropOp42
 70
     1
102
RTVSPost2010Prop43
 90
        3
102
RTVSPost2010PropOp43
 70
     1
102
RTVSPost2010Prop44ColorIndex
 90
        5
102
RTVSPost2010Prop44ColorRGB
 90
      255
102
RTVSPost2010PropOp44
 70
     1
102
RTVSPost2010Prop45
280
     0
102
RTVSPost2010PropOp45
 70
     1
102
RTVSPost2010Prop46
 90
       50
102
RTVSPost2010PropOp46
 70
     1
102
RTVSPost2010Prop47
 90
       50
102
RTVSPost2010PropOp47
 70
     1
102
RTVSPost2010Prop48
 90
       50
102
RTVSPost2010PropOp48
 70
     1
102
RTVSPost2010Prop49
280
     0
102
RTVSPost2010PropOp49
 70
     1
102
RTVSPost2010Prop50
 90
       50
102
RTVSPost2010PropOp50
 70
     1
102
RTVSPost2010Prop51ColorIndex
 90
      256
102
RTVSPost2010Prop51ColorRGB
 90
-16777216
102
RTVSPost2010PropOp51
 70
     0
102
RTVSPost2010Prop52
140
1.0
102
RTVSPost2010PropOp52
 70
     0
102
RTVSPost2010Prop53
 90
        2
102
RTVSPost2010PropOp53
 70
     1
102
RTVSPost2010Prop54
  1
strokes_ogs.tif
102
RTVSPost2010PropOp54
 70
     1
102
RTVSPost2010Prop55
280
     0
102
RTVSPost2010PropOp55
 70
     1
102
RTVSPost2010Prop56
140
1.0
102
RTVSPost2010PropOp56
 70
     1
102
RTVSPost2010Prop57
140
1.0
102
RTVSPost2010PropOp57
 70
     1
102
RTVSPropertyOp0
 70
     1
102
RTVSPropertyOp1
 70
     1
102
RTVSPropertyOp2
 70
     1
102
RTVSPropertyOp3
 70
     1
102
RTVSPropertyOp4
 70
     1
102
RTVSPropertyOp5
 70
     1
102
RTVSPropertyOp6
 70
     1
102
RTVSPropertyOp7
 70
     1
102
RTVSPropertyOp8
 70
     1
102
RTVSPropertyOp9
 70
     1
102
RTVSPropertyOp10
 70
     1
102
RTVSPropertyOp11
 70
     1
102
RTVSPropertyOp12
 70
     1
102
RTVSPropertyOp13
 70
     1
102
RTVSPropertyOp14
 70
     1
102
RTVSPropertyOp15
 70
     1
102
RTVSPropertyOp16
 70
     1
102
RTVSPropertyOp17
 70
     1
102
RTVSPropertyOp18
 70
     1
102
RTVSPropertyOp19
 70
     1
102
RTVSPropertyOp20
 70
     1
102
RTVSPropertyOp21
 70
     1
102
RTVSPropertyOp22
 70
     1
102
RTVSPropertyOp23
 70
     1
102
RTVSPropertyOp24
 70
     1
102
RTVSPropertyOp25
 70
     1
102
RTVSPropertyOp26
 70
     1
102
RTVSPropertyOp27
 70
     1
102
RTVSPropertyOp28
 70
     1
102
RTVSPropertyOp29
 70
     1
102
RTVSPropertyOp30
 70
     1
102
RTVSPropertyOp31
 70
     1
102
RTVSPropertyOp32
 70
     1
102
RTVSPropertyOp33
 70
     1
102
RTVSPropertyOp34
 70
     1
102
RTVSPropertyOp35
 70
     1
102
RTVSPropertyOp36
 70
     1
102
RTVSPropertyOp37
 70
     1
102
RTVSPropertyOp38
 70
     1
102
RTVSPropertyOp39
 70
     1
102
RTVSPropertyOp40
 70
     1
102
RTVSPropertyOp41
 70
     1
102
RTVSPropertyOp42
 70
     1
102
RTVSPropertyOp43
 70
     1
102
RTVSPropertyOp44
 70
     1
102
RTVSPropertyOp45
 70
     1
102
RTVSPropertyOp46
 70
     1
102
RTVSPropertyOp47
 70
     1
102
RTVSPropertyOp48
 70
     1
102
RTVSPropertyOp49
 70
     1
102
RTVSPropertyOp50
 70
     1
102
RTVSPropertyOp51
 70
     0
102
RTVSPropertyOp52
 70
     0
102
RTVSPropertyOp53
 70
     1
102
RTVSPropertyOp54
 70
     1
102
RTVSPropertyOp55
 70
     1
102
RTVSPropertyOp56
 70
     1
102
RTVSPropertyOp57
 70
     1
102
RTVSPropertyOp58
 70
     1
102
RTVSPropertyOp59
 70
     1
102
RTVSPropertyOp60
 70
     1
102
RTVSPropertyOp61
 70
     1
102
RTVSPropertyOp62
 70
     1
  0
XRECORD
  5
B75
102
{ACAD_REACTORS
330
B74
102
}
330
B74
100
AcDbXrecord
280
     1
102
RTVSPost2010Prop28
280
     0
102
RTVSPost2010PropOp28
 70
     0
102
RTVSPost2010Prop29
280
     1
102
RTVSPost2010PropOp29
 70
     0
102
RTVSPost2010Prop30
280
     1
102
RTVSPost2010PropOp30
 70
     0
102
RTVSPost2010Prop31
280
     0
102
RTVSPost2010PropOp31
 70
     0
102
RTVSPost2010Prop32
280
     0
102
RTVSPost2010PropOp32
 70
     0
102
RTVSPost2010Prop33
280
     0
102
RTVSPost2010PropOp33
 70
     0
102
RTVSPost2010Prop34
280
     0
102
RTVSPost2010PropOp34
 70
     0
102
RTVSPost2010Prop35
280
     0
102
RTVSPost2010PropOp35
 70
     0
102
RTVSPost2010Prop36
280
     0
102
RTVSPost2010PropOp36
 70
     0
102
RTVSPost2010Prop37
 90
       50
102
RTVSPost2010PropOp37
 70
     0
102
RTVSPost2010Prop38
140
0.0
102
RTVSPost2010PropOp38
 70
     0
102
RTVSPost2010Prop39
140
1.0
102
RTVSPost2010PropOp39
 70
     0
102
RTVSPost2010Prop40
 90
        0
102
RTVSPost2010PropOp40
 70
     0
102
RTVSPost2010Prop41ColorIndex
 90
       18
102
RTVSPost2010Prop41ColorRGB
 90
        0
102
RTVSPost2010PropOp41
 70
     0
102
RTVSPost2010Prop42
 90
       50
102
RTVSPost2010PropOp42
 70
     0
102
RTVSPost2010Prop43
 90
        3
102
RTVSPost2010PropOp43
 70
     0
102
RTVSPost2010Prop44ColorIndex
 90
        5
102
RTVSPost2010Prop44ColorRGB
 90
      255
102
RTVSPost2010PropOp44
 70
     0
102
RTVSPost2010Prop45
280
     0
102
RTVSPost2010PropOp45
 70
     0
102
RTVSPost2010Prop46
 90
       50
102
RTVSPost2010PropOp46
 70
     0
102
RTVSPost2010Prop47
 90
       50
102
RTVSPost2010PropOp47
 70
     0
102
RTVSPost2010Prop48
 90
       50
102
RTVSPost2010PropOp48
 70
     0
102
RTVSPost2010Prop49
280
     0
102
RTVSPost2010PropOp49
 70
     0
102
RTVSPost2010Prop50
 90
       50
102
RTVSPost2010PropOp50
 70
     0
102
RTVSPost2010Prop51ColorIndex
 90
      256
102
RTVSPost2010Prop51ColorRGB
 90
-16777216
102
RTVSPost2010PropOp51
 70
     0
102
RTVSPost2010Prop52
140
1.0
102
RTVSPost2010PropOp52
 70
     0
102
RTVSPost2010Prop53
 90
        2
102
RTVSPost2010PropOp53
 70
     0
102
RTVSPost2010Prop54
  1
strokes_ogs.tif
102
RTVSPost2010PropOp54
 70
     0
102
RTVSPost2010Prop55
280
     0
102
RTVSPost2010PropOp55
 70
     0
102
RTVSPost2010Prop56
140
1.0
102
RTVSPost2010PropOp56
 70
     0
102
RTVSPost2010Prop57
140
1.0
102
RTVSPost2010PropOp57
 70
     0
102
RTVSPropertyOp0
 70
     0
102
RTVSPropertyOp1
 70
     0
102
RTVSPropertyOp2
 70
     0
102
RTVSPropertyOp3
 70
     0
102
RTVSPropertyOp4
 70
     0
102
RTVSPropertyOp5
 70
     0
102
RTVSPropertyOp6
 70
     0
102
RTVSPropertyOp7
 70
     0
102
RTVSPropertyOp8
 70
     0
102
RTVSPropertyOp9
 70
     0
102
RTVSPropertyOp10
 70
     0
102
RTVSPropertyOp11
 70
     0
102
RTVSPropertyOp12
 70
     0
102
RTVSPropertyOp13
 70
     0
102
RTVSPropertyOp14
 70
     2
102
RTVSPropertyOp15
 70
     0
102
RTVSPropertyOp16
 70
     0
102
RTVSPropertyOp17
 70
     0
102
RTVSPropertyOp18
 70
     0
102
RTVSPropertyOp19
 70
     0
102
RTVSPropertyOp20
 70
     0
102
RTVSPropertyOp21
 70
     0
102
RTVSPropertyOp22
 70
     0
102
RTVSPropertyOp23
 70
     0
102
RTVSPropertyOp24
 70
     0
102
RTVSPropertyOp25
 70
     0
102
RTVSPropertyOp26
 70
     0
102
RTVSPropertyOp27
 70
     0
102
RTVSPropertyOp28
 70
     0
102
RTVSPropertyOp29
 70
     0
102
RTVSPropertyOp30
 70
     0
102
RTVSPropertyOp31
 70
     0
102
RTVSPropertyOp32
 70
     0
102
RTVSPropertyOp33
 70
     0
102
RTVSPropertyOp34
 70
     0
102
RTVSPropertyOp35
 70
     0
102
RTVSPropertyOp36
 70
     0
102
RTVSPropertyOp37
 70
     0
102
RTVSPropertyOp38
 70
     0
102
RTVSPropertyOp39
 70
     0
102
RTVSPropertyOp40
 70
     0
102
RTVSPropertyOp41
 70
     0
102
RTVSPropertyOp42
 70
     0
102
RTVSPropertyOp43
 70
     0
102
RTVSPropertyOp44
 70
     0
102
RTVSPropertyOp45
 70
     0
102
RTVSPropertyOp46
 70
     0
102
RTVSPropertyOp47
 70
     0
102
RTVSPropertyOp48
 70
     0
102
RTVSPropertyOp49
 70
     0
102
RTVSPropertyOp50
 70
     0
102
RTVSPropertyOp51
 70
     0
102
RTVSPropertyOp52
 70
     0
102
RTVSPropertyOp53
 70
     0
102
RTVSPropertyOp54
 70
     0
102
RTVSPropertyOp55
 70
     0
102
RTVSPropertyOp56
 70
     0
102
RTVSPropertyOp57
 70
     0
102
RTVSPropertyOp58
 70
     1
102
RTVSPropertyOp59
 70
     1
102
RTVSPropertyOp60
 70
     1
102
RTVSPropertyOp61
 70
     1
102
RTVSPropertyOp62
 70
     1
  0
XRECORD
  5
B6F
102
{ACAD_REACTORS
330
B6E
102
}
330
B6E
100
AcDbXrecord
280
     1
102
RTVSPost2010Prop28
280
     0
102
RTVSPost2010PropOp28
 70
     1
102
RTVSPost2010Prop29
280
     1
102
RTVSPost2010PropOp29
 70
     1
102
RTVSPost2010Prop30
280
     1
102
RTVSPost2010PropOp30
 70
     1
102
RTVSPost2010Prop31
280
     0
102
RTVSPost2010PropOp31
 70
     1
102
RTVSPost2010Prop32
280
     0
102
RTVSPost2010PropOp32
 70
     1
102
RTVSPost2010Prop33
280
     0
102
RTVSPost2010PropOp33
 70
     1
102
RTVSPost2010Prop34
280
     0
102
RTVSPost2010PropOp34
 70
     1
102
RTVSPost2010Prop35
280
     0
102
RTVSPost2010PropOp35
 70
     1
102
RTVSPost2010Prop36
280
     0
102
RTVSPost2010PropOp36
 70
     1
102
RTVSPost2010Prop37
 90
       50
102
RTVSPost2010PropOp37
 70
     1
102
RTVSPost2010Prop38
140
0.0
102
RTVSPost2010PropOp38
 70
     1
102
RTVSPost2010Prop39
140
1.0
102
RTVSPost2010PropOp39
 70
     1
102
RTVSPost2010Prop40
 90
        0
102
RTVSPost2010PropOp40
 70
     1
102
RTVSPost2010Prop41ColorIndex
 90
       18
102
RTVSPost2010Prop41ColorRGB
 90
        0
102
RTVSPost2010PropOp41
 70
     1
102
RTVSPost2010Prop42
 90
       50
102
RTVSPost2010PropOp42
 70
     1
102
RTVSPost2010Prop43
 90
        3
102
RTVSPost2010PropOp43
 70
     1
102
RTVSPost2010Prop44ColorIndex
 90
        5
102
RTVSPost2010Prop44ColorRGB
 90
      255
102
RTVSPost2010PropOp44
 70
     1
102
RTVSPost2010Prop45
280
     0
102
RTVSPost2010PropOp45
 70
     1
102
RTVSPost2010Prop46
 90
       50
102
RTVSPost2010PropOp46
 70
     1
102
RTVSPost2010Prop47
 90
       50
102
RTVSPost2010PropOp47
 70
     1
102
RTVSPost2010Prop48
 90
       50
102
RTVSPost2010PropOp48
 70
     1
102
RTVSPost2010Prop49
280
     0
102
RTVSPost2010PropOp49
 70
     1
102
RTVSPost2010Prop50
 90
       50
102
RTVSPost2010PropOp50
 70
     1
102
RTVSPost2010Prop51ColorIndex
 90
      256
102
RTVSPost2010Prop51ColorRGB
 90
-16777216
102
RTVSPost2010PropOp51
 70
     0
102
RTVSPost2010Prop52
140
1.0
102
RTVSPost2010PropOp52
 70
     0
102
RTVSPost2010Prop53
 90
        2
102
RTVSPost2010PropOp53
 70
     1
102
RTVSPost2010Prop54
  1
strokes_ogs.tif
102
RTVSPost2010PropOp54
 70
     1
102
RTVSPost2010Prop55
280
     0
102
RTVSPost2010PropOp55
 70
     1
102
RTVSPost2010Prop56
140
1.0
102
RTVSPost2010PropOp56
 70
     1
102
RTVSPost2010Prop57
140
1.0
102
RTVSPost2010PropOp57
 70
     1
102
RTVSPropertyOp0
 70
     1
102
RTVSPropertyOp1
 70
     1
102
RTVSPropertyOp2
 70
     1
102
RTVSPropertyOp3
 70
     1
102
RTVSPropertyOp4
 70
     1
102
RTVSPropertyOp5
 70
     1
102
RTVSPropertyOp6
 70
     1
102
RTVSPropertyOp7
 70
     1
102
RTVSPropertyOp8
 70
     1
102
RTVSPropertyOp9
 70
     1
102
RTVSPropertyOp10
 70
     1
102
RTVSPropertyOp11
 70
     1
102
RTVSPropertyOp12
 70
     1
102
RTVSPropertyOp13
 70
     1
102
RTVSPropertyOp14
 70
     1
102
RTVSPropertyOp15
 70
     1
102
RTVSPropertyOp16
 70
     1
102
RTVSPropertyOp17
 70
     1
102
RTVSPropertyOp18
 70
     1
102
RTVSPropertyOp19
 70
     1
102
RTVSPropertyOp20
 70
     1
102
RTVSPropertyOp21
 70
     1
102
RTVSPropertyOp22
 70
     1
102
RTVSPropertyOp23
 70
     1
102
RTVSPropertyOp24
 70
     1
102
RTVSPropertyOp25
 70
     1
102
RTVSPropertyOp26
 70
     1
102
RTVSPropertyOp27
 70
     1
102
RTVSPropertyOp28
 70
     1
102
RTVSPropertyOp29
 70
     1
102
RTVSPropertyOp30
 70
     1
102
RTVSPropertyOp31
 70
     1
102
RTVSPropertyOp32
 70
     1
102
RTVSPropertyOp33
 70
     1
102
RTVSPropertyOp34
 70
     1
102
RTVSPropertyOp35
 70
     1
102
RTVSPropertyOp36
 70
     1
102
RTVSPropertyOp37
 70
     1
102
RTVSPropertyOp38
 70
     1
102
RTVSPropertyOp39
 70
     1
102
RTVSPropertyOp40
 70
     1
102
RTVSPropertyOp41
 70
     1
102
RTVSPropertyOp42
 70
     1
102
RTVSPropertyOp43
 70
     1
102
RTVSPropertyOp44
 70
     1
102
RTVSPropertyOp45
 70
     1
102
RTVSPropertyOp46
 70
     1
102
RTVSPropertyOp47
 70
     1
102
RTVSPropertyOp48
 70
     1
102
RTVSPropertyOp49
 70
     1
102
RTVSPropertyOp50
 70
     1
102
RTVSPropertyOp51
 70
     0
102
RTVSPropertyOp52
 70
     0
102
RTVSPropertyOp53
 70
     1
102
RTVSPropertyOp54
 70
     1
102
RTVSPropertyOp55
 70
     1
102
RTVSPropertyOp56
 70
     1
102
RTVSPropertyOp57
 70
     1
102
RTVSPropertyOp58
 70
     1
102
RTVSPropertyOp59
 70
     1
102
RTVSPropertyOp60
 70
     1
102
RTVSPropertyOp61
 70
     1
102
RTVSPropertyOp62
 70
     1
  0
XRECORD
  5
B77
102
{ACAD_REACTORS
330
B76
102
}
330
B76
100
AcDbXrecord
280
     1
102
RTVSPost2010Prop28
280
     0
102
RTVSPost2010PropOp28
 70
     0
102
RTVSPost2010Prop29
280
     1
102
RTVSPost2010PropOp29
 70
     0
102
RTVSPost2010Prop30
280
     1
102
RTVSPost2010PropOp30
 70
     0
102
RTVSPost2010Prop31
280
     0
102
RTVSPost2010PropOp31
 70
     0
102
RTVSPost2010Prop32
280
     0
102
RTVSPost2010PropOp32
 70
     0
102
RTVSPost2010Prop33
280
     0
102
RTVSPost2010PropOp33
 70
     0
102
RTVSPost2010Prop34
280
     0
102
RTVSPost2010PropOp34
 70
     0
102
RTVSPost2010Prop35
280
     0
102
RTVSPost2010PropOp35
 70
     0
102
RTVSPost2010Prop36
280
     0
102
RTVSPost2010PropOp36
 70
     0
102
RTVSPost2010Prop37
 90
       50
102
RTVSPost2010PropOp37
 70
     0
102
RTVSPost2010Prop38
140
0.0
102
RTVSPost2010PropOp38
 70
     0
102
RTVSPost2010Prop39
140
1.0
102
RTVSPost2010PropOp39
 70
     0
102
RTVSPost2010Prop40
 90
        0
102
RTVSPost2010PropOp40
 70
     0
102
RTVSPost2010Prop41ColorIndex
 90
       18
102
RTVSPost2010Prop41ColorRGB
 90
        0
102
RTVSPost2010PropOp41
 70
     0
102
RTVSPost2010Prop42
 90
       50
102
RTVSPost2010PropOp42
 70
     0
102
RTVSPost2010Prop43
 90
        3
102
RTVSPost2010PropOp43
 70
     0
102
RTVSPost2010Prop44ColorIndex
 90
        5
102
RTVSPost2010Prop44ColorRGB
 90
      255
102
RTVSPost2010PropOp44
 70
     0
102
RTVSPost2010Prop45
280
     0
102
RTVSPost2010PropOp45
 70
     0
102
RTVSPost2010Prop46
 90
       50
102
RTVSPost2010PropOp46
 70
     0
102
RTVSPost2010Prop47
 90
       50
102
RTVSPost2010PropOp47
 70
     0
102
RTVSPost2010Prop48
 90
       50
102
RTVSPost2010PropOp48
 70
     0
102
RTVSPost2010Prop49
280
     0
102
RTVSPost2010PropOp49
 70
     0
102
RTVSPost2010Prop50
 90
       50
102
RTVSPost2010PropOp50
 70
     0
102
RTVSPost2010Prop51ColorIndex
 90
      256
102
RTVSPost2010Prop51ColorRGB
 90
-16777216
102
RTVSPost2010PropOp51
 70
     0
102
RTVSPost2010Prop52
140
1.0
102
RTVSPost2010PropOp52
 70
     0
102
RTVSPost2010Prop53
 90
        2
102
RTVSPost2010PropOp53
 70
     0
102
RTVSPost2010Prop54
  1
strokes_ogs.tif
102
RTVSPost2010PropOp54
 70
     0
102
RTVSPost2010Prop55
280
     0
102
RTVSPost2010PropOp55
 70
     0
102
RTVSPost2010Prop56
140
1.0
102
RTVSPost2010PropOp56
 70
     0
102
RTVSPost2010Prop57
140
1.0
102
RTVSPost2010PropOp57
 70
     0
102
RTVSPropertyOp0
 70
     0
102
RTVSPropertyOp1
 70
     0
102
RTVSPropertyOp2
 70
     0
102
RTVSPropertyOp3
 70
     0
102
RTVSPropertyOp4
 70
     0
102
RTVSPropertyOp5
 70
     0
102
RTVSPropertyOp6
 70
     0
102
RTVSPropertyOp7
 70
     0
102
RTVSPropertyOp8
 70
     0
102
RTVSPropertyOp9
 70
     0
102
RTVSPropertyOp10
 70
     0
102
RTVSPropertyOp11
 70
     0
102
RTVSPropertyOp12
 70
     0
102
RTVSPropertyOp13
 70
     0
102
RTVSPropertyOp14
 70
     2
102
RTVSPropertyOp15
 70
     0
102
RTVSPropertyOp16
 70
     0
102
RTVSPropertyOp17
 70
     0
102
RTVSPropertyOp18
 70
     0
102
RTVSPropertyOp19
 70
     0
102
RTVSPropertyOp20
 70
     0
102
RTVSPropertyOp21
 70
     0
102
RTVSPropertyOp22
 70
     0
102
RTVSPropertyOp23
 70
     0
102
RTVSPropertyOp24
 70
     0
102
RTVSPropertyOp25
 70
     0
102
RTVSPropertyOp26
 70
     0
102
RTVSPropertyOp27
 70
     0
102
RTVSPropertyOp28
 70
     0
102
RTVSPropertyOp29
 70
     0
102
RTVSPropertyOp30
 70
     0
102
RTVSPropertyOp31
 70
     0
102
RTVSPropertyOp32
 70
     0
102
RTVSPropertyOp33
 70
     0
102
RTVSPropertyOp34
 70
     0
102
RTVSPropertyOp35
 70
     0
102
RTVSPropertyOp36
 70
     0
102
RTVSPropertyOp37
 70
     0
102
RTVSPropertyOp38
 70
     0
102
RTVSPropertyOp39
 70
     0
102
RTVSPropertyOp40
 70
     0
102
RTVSPropertyOp41
 70
     0
102
RTVSPropertyOp42
 70
     0
102
RTVSPropertyOp43
 70
     0
102
RTVSPropertyOp44
 70
     0
102
RTVSPropertyOp45
 70
     0
102
RTVSPropertyOp46
 70
     0
102
RTVSPropertyOp47
 70
     0
102
RTVSPropertyOp48
 70
     0
102
RTVSPropertyOp49
 70
     0
102
RTVSPropertyOp50
 70
     0
102
RTVSPropertyOp51
 70
     0
102
RTVSPropertyOp52
 70
     0
102
RTVSPropertyOp53
 70
     0
102
RTVSPropertyOp54
 70
     0
102
RTVSPropertyOp55
 70
     0
102
RTVSPropertyOp56
 70
     0
102
RTVSPropertyOp57
 70
     0
102
RTVSPropertyOp58
 70
     1
102
RTVSPropertyOp59
 70
     1
102
RTVSPropertyOp60
 70
     1
102
RTVSPropertyOp61
 70
     1
102
RTVSPropertyOp62
 70
     1
  0
XRECORD
  5
B65
102
{ACAD_REACTORS
330
B64
102
}
330
B64
100
AcDbXrecord
280
     1
102
RTVSPost2010Prop28
280
     0
102
RTVSPost2010PropOp28
 70
     1
102
RTVSPost2010Prop29
280
     1
102
RTVSPost2010PropOp29
 70
     1
102
RTVSPost2010Prop30
280
     1
102
RTVSPost2010PropOp30
 70
     1
102
RTVSPost2010Prop31
280
     0
102
RTVSPost2010PropOp31
 70
     1
102
RTVSPost2010Prop32
280
     0
102
RTVSPost2010PropOp32
 70
     1
102
RTVSPost2010Prop33
280
     0
102
RTVSPost2010PropOp33
 70
     1
102
RTVSPost2010Prop34
280
     0
102
RTVSPost2010PropOp34
 70
     1
102
RTVSPost2010Prop35
280
     0
102
RTVSPost2010PropOp35
 70
     1
102
RTVSPost2010Prop36
280
     0
102
RTVSPost2010PropOp36
 70
     1
102
RTVSPost2010Prop37
 90
       50
102
RTVSPost2010PropOp37
 70
     1
102
RTVSPost2010Prop38
140
0.0
102
RTVSPost2010PropOp38
 70
     1
102
RTVSPost2010Prop39
140
1.0
102
RTVSPost2010PropOp39
 70
     1
102
RTVSPost2010Prop40
 90
        0
102
RTVSPost2010PropOp40
 70
     1
102
RTVSPost2010Prop41ColorIndex
 90
       18
102
RTVSPost2010Prop41ColorRGB
 90
        0
102
RTVSPost2010PropOp41
 70
     1
102
RTVSPost2010Prop42
 90
       50
102
RTVSPost2010PropOp42
 70
     1
102
RTVSPost2010Prop43
 90
        3
102
RTVSPost2010PropOp43
 70
     1
102
RTVSPost2010Prop44ColorIndex
 90
        5
102
RTVSPost2010Prop44ColorRGB
 90
      255
102
RTVSPost2010PropOp44
 70
     1
102
RTVSPost2010Prop45
280
     0
102
RTVSPost2010PropOp45
 70
     1
102
RTVSPost2010Prop46
 90
       50
102
RTVSPost2010PropOp46
 70
     1
102
RTVSPost2010Prop47
 90
       50
102
RTVSPost2010PropOp47
 70
     1
102
RTVSPost2010Prop48
 90
       50
102
RTVSPost2010PropOp48
 70
     1
102
RTVSPost2010Prop49
280
     0
102
RTVSPost2010PropOp49
 70
     1
102
RTVSPost2010Prop50
 90
       50
102
RTVSPost2010PropOp50
 70
     1
102
RTVSPost2010Prop51ColorIndex
 90
      256
102
RTVSPost2010Prop51ColorRGB
 90
-16777216
102
RTVSPost2010PropOp51
 70
     0
102
RTVSPost2010Prop52
140
1.0
102
RTVSPost2010PropOp52
 70
     0
102
RTVSPost2010Prop53
 90
        2
102
RTVSPost2010PropOp53
 70
     1
102
RTVSPost2010Prop54
  1
strokes_ogs.tif
102
RTVSPost2010PropOp54
 70
     1
102
RTVSPost2010Prop55
280
     0
102
RTVSPost2010PropOp55
 70
     1
102
RTVSPost2010Prop56
140
1.0
102
RTVSPost2010PropOp56
 70
     1
102
RTVSPost2010Prop57
140
1.0
102
RTVSPost2010PropOp57
 70
     1
102
RTVSPropertyOp0
 70
     1
102
RTVSPropertyOp1
 70
     1
102
RTVSPropertyOp2
 70
     1
102
RTVSPropertyOp3
 70
     1
102
RTVSPropertyOp4
 70
     1
102
RTVSPropertyOp5
 70
     1
102
RTVSPropertyOp6
 70
     1
102
RTVSPropertyOp7
 70
     1
102
RTVSPropertyOp8
 70
     1
102
RTVSPropertyOp9
 70
     1
102
RTVSPropertyOp10
 70
     1
102
RTVSPropertyOp11
 70
     1
102
RTVSPropertyOp12
 70
     1
102
RTVSPropertyOp13
 70
     1
102
RTVSPropertyOp14
 70
     1
102
RTVSPropertyOp15
 70
     1
102
RTVSPropertyOp16
 70
     1
102
RTVSPropertyOp17
 70
     1
102
RTVSPropertyOp18
 70
     1
102
RTVSPropertyOp19
 70
     1
102
RTVSPropertyOp20
 70
     1
102
RTVSPropertyOp21
 70
     1
102
RTVSPropertyOp22
 70
     1
102
RTVSPropertyOp23
 70
     1
102
RTVSPropertyOp24
 70
     1
102
RTVSPropertyOp25
 70
     1
102
RTVSPropertyOp26
 70
     1
102
RTVSPropertyOp27
 70
     1
102
RTVSPropertyOp28
 70
     1
102
RTVSPropertyOp29
 70
     1
102
RTVSPropertyOp30
 70
     1
102
RTVSPropertyOp31
 70
     1
102
RTVSPropertyOp32
 70
     1
102
RTVSPropertyOp33
 70
     1
102
RTVSPropertyOp34
 70
     1
102
RTVSPropertyOp35
 70
     1
102
RTVSPropertyOp36
 70
     1
102
RTVSPropertyOp37
 70
     1
102
RTVSPropertyOp38
 70
     1
102
RTVSPropertyOp39
 70
     1
102
RTVSPropertyOp40
 70
     1
102
RTVSPropertyOp41
 70
     1
102
RTVSPropertyOp42
 70
     1
102
RTVSPropertyOp43
 70
     1
102
RTVSPropertyOp44
 70
     1
102
RTVSPropertyOp45
 70
     1
102
RTVSPropertyOp46
 70
     1
102
RTVSPropertyOp47
 70
     1
102
RTVSPropertyOp48
 70
     1
102
RTVSPropertyOp49
 70
     1
102
RTVSPropertyOp50
 70
     1
102
RTVSPropertyOp51
 70
     0
102
RTVSPropertyOp52
 70
     0
102
RTVSPropertyOp53
 70
     1
102
RTVSPropertyOp54
 70
     1
102
RTVSPropertyOp55
 70
     1
102
RTVSPropertyOp56
 70
     1
102
RTVSPropertyOp57
 70
     1
102
RTVSPropertyOp58
 70
     1
102
RTVSPropertyOp59
 70
     1
102
RTVSPropertyOp60
 70
     1
102
RTVSPropertyOp61
 70
     1
102
RTVSPropertyOp62
 70
     1
  0
XRECORD
  5
B83
102
{ACAD_REACTORS
330
B82
102
}
330
B82
100
AcDbXrecord
280
     1
102
RTVSPost2010Prop28
280
     0
102
RTVSPost2010PropOp28
 70
     1
102
RTVSPost2010Prop29
280
     1
102
RTVSPost2010PropOp29
 70
     1
102
RTVSPost2010Prop30
280
     1
102
RTVSPost2010PropOp30
 70
     1
102
RTVSPost2010Prop31
280
     0
102
RTVSPost2010PropOp31
 70
     1
102
RTVSPost2010Prop32
280
     0
102
RTVSPost2010PropOp32
 70
     1
102
RTVSPost2010Prop33
280
     0
102
RTVSPost2010PropOp33
 70
     1
102
RTVSPost2010Prop34
280
     0
102
RTVSPost2010PropOp34
 70
     1
102
RTVSPost2010Prop35
280
     0
102
RTVSPost2010PropOp35
 70
     1
102
RTVSPost2010Prop36
280
     0
102
RTVSPost2010PropOp36
 70
     1
102
RTVSPost2010Prop37
 90
       50
102
RTVSPost2010PropOp37
 70
     1
102
RTVSPost2010Prop38
140
0.0
102
RTVSPost2010PropOp38
 70
     1
102
RTVSPost2010Prop39
140
1.0
102
RTVSPost2010PropOp39
 70
     1
102
RTVSPost2010Prop40
 90
        0
102
RTVSPost2010PropOp40
 70
     1
102
RTVSPost2010Prop41ColorIndex
 90
       18
102
RTVSPost2010Prop41ColorRGB
 90
        0
102
RTVSPost2010PropOp41
 70
     1
102
RTVSPost2010Prop42
 90
       50
102
RTVSPost2010PropOp42
 70
     1
102
RTVSPost2010Prop43
 90
        3
102
RTVSPost2010PropOp43
 70
     1
102
RTVSPost2010Prop44ColorIndex
 90
        5
102
RTVSPost2010Prop44ColorRGB
 90
      255
102
RTVSPost2010PropOp44
 70
     1
102
RTVSPost2010Prop45
280
     0
102
RTVSPost2010PropOp45
 70
     1
102
RTVSPost2010Prop46
 90
       50
102
RTVSPost2010PropOp46
 70
     1
102
RTVSPost2010Prop47
 90
       50
102
RTVSPost2010PropOp47
 70
     1
102
RTVSPost2010Prop48
 90
       50
102
RTVSPost2010PropOp48
 70
     1
102
RTVSPost2010Prop49
280
     0
102
RTVSPost2010PropOp49
 70
     1
102
RTVSPost2010Prop50
 90
       50
102
RTVSPost2010PropOp50
 70
     1
102
RTVSPost2010Prop51ColorIndex
 90
      256
102
RTVSPost2010Prop51ColorRGB
 90
-16777216
102
RTVSPost2010PropOp51
 70
     0
102
RTVSPost2010Prop52
140
1.0
102
RTVSPost2010PropOp52
 70
     0
102
RTVSPost2010Prop53
 90
        2
102
RTVSPost2010PropOp53
 70
     1
102
RTVSPost2010Prop54
  1
strokes_ogs.tif
102
RTVSPost2010PropOp54
 70
     1
102
RTVSPost2010Prop55
280
     0
102
RTVSPost2010PropOp55
 70
     1
102
RTVSPost2010Prop56
140
1.0
102
RTVSPost2010PropOp56
 70
     1
102
RTVSPost2010Prop57
140
1.0
102
RTVSPost2010PropOp57
 70
     1
102
RTVSPropertyOp0
 70
     1
102
RTVSPropertyOp1
 70
     1
102
RTVSPropertyOp2
 70
     1
102
RTVSPropertyOp3
 70
     1
102
RTVSPropertyOp4
 70
     1
102
RTVSPropertyOp5
 70
     1
102
RTVSPropertyOp6
 70
     1
102
RTVSPropertyOp7
 70
     1
102
RTVSPropertyOp8
 70
     1
102
RTVSPropertyOp9
 70
     1
102
RTVSPropertyOp10
 70
     1
102
RTVSPropertyOp11
 70
     1
102
RTVSPropertyOp12
 70
     1
102
RTVSPropertyOp13
 70
     1
102
RTVSPropertyOp14
 70
     1
102
RTVSPropertyOp15
 70
     1
102
RTVSPropertyOp16
 70
     1
102
RTVSPropertyOp17
 70
     1
102
RTVSPropertyOp18
 70
     1
102
RTVSPropertyOp19
 70
     1
102
RTVSPropertyOp20
 70
     1
102
RTVSPropertyOp21
 70
     1
102
RTVSPropertyOp22
 70
     1
102
RTVSPropertyOp23
 70
     1
102
RTVSPropertyOp24
 70
     1
102
RTVSPropertyOp25
 70
     1
102
RTVSPropertyOp26
 70
     1
102
RTVSPropertyOp27
 70
     1
102
RTVSPropertyOp28
 70
     1
102
RTVSPropertyOp29
 70
     1
102
RTVSPropertyOp30
 70
     1
102
RTVSPropertyOp31
 70
     1
102
RTVSPropertyOp32
 70
     1
102
RTVSPropertyOp33
 70
     1
102
RTVSPropertyOp34
 70
     1
102
RTVSPropertyOp35
 70
     1
102
RTVSPropertyOp36
 70
     1
102
RTVSPropertyOp37
 70
     1
102
RTVSPropertyOp38
 70
     1
102
RTVSPropertyOp39
 70
     1
102
RTVSPropertyOp40
 70
     1
102
RTVSPropertyOp41
 70
     1
102
RTVSPropertyOp42
 70
     1
102
RTVSPropertyOp43
 70
     1
102
RTVSPropertyOp44
 70
     1
102
RTVSPropertyOp45
 70
     1
102
RTVSPropertyOp46
 70
     1
102
RTVSPropertyOp47
 70
     1
102
RTVSPropertyOp48
 70
     1
102
RTVSPropertyOp49
 70
     1
102
RTVSPropertyOp50
 70
     1
102
RTVSPropertyOp51
 70
     0
102
RTVSPropertyOp52
 70
     0
102
RTVSPropertyOp53
 70
     1
102
RTVSPropertyOp54
 70
     1
102
RTVSPropertyOp55
 70
     1
102
RTVSPropertyOp56
 70
     1
102
RTVSPropertyOp57
 70
     1
102
RTVSPropertyOp58
 70
     1
102
RTVSPropertyOp59
 70
     1
102
RTVSPropertyOp60
 70
     1
102
RTVSPropertyOp61
 70
     1
102
RTVSPropertyOp62
 70
     1
  0
XRECORD
  5
B81
102
{ACAD_REACTORS
330
B80
102
}
330
B80
100
AcDbXrecord
280
     1
102
RTVSPost2010Prop28
280
     0
102
RTVSPost2010PropOp28
 70
     1
102
RTVSPost2010Prop29
280
     1
102
RTVSPost2010PropOp29
 70
     1
102
RTVSPost2010Prop30
280
     1
102
RTVSPost2010PropOp30
 70
     1
102
RTVSPost2010Prop31
280
     0
102
RTVSPost2010PropOp31
 70
     1
102
RTVSPost2010Prop32
280
     0
102
RTVSPost2010PropOp32
 70
     1
102
RTVSPost2010Prop33
280
     0
102
RTVSPost2010PropOp33
 70
     1
102
RTVSPost2010Prop34
280
     0
102
RTVSPost2010PropOp34
 70
     1
102
RTVSPost2010Prop35
280
     0
102
RTVSPost2010PropOp35
 70
     1
102
RTVSPost2010Prop36
280
     0
102
RTVSPost2010PropOp36
 70
     1
102
RTVSPost2010Prop37
 90
       50
102
RTVSPost2010PropOp37
 70
     1
102
RTVSPost2010Prop38
140
0.0
102
RTVSPost2010PropOp38
 70
     1
102
RTVSPost2010Prop39
140
1.0
102
RTVSPost2010PropOp39
 70
     1
102
RTVSPost2010Prop40
 90
        0
102
RTVSPost2010PropOp40
 70
     1
102
RTVSPost2010Prop41ColorIndex
 90
       18
102
RTVSPost2010Prop41ColorRGB
 90
        0
102
RTVSPost2010PropOp41
 70
     1
102
RTVSPost2010Prop42
 90
       50
102
RTVSPost2010PropOp42
 70
     1
102
RTVSPost2010Prop43
 90
        3
102
RTVSPost2010PropOp43
 70
     1
102
RTVSPost2010Prop44ColorIndex
 90
        5
102
RTVSPost2010Prop44ColorRGB
 90
      255
102
RTVSPost2010PropOp44
 70
     1
102
RTVSPost2010Prop45
280
     0
102
RTVSPost2010PropOp45
 70
     1
102
RTVSPost2010Prop46
 90
       50
102
RTVSPost2010PropOp46
 70
     1
102
RTVSPost2010Prop47
 90
       50
102
RTVSPost2010PropOp47
 70
     1
102
RTVSPost2010Prop48
 90
       50
102
RTVSPost2010PropOp48
 70
     1
102
RTVSPost2010Prop49
280
     0
102
RTVSPost2010PropOp49
 70
     1
102
RTVSPost2010Prop50
 90
       50
102
RTVSPost2010PropOp50
 70
     1
102
RTVSPost2010Prop51ColorIndex
 90
      256
102
RTVSPost2010Prop51ColorRGB
 90
-16777216
102
RTVSPost2010PropOp51
 70
     0
102
RTVSPost2010Prop52
140
1.0
102
RTVSPost2010PropOp52
 70
     0
102
RTVSPost2010Prop53
 90
        2
102
RTVSPost2010PropOp53
 70
     1
102
RTVSPost2010Prop54
  1
strokes_ogs.tif
102
RTVSPost2010PropOp54
 70
     1
102
RTVSPost2010Prop55
280
     0
102
RTVSPost2010PropOp55
 70
     1
102
RTVSPost2010Prop56
140
1.0
102
RTVSPost2010PropOp56
 70
     1
102
RTVSPost2010Prop57
140
1.0
102
RTVSPost2010PropOp57
 70
     1
102
RTVSPropertyOp0
 70
     1
102
RTVSPropertyOp1
 70
     1
102
RTVSPropertyOp2
 70
     1
102
RTVSPropertyOp3
 70
     1
102
RTVSPropertyOp4
 70
     1
102
RTVSPropertyOp5
 70
     1
102
RTVSPropertyOp6
 70
     1
102
RTVSPropertyOp7
 70
     1
102
RTVSPropertyOp8
 70
     1
102
RTVSPropertyOp9
 70
     1
102
RTVSPropertyOp10
 70
     1
102
RTVSPropertyOp11
 70
     1
102
RTVSPropertyOp12
 70
     1
102
RTVSPropertyOp13
 70
     1
102
RTVSPropertyOp14
 70
     1
102
RTVSPropertyOp15
 70
     1
102
RTVSPropertyOp16
 70
     1
102
RTVSPropertyOp17
 70
     1
102
RTVSPropertyOp18
 70
     1
102
RTVSPropertyOp19
 70
     1
102
RTVSPropertyOp20
 70
     1
102
RTVSPropertyOp21
 70
     1
102
RTVSPropertyOp22
 70
     1
102
RTVSPropertyOp23
 70
     1
102
RTVSPropertyOp24
 70
     1
102
RTVSPropertyOp25
 70
     1
102
RTVSPropertyOp26
 70
     1
102
RTVSPropertyOp27
 70
     1
102
RTVSPropertyOp28
 70
     1
102
RTVSPropertyOp29
 70
     1
102
RTVSPropertyOp30
 70
     1
102
RTVSPropertyOp31
 70
     1
102
RTVSPropertyOp32
 70
     1
102
RTVSPropertyOp33
 70
     1
102
RTVSPropertyOp34
 70
     1
102
RTVSPropertyOp35
 70
     1
102
RTVSPropertyOp36
 70
     1
102
RTVSPropertyOp37
 70
     1
102
RTVSPropertyOp38
 70
     1
102
RTVSPropertyOp39
 70
     1
102
RTVSPropertyOp40
 70
     1
102
RTVSPropertyOp41
 70
     1
102
RTVSPropertyOp42
 70
     1
102
RTVSPropertyOp43
 70
     1
102
RTVSPropertyOp44
 70
     1
102
RTVSPropertyOp45
 70
     1
102
RTVSPropertyOp46
 70
     1
102
RTVSPropertyOp47
 70
     1
102
RTVSPropertyOp48
 70
     1
102
RTVSPropertyOp49
 70
     1
102
RTVSPropertyOp50
 70
     1
102
RTVSPropertyOp51
 70
     0
102
RTVSPropertyOp52
 70
     0
102
RTVSPropertyOp53
 70
     1
102
RTVSPropertyOp54
 70
     1
102
RTVSPropertyOp55
 70
     1
102
RTVSPropertyOp56
 70
     1
102
RTVSPropertyOp57
 70
     1
102
RTVSPropertyOp58
 70
     1
102
RTVSPropertyOp59
 70
     1
102
RTVSPropertyOp60
 70
     1
102
RTVSPropertyOp61
 70
     1
102
RTVSPropertyOp62
 70
     1
  0
XRECORD
  5
B7B
102
{ACAD_REACTORS
330
B7A
102
}
330
B7A
100
AcDbXrecord
280
     1
102
RTVSPost2010Prop28
280
     0
102
RTVSPost2010PropOp28
 70
     1
102
RTVSPost2010Prop29
280
     1
102
RTVSPost2010PropOp29
 70
     1
102
RTVSPost2010Prop30
280
     1
102
RTVSPost2010PropOp30
 70
     1
102
RTVSPost2010Prop31
280
     0
102
RTVSPost2010PropOp31
 70
     1
102
RTVSPost2010Prop32
280
     0
102
RTVSPost2010PropOp32
 70
     1
102
RTVSPost2010Prop33
280
     0
102
RTVSPost2010PropOp33
 70
     1
102
RTVSPost2010Prop34
280
     0
102
RTVSPost2010PropOp34
 70
     1
102
RTVSPost2010Prop35
280
     0
102
RTVSPost2010PropOp35
 70
     1
102
RTVSPost2010Prop36
280
     0
102
RTVSPost2010PropOp36
 70
     1
102
RTVSPost2010Prop37
 90
       50
102
RTVSPost2010PropOp37
 70
     1
102
RTVSPost2010Prop38
140
0.0
102
RTVSPost2010PropOp38
 70
     1
102
RTVSPost2010Prop39
140
1.0
102
RTVSPost2010PropOp39
 70
     1
102
RTVSPost2010Prop40
 90
        0
102
RTVSPost2010PropOp40
 70
     1
102
RTVSPost2010Prop41ColorIndex
 90
       18
102
RTVSPost2010Prop41ColorRGB
 90
        0
102
RTVSPost2010PropOp41
 70
     1
102
RTVSPost2010Prop42
 90
       50
102
RTVSPost2010PropOp42
 70
     1
102
RTVSPost2010Prop43
 90
        3
102
RTVSPost2010PropOp43
 70
     1
102
RTVSPost2010Prop44ColorIndex
 90
        5
102
RTVSPost2010Prop44ColorRGB
 90
      255
102
RTVSPost2010PropOp44
 70
     1
102
RTVSPost2010Prop45
280
     0
102
RTVSPost2010PropOp45
 70
     1
102
RTVSPost2010Prop46
 90
       50
102
RTVSPost2010PropOp46
 70
     1
102
RTVSPost2010Prop47
 90
       50
102
RTVSPost2010PropOp47
 70
     1
102
RTVSPost2010Prop48
 90
       50
102
RTVSPost2010PropOp48
 70
     1
102
RTVSPost2010Prop49
280
     0
102
RTVSPost2010PropOp49
 70
     1
102
RTVSPost2010Prop50
 90
       50
102
RTVSPost2010PropOp50
 70
     1
102
RTVSPost2010Prop51ColorIndex
 90
      256
102
RTVSPost2010Prop51ColorRGB
 90
-16777216
102
RTVSPost2010PropOp51
 70
     0
102
RTVSPost2010Prop52
140
1.0
102
RTVSPost2010PropOp52
 70
     0
102
RTVSPost2010Prop53
 90
        2
102
RTVSPost2010PropOp53
 70
     1
102
RTVSPost2010Prop54
  1
strokes_ogs.tif
102
RTVSPost2010PropOp54
 70
     1
102
RTVSPost2010Prop55
280
     0
102
RTVSPost2010PropOp55
 70
     1
102
RTVSPost2010Prop56
140
1.0
102
RTVSPost2010PropOp56
 70
     1
102
RTVSPost2010Prop57
140
1.0
102
RTVSPost2010PropOp57
 70
     1
102
RTVSPropertyOp0
 70
     1
102
RTVSPropertyOp1
 70
     1
102
RTVSPropertyOp2
 70
     1
102
RTVSPropertyOp3
 70
     1
102
RTVSPropertyOp4
 70
     1
102
RTVSPropertyOp5
 70
     1
102
RTVSPropertyOp6
 70
     1
102
RTVSPropertyOp7
 70
     1
102
RTVSPropertyOp8
 70
     1
102
RTVSPropertyOp9
 70
     1
102
RTVSPropertyOp10
 70
     1
102
RTVSPropertyOp11
 70
     1
102
RTVSPropertyOp12
 70
     1
102
RTVSPropertyOp13
 70
     1
102
RTVSPropertyOp14
 70
     1
102
RTVSPropertyOp15
 70
     1
102
RTVSPropertyOp16
 70
     1
102
RTVSPropertyOp17
 70
     1
102
RTVSPropertyOp18
 70
     1
102
RTVSPropertyOp19
 70
     1
102
RTVSPropertyOp20
 70
     1
102
RTVSPropertyOp21
 70
     1
102
RTVSPropertyOp22
 70
     1
102
RTVSPropertyOp23
 70
     1
102
RTVSPropertyOp24
 70
     1
102
RTVSPropertyOp25
 70
     1
102
RTVSPropertyOp26
 70
     1
102
RTVSPropertyOp27
 70
     1
102
RTVSPropertyOp28
 70
     1
102
RTVSPropertyOp29
 70
     1
102
RTVSPropertyOp30
 70
     1
102
RTVSPropertyOp31
 70
     1
102
RTVSPropertyOp32
 70
     1
102
RTVSPropertyOp33
 70
     1
102
RTVSPropertyOp34
 70
     1
102
RTVSPropertyOp35
 70
     1
102
RTVSPropertyOp36
 70
     1
102
RTVSPropertyOp37
 70
     1
102
RTVSPropertyOp38
 70
     1
102
RTVSPropertyOp39
 70
     1
102
RTVSPropertyOp40
 70
     1
102
RTVSPropertyOp41
 70
     1
102
RTVSPropertyOp42
 70
     1
102
RTVSPropertyOp43
 70
     1
102
RTVSPropertyOp44
 70
     1
102
RTVSPropertyOp45
 70
     1
102
RTVSPropertyOp46
 70
     1
102
RTVSPropertyOp47
 70
     1
102
RTVSPropertyOp48
 70
     1
102
RTVSPropertyOp49
 70
     1
102
RTVSPropertyOp50
 70
     1
102
RTVSPropertyOp51
 70
     0
102
RTVSPropertyOp52
 70
     0
102
RTVSPropertyOp53
 70
     1
102
RTVSPropertyOp54
 70
     1
102
RTVSPropertyOp55
 70
     1
102
RTVSPropertyOp56
 70
     1
102
RTVSPropertyOp57
 70
     1
102
RTVSPropertyOp58
 70
     1
102
RTVSPropertyOp59
 70
     1
102
RTVSPropertyOp60
 70
     1
102
RTVSPropertyOp61
 70
     1
102
RTVSPropertyOp62
 70
     1
  0
XRECORD
  5
B7D
102
{ACAD_REACTORS
330
B7C
102
}
330
B7C
100
AcDbXrecord
280
     1
102
RTVSPost2010Prop28
280
     0
102
RTVSPost2010PropOp28
 70
     1
102
RTVSPost2010Prop29
280
     1
102
RTVSPost2010PropOp29
 70
     1
102
RTVSPost2010Prop30
280
     1
102
RTVSPost2010PropOp30
 70
     1
102
RTVSPost2010Prop31
280
     0
102
RTVSPost2010PropOp31
 70
     1
102
RTVSPost2010Prop32
280
     0
102
RTVSPost2010PropOp32
 70
     1
102
RTVSPost2010Prop33
280
     0
102
RTVSPost2010PropOp33
 70
     1
102
RTVSPost2010Prop34
280
     0
102
RTVSPost2010PropOp34
 70
     1
102
RTVSPost2010Prop35
280
     0
102
RTVSPost2010PropOp35
 70
     1
102
RTVSPost2010Prop36
280
     0
102
RTVSPost2010PropOp36
 70
     1
102
RTVSPost2010Prop37
 90
       50
102
RTVSPost2010PropOp37
 70
     1
102
RTVSPost2010Prop38
140
0.0
102
RTVSPost2010PropOp38
 70
     1
102
RTVSPost2010Prop39
140
1.0
102
RTVSPost2010PropOp39
 70
     1
102
RTVSPost2010Prop40
 90
        0
102
RTVSPost2010PropOp40
 70
     1
102
RTVSPost2010Prop41ColorIndex
 90
       18
102
RTVSPost2010Prop41ColorRGB
 90
        0
102
RTVSPost2010PropOp41
 70
     1
102
RTVSPost2010Prop42
 90
       50
102
RTVSPost2010PropOp42
 70
     1
102
RTVSPost2010Prop43
 90
        3
102
RTVSPost2010PropOp43
 70
     1
102
RTVSPost2010Prop44ColorIndex
 90
        5
102
RTVSPost2010Prop44ColorRGB
 90
      255
102
RTVSPost2010PropOp44
 70
     1
102
RTVSPost2010Prop45
280
     0
102
RTVSPost2010PropOp45
 70
     1
102
RTVSPost2010Prop46
 90
       50
102
RTVSPost2010PropOp46
 70
     1
102
RTVSPost2010Prop47
 90
       50
102
RTVSPost2010PropOp47
 70
     1
102
RTVSPost2010Prop48
 90
       50
102
RTVSPost2010PropOp48
 70
     1
102
RTVSPost2010Prop49
280
     0
102
RTVSPost2010PropOp49
 70
     1
102
RTVSPost2010Prop50
 90
       50
102
RTVSPost2010PropOp50
 70
     1
102
RTVSPost2010Prop51ColorIndex
 90
      256
102
RTVSPost2010Prop51ColorRGB
 90
-16777216
102
RTVSPost2010PropOp51
 70
     0
102
RTVSPost2010Prop52
140
1.0
102
RTVSPost2010PropOp52
 70
     0
102
RTVSPost2010Prop53
 90
        2
102
RTVSPost2010PropOp53
 70
     1
102
RTVSPost2010Prop54
  1
strokes_ogs.tif
102
RTVSPost2010PropOp54
 70
     1
102
RTVSPost2010Prop55
280
     0
102
RTVSPost2010PropOp55
 70
     1
102
RTVSPost2010Prop56
140
1.0
102
RTVSPost2010PropOp56
 70
     1
102
RTVSPost2010Prop57
140
1.0
102
RTVSPost2010PropOp57
 70
     1
102
RTVSPropertyOp0
 70
     1
102
RTVSPropertyOp1
 70
     1
102
RTVSPropertyOp2
 70
     1
102
RTVSPropertyOp3
 70
     1
102
RTVSPropertyOp4
 70
     1
102
RTVSPropertyOp5
 70
     1
102
RTVSPropertyOp6
 70
     1
102
RTVSPropertyOp7
 70
     1
102
RTVSPropertyOp8
 70
     1
102
RTVSPropertyOp9
 70
     1
102
RTVSPropertyOp10
 70
     1
102
RTVSPropertyOp11
 70
     1
102
RTVSPropertyOp12
 70
     1
102
RTVSPropertyOp13
 70
     1
102
RTVSPropertyOp14
 70
     1
102
RTVSPropertyOp15
 70
     1
102
RTVSPropertyOp16
 70
     1
102
RTVSPropertyOp17
 70
     1
102
RTVSPropertyOp18
 70
     1
102
RTVSPropertyOp19
 70
     1
102
RTVSPropertyOp20
 70
     1
102
RTVSPropertyOp21
 70
     1
102
RTVSPropertyOp22
 70
     1
102
RTVSPropertyOp23
 70
     1
102
RTVSPropertyOp24
 70
     1
102
RTVSPropertyOp25
 70
     1
102
RTVSPropertyOp26
 70
     1
102
RTVSPropertyOp27
 70
     1
102
RTVSPropertyOp28
 70
     1
102
RTVSPropertyOp29
 70
     1
102
RTVSPropertyOp30
 70
     1
102
RTVSPropertyOp31
 70
     1
102
RTVSPropertyOp32
 70
     1
102
RTVSPropertyOp33
 70
     1
102
RTVSPropertyOp34
 70
     1
102
RTVSPropertyOp35
 70
     1
102
RTVSPropertyOp36
 70
     1
102
RTVSPropertyOp37
 70
     1
102
RTVSPropertyOp38
 70
     1
102
RTVSPropertyOp39
 70
     1
102
RTVSPropertyOp40
 70
     1
102
RTVSPropertyOp41
 70
     1
102
RTVSPropertyOp42
 70
     1
102
RTVSPropertyOp43
 70
     1
102
RTVSPropertyOp44
 70
     1
102
RTVSPropertyOp45
 70
     1
102
RTVSPropertyOp46
 70
     1
102
RTVSPropertyOp47
 70
     1
102
RTVSPropertyOp48
 70
     1
102
RTVSPropertyOp49
 70
     1
102
RTVSPropertyOp50
 70
     1
102
RTVSPropertyOp51
 70
     0
102
RTVSPropertyOp52
 70
     0
102
RTVSPropertyOp53
 70
     1
102
RTVSPropertyOp54
 70
     1
102
RTVSPropertyOp55
 70
     1
102
RTVSPropertyOp56
 70
     1
102
RTVSPropertyOp57
 70
     1
102
RTVSPropertyOp58
 70
     1
102
RTVSPropertyOp59
 70
     1
102
RTVSPropertyOp60
 70
     1
102
RTVSPropertyOp61
 70
     1
102
RTVSPropertyOp62
 70
     1
  0
XRECORD
  5
B6D
102
{ACAD_REACTORS
330
B6C
102
}
330
B6C
100
AcDbXrecord
280
     1
102
RTVSPost2010Prop28
280
     0
102
RTVSPost2010PropOp28
 70
     1
102
RTVSPost2010Prop29
280
     1
102
RTVSPost2010PropOp29
 70
     1
102
RTVSPost2010Prop30
280
     1
102
RTVSPost2010PropOp30
 70
     1
102
RTVSPost2010Prop31
280
     0
102
RTVSPost2010PropOp31
 70
     1
102
RTVSPost2010Prop32
280
     0
102
RTVSPost2010PropOp32
 70
     1
102
RTVSPost2010Prop33
280
     0
102
RTVSPost2010PropOp33
 70
     1
102
RTVSPost2010Prop34
280
     0
102
RTVSPost2010PropOp34
 70
     1
102
RTVSPost2010Prop35
280
     0
102
RTVSPost2010PropOp35
 70
     1
102
RTVSPost2010Prop36
280
     0
102
RTVSPost2010PropOp36
 70
     1
102
RTVSPost2010Prop37
 90
       50
102
RTVSPost2010PropOp37
 70
     1
102
RTVSPost2010Prop38
140
0.0
102
RTVSPost2010PropOp38
 70
     1
102
RTVSPost2010Prop39
140
1.0
102
RTVSPost2010PropOp39
 70
     1
102
RTVSPost2010Prop40
 90
        0
102
RTVSPost2010PropOp40
 70
     1
102
RTVSPost2010Prop41ColorIndex
 90
       18
102
RTVSPost2010Prop41ColorRGB
 90
        0
102
RTVSPost2010PropOp41
 70
     1
102
RTVSPost2010Prop42
 90
       50
102
RTVSPost2010PropOp42
 70
     1
102
RTVSPost2010Prop43
 90
        3
102
RTVSPost2010PropOp43
 70
     1
102
RTVSPost2010Prop44ColorIndex
 90
        5
102
RTVSPost2010Prop44ColorRGB
 90
      255
102
RTVSPost2010PropOp44
 70
     1
102
RTVSPost2010Prop45
280
     0
102
RTVSPost2010PropOp45
 70
     1
102
RTVSPost2010Prop46
 90
       50
102
RTVSPost2010PropOp46
 70
     1
102
RTVSPost2010Prop47
 90
       50
102
RTVSPost2010PropOp47
 70
     1
102
RTVSPost2010Prop48
 90
       50
102
RTVSPost2010PropOp48
 70
     1
102
RTVSPost2010Prop49
280
     0
102
RTVSPost2010PropOp49
 70
     1
102
RTVSPost2010Prop50
 90
       50
102
RTVSPost2010PropOp50
 70
     1
102
RTVSPost2010Prop51ColorIndex
 90
      256
102
RTVSPost2010Prop51ColorRGB
 90
-16777216
102
RTVSPost2010PropOp51
 70
     0
102
RTVSPost2010Prop52
140
1.0
102
RTVSPost2010PropOp52
 70
     0
102
RTVSPost2010Prop53
 90
        2
102
RTVSPost2010PropOp53
 70
     1
102
RTVSPost2010Prop54
  1
strokes_ogs.tif
102
RTVSPost2010PropOp54
 70
     1
102
RTVSPost2010Prop55
280
     0
102
RTVSPost2010PropOp55
 70
     1
102
RTVSPost2010Prop56
140
1.0
102
RTVSPost2010PropOp56
 70
     1
102
RTVSPost2010Prop57
140
1.0
102
RTVSPost2010PropOp57
 70
     1
102
RTVSPropertyOp0
 70
     1
102
RTVSPropertyOp1
 70
     1
102
RTVSPropertyOp2
 70
     1
102
RTVSPropertyOp3
 70
     1
102
RTVSPropertyOp4
 70
     1
102
RTVSPropertyOp5
 70
     1
102
RTVSPropertyOp6
 70
     1
102
RTVSPropertyOp7
 70
     1
102
RTVSPropertyOp8
 70
     1
102
RTVSPropertyOp9
 70
     1
102
RTVSPropertyOp10
 70
     1
102
RTVSPropertyOp11
 70
     1
102
RTVSPropertyOp12
 70
     1
102
RTVSPropertyOp13
 70
     1
102
RTVSPropertyOp14
 70
     1
102
RTVSPropertyOp15
 70
     1
102
RTVSPropertyOp16
 70
     1
102
RTVSPropertyOp17
 70
     1
102
RTVSPropertyOp18
 70
     1
102
RTVSPropertyOp19
 70
     1
102
RTVSPropertyOp20
 70
     1
102
RTVSPropertyOp21
 70
     1
102
RTVSPropertyOp22
 70
     1
102
RTVSPropertyOp23
 70
     1
102
RTVSPropertyOp24
 70
     1
102
RTVSPropertyOp25
 70
     1
102
RTVSPropertyOp26
 70
     1
102
RTVSPropertyOp27
 70
     1
102
RTVSPropertyOp28
 70
     1
102
RTVSPropertyOp29
 70
     1
102
RTVSPropertyOp30
 70
     1
102
RTVSPropertyOp31
 70
     1
102
RTVSPropertyOp32
 70
     1
102
RTVSPropertyOp33
 70
     1
102
RTVSPropertyOp34
 70
     1
102
RTVSPropertyOp35
 70
     1
102
RTVSPropertyOp36
 70
     1
102
RTVSPropertyOp37
 70
     1
102
RTVSPropertyOp38
 70
     1
102
RTVSPropertyOp39
 70
     1
102
RTVSPropertyOp40
 70
     1
102
RTVSPropertyOp41
 70
     1
102
RTVSPropertyOp42
 70
     1
102
RTVSPropertyOp43
 70
     1
102
RTVSPropertyOp44
 70
     1
102
RTVSPropertyOp45
 70
     1
102
RTVSPropertyOp46
 70
     1
102
RTVSPropertyOp47
 70
     1
102
RTVSPropertyOp48
 70
     1
102
RTVSPropertyOp49
 70
     1
102
RTVSPropertyOp50
 70
     1
102
RTVSPropertyOp51
 70
     0
102
RTVSPropertyOp52
 70
     0
102
RTVSPropertyOp53
 70
     1
102
RTVSPropertyOp54
 70
     1
102
RTVSPropertyOp55
 70
     1
102
RTVSPropertyOp56
 70
     1
102
RTVSPropertyOp57
 70
     1
102
RTVSPropertyOp58
 70
     1
102
RTVSPropertyOp59
 70
     1
102
RTVSPropertyOp60
 70
     1
102
RTVSPropertyOp61
 70
     1
102
RTVSPropertyOp62
 70
     1
  0
XRECORD
  5
B5F
102
{ACAD_REACTORS
330
B5E
102
}
330
B5E
100
AcDbXrecord
280
     1
102
RTVSPost2010Prop28
280
     0
102
RTVSPost2010PropOp28
 70
     1
102
RTVSPost2010Prop29
280
     1
102
RTVSPost2010PropOp29
 70
     1
102
RTVSPost2010Prop30
280
     1
102
RTVSPost2010PropOp30
 70
     1
102
RTVSPost2010Prop31
280
     0
102
RTVSPost2010PropOp31
 70
     1
102
RTVSPost2010Prop32
280
     0
102
RTVSPost2010PropOp32
 70
     1
102
RTVSPost2010Prop33
280
     0
102
RTVSPost2010PropOp33
 70
     1
102
RTVSPost2010Prop34
280
     0
102
RTVSPost2010PropOp34
 70
     1
102
RTVSPost2010Prop35
280
     0
102
RTVSPost2010PropOp35
 70
     1
102
RTVSPost2010Prop36
280
     0
102
RTVSPost2010PropOp36
 70
     1
102
RTVSPost2010Prop37
 90
       50
102
RTVSPost2010PropOp37
 70
     1
102
RTVSPost2010Prop38
140
0.0
102
RTVSPost2010PropOp38
 70
     1
102
RTVSPost2010Prop39
140
1.0
102
RTVSPost2010PropOp39
 70
     1
102
RTVSPost2010Prop40
 90
        0
102
RTVSPost2010PropOp40
 70
     1
102
RTVSPost2010Prop41ColorIndex
 90
       18
102
RTVSPost2010Prop41ColorRGB
 90
        0
102
RTVSPost2010PropOp41
 70
     1
102
RTVSPost2010Prop42
 90
       50
102
RTVSPost2010PropOp42
 70
     1
102
RTVSPost2010Prop43
 90
        3
102
RTVSPost2010PropOp43
 70
     1
102
RTVSPost2010Prop44ColorIndex
 90
        5
102
RTVSPost2010Prop44ColorRGB
 90
      255
102
RTVSPost2010PropOp44
 70
     1
102
RTVSPost2010Prop45
280
     0
102
RTVSPost2010PropOp45
 70
     1
102
RTVSPost2010Prop46
 90
       50
102
RTVSPost2010PropOp46
 70
     1
102
RTVSPost2010Prop47
 90
       50
102
RTVSPost2010PropOp47
 70
     1
102
RTVSPost2010Prop48
 90
       50
102
RTVSPost2010PropOp48
 70
     1
102
RTVSPost2010Prop49
280
     0
102
RTVSPost2010PropOp49
 70
     1
102
RTVSPost2010Prop50
 90
       50
102
RTVSPost2010PropOp50
 70
     1
102
RTVSPost2010Prop51ColorIndex
 90
      256
102
RTVSPost2010Prop51ColorRGB
 90
-16777216
102
RTVSPost2010PropOp51
 70
     0
102
RTVSPost2010Prop52
140
1.0
102
RTVSPost2010PropOp52
 70
     0
102
RTVSPost2010Prop53
 90
        2
102
RTVSPost2010PropOp53
 70
     1
102
RTVSPost2010Prop54
  1
strokes_ogs.tif
102
RTVSPost2010PropOp54
 70
     1
102
RTVSPost2010Prop55
280
     0
102
RTVSPost2010PropOp55
 70
     1
102
RTVSPost2010Prop56
140
1.0
102
RTVSPost2010PropOp56
 70
     1
102
RTVSPost2010Prop57
140
1.0
102
RTVSPost2010PropOp57
 70
     1
102
RTVSPropertyOp0
 70
     1
102
RTVSPropertyOp1
 70
     1
102
RTVSPropertyOp2
 70
     1
102
RTVSPropertyOp3
 70
     1
102
RTVSPropertyOp4
 70
     1
102
RTVSPropertyOp5
 70
     1
102
RTVSPropertyOp6
 70
     1
102
RTVSPropertyOp7
 70
     1
102
RTVSPropertyOp8
 70
     1
102
RTVSPropertyOp9
 70
     1
102
RTVSPropertyOp10
 70
     1
102
RTVSPropertyOp11
 70
     1
102
RTVSPropertyOp12
 70
     1
102
RTVSPropertyOp13
 70
     1
102
RTVSPropertyOp14
 70
     1
102
RTVSPropertyOp15
 70
     1
102
RTVSPropertyOp16
 70
     1
102
RTVSPropertyOp17
 70
     1
102
RTVSPropertyOp18
 70
     1
102
RTVSPropertyOp19
 70
     1
102
RTVSPropertyOp20
 70
     1
102
RTVSPropertyOp21
 70
     1
102
RTVSPropertyOp22
 70
     1
102
RTVSPropertyOp23
 70
     1
102
RTVSPropertyOp24
 70
     1
102
RTVSPropertyOp25
 70
     1
102
RTVSPropertyOp26
 70
     1
102
RTVSPropertyOp27
 70
     1
102
RTVSPropertyOp28
 70
     1
102
RTVSPropertyOp29
 70
     1
102
RTVSPropertyOp30
 70
     1
102
RTVSPropertyOp31
 70
     1
102
RTVSPropertyOp32
 70
     1
102
RTVSPropertyOp33
 70
     1
102
RTVSPropertyOp34
 70
     1
102
RTVSPropertyOp35
 70
     1
102
RTVSPropertyOp36
 70
     1
102
RTVSPropertyOp37
 70
     1
102
RTVSPropertyOp38
 70
     1
102
RTVSPropertyOp39
 70
     1
102
RTVSPropertyOp40
 70
     1
102
RTVSPropertyOp41
 70
     1
102
RTVSPropertyOp42
 70
     1
102
RTVSPropertyOp43
 70
     1
102
RTVSPropertyOp44
 70
     1
102
RTVSPropertyOp45
 70
     1
102
RTVSPropertyOp46
 70
     1
102
RTVSPropertyOp47
 70
     1
102
RTVSPropertyOp48
 70
     1
102
RTVSPropertyOp49
 70
     1
102
RTVSPropertyOp50
 70
     1
102
RTVSPropertyOp51
 70
     0
102
RTVSPropertyOp52
 70
     0
102
RTVSPropertyOp53
 70
     1
102
RTVSPropertyOp54
 70
     1
102
RTVSPropertyOp55
 70
     1
102
RTVSPropertyOp56
 70
     1
102
RTVSPropertyOp57
 70
     1
102
RTVSPropertyOp58
 70
     1
102
RTVSPropertyOp59
 70
     1
102
RTVSPropertyOp60
 70
     1
102
RTVSPropertyOp61
 70
     1
102
RTVSPropertyOp62
 70
     1
  0
XRECORD
  5
B7F
102
{ACAD_REACTORS
330
B7E
102
}
330
B7E
100
AcDbXrecord
280
     1
102
RTVSPost2010Prop28
280
     0
102
RTVSPost2010PropOp28
 70
     1
102
RTVSPost2010Prop29
280
     1
102
RTVSPost2010PropOp29
 70
     1
102
RTVSPost2010Prop30
280
     1
102
RTVSPost2010PropOp30
 70
     1
102
RTVSPost2010Prop31
280
     0
102
RTVSPost2010PropOp31
 70
     1
102
RTVSPost2010Prop32
280
     0
102
RTVSPost2010PropOp32
 70
     1
102
RTVSPost2010Prop33
280
     0
102
RTVSPost2010PropOp33
 70
     1
102
RTVSPost2010Prop34
280
     0
102
RTVSPost2010PropOp34
 70
     1
102
RTVSPost2010Prop35
280
     0
102
RTVSPost2010PropOp35
 70
     1
102
RTVSPost2010Prop36
280
     0
102
RTVSPost2010PropOp36
 70
     1
102
RTVSPost2010Prop37
 90
       50
102
RTVSPost2010PropOp37
 70
     1
102
RTVSPost2010Prop38
140
0.0
102
RTVSPost2010PropOp38
 70
     1
102
RTVSPost2010Prop39
140
1.0
102
RTVSPost2010PropOp39
 70
     1
102
RTVSPost2010Prop40
 90
        0
102
RTVSPost2010PropOp40
 70
     1
102
RTVSPost2010Prop41ColorIndex
 90
       18
102
RTVSPost2010Prop41ColorRGB
 90
        0
102
RTVSPost2010PropOp41
 70
     1
102
RTVSPost2010Prop42
 90
       50
102
RTVSPost2010PropOp42
 70
     1
102
RTVSPost2010Prop43
 90
        3
102
RTVSPost2010PropOp43
 70
     1
102
RTVSPost2010Prop44ColorIndex
 90
        5
102
RTVSPost2010Prop44ColorRGB
 90
      255
102
RTVSPost2010PropOp44
 70
     1
102
RTVSPost2010Prop45
280
     0
102
RTVSPost2010PropOp45
 70
     1
102
RTVSPost2010Prop46
 90
       50
102
RTVSPost2010PropOp46
 70
     1
102
RTVSPost2010Prop47
 90
       50
102
RTVSPost2010PropOp47
 70
     1
102
RTVSPost2010Prop48
 90
       50
102
RTVSPost2010PropOp48
 70
     1
102
RTVSPost2010Prop49
280
     0
102
RTVSPost2010PropOp49
 70
     1
102
RTVSPost2010Prop50
 90
       50
102
RTVSPost2010PropOp50
 70
     1
102
RTVSPost2010Prop51ColorIndex
 90
      256
102
RTVSPost2010Prop51ColorRGB
 90
-16777216
102
RTVSPost2010PropOp51
 70
     0
102
RTVSPost2010Prop52
140
1.0
102
RTVSPost2010PropOp52
 70
     0
102
RTVSPost2010Prop53
 90
        2
102
RTVSPost2010PropOp53
 70
     1
102
RTVSPost2010Prop54
  1
strokes_ogs.tif
102
RTVSPost2010PropOp54
 70
     1
102
RTVSPost2010Prop55
280
     0
102
RTVSPost2010PropOp55
 70
     1
102
RTVSPost2010Prop56
140
1.0
102
RTVSPost2010PropOp56
 70
     1
102
RTVSPost2010Prop57
140
1.0
102
RTVSPost2010PropOp57
 70
     1
102
RTVSPropertyOp0
 70
     1
102
RTVSPropertyOp1
 70
     1
102
RTVSPropertyOp2
 70
     1
102
RTVSPropertyOp3
 70
     1
102
RTVSPropertyOp4
 70
     1
102
RTVSPropertyOp5
 70
     1
102
RTVSPropertyOp6
 70
     1
102
RTVSPropertyOp7
 70
     1
102
RTVSPropertyOp8
 70
     1
102
RTVSPropertyOp9
 70
     1
102
RTVSPropertyOp10
 70
     1
102
RTVSPropertyOp11
 70
     1
102
RTVSPropertyOp12
 70
     1
102
RTVSPropertyOp13
 70
     1
102
RTVSPropertyOp14
 70
     1
102
RTVSPropertyOp15
 70
     1
102
RTVSPropertyOp16
 70
     1
102
RTVSPropertyOp17
 70
     1
102
RTVSPropertyOp18
 70
     1
102
RTVSPropertyOp19
 70
     1
102
RTVSPropertyOp20
 70
     1
102
RTVSPropertyOp21
 70
     1
102
RTVSPropertyOp22
 70
     1
102
RTVSPropertyOp23
 70
     1
102
RTVSPropertyOp24
 70
     1
102
RTVSPropertyOp25
 70
     1
102
RTVSPropertyOp26
 70
     1
102
RTVSPropertyOp27
 70
     1
102
RTVSPropertyOp28
 70
     1
102
RTVSPropertyOp29
 70
     1
102
RTVSPropertyOp30
 70
     1
102
RTVSPropertyOp31
 70
     1
102
RTVSPropertyOp32
 70
     1
102
RTVSPropertyOp33
 70
     1
102
RTVSPropertyOp34
 70
     1
102
RTVSPropertyOp35
 70
     1
102
RTVSPropertyOp36
 70
     1
102
RTVSPropertyOp37
 70
     1
102
RTVSPropertyOp38
 70
     1
102
RTVSPropertyOp39
 70
     1
102
RTVSPropertyOp40
 70
     1
102
RTVSPropertyOp41
 70
     1
102
RTVSPropertyOp42
 70
     1
102
RTVSPropertyOp43
 70
     1
102
RTVSPropertyOp44
 70
     1
102
RTVSPropertyOp45
 70
     1
102
RTVSPropertyOp46
 70
     1
102
RTVSPropertyOp47
 70
     1
102
RTVSPropertyOp48
 70
     1
102
RTVSPropertyOp49
 70
     1
102
RTVSPropertyOp50
 70
     1
102
RTVSPropertyOp51
 70
     0
102
RTVSPropertyOp52
 70
     0
102
RTVSPropertyOp53
 70
     1
102
RTVSPropertyOp54
 70
     1
102
RTVSPropertyOp55
 70
     1
102
RTVSPropertyOp56
 70
     1
102
RTVSPropertyOp57
 70
     1
102
RTVSPropertyOp58
 70
     1
102
RTVSPropertyOp59
 70
     1
102
RTVSPropertyOp60
 70
     1
102
RTVSPropertyOp61
 70
     1
102
RTVSPropertyOp62
 70
     1
  0
ENDSEC
  0
EOF
